     DEPTH         AC        DEN         GR
    0.1250 -4000.9841 -4000.9841 -4000.9841
    0.2500 -8001.9683 -8001.9683 -8001.9683
    0.3750 -9999.0000 -9999.0000 -9999.0000
    0.5000 -9999.0000 -9999.0000 -9999.0000
    0.6250 -9999.0000 -9999.0000 -9999.0000
    0.7500 -9999.0000 -9999.0000 -9999.0000
    0.8750 -9999.0000 -9999.0000 -9999.0000
    1.0000 -9999.0000 -9999.0000 -9999.0000
    1.1250 -9999.0000 -9999.0000 -9999.0000
    1.2500 -9999.0000 -9999.0000 -9999.0000
    1.3750 -9999.0000 -9999.0000 -9999.0000
    1.5000 -9999.0000 -9999.0000 -9999.0000
    1.6250 -9999.0000 -9999.0000 -9999.0000
    1.7500 -9999.0000 -9999.0000 -9999.0000
    1.8750 -9999.0000 -9999.0000 -9999.0000
    2.0000 -9999.0000 -9999.0000 -9999.0000
    2.1250 -9999.0000 -9999.0000 -9999.0000
    2.2500 -9999.0000 -9999.0000 -9999.0000
    2.3750 -9999.0000 -9999.0000 -9999.0000
    2.5000 -9999.0000 -9999.0000 -9999.0000
    2.6250 -9999.0000 -9999.0000 -9999.0000
    2.7500 -9999.0000 -9999.0000 -9999.0000
    2.8750 -9999.0000 -9999.0000 -9999.0000
    3.0000 -9999.0000 -9999.0000 -9999.0000
    3.1250 -9999.0000 -9999.0000 -9999.0000
    3.2500 -9999.0000 -9999.0000 -9999.0000
    3.3750 -9999.0000 -9999.0000 -9999.0000
    3.5000 -9999.0000 -9999.0000 -9999.0000
    3.6250 -9999.0000 -9999.0000 -9999.0000
    3.7500 -9999.0000 -9999.0000 -9999.0000
    3.8750 -9999.0000 -9999.0000 -9999.0000
    4.0000 -9999.0000 -9999.0000 -9999.0000
    4.1250 -9999.0000 -9999.0000 -9999.0000
    4.2500 -9999.0000 -9999.0000 -9999.0000
    4.3750 -9999.0000 -9999.0000 -9999.0000
    4.5000 -9999.0000 -9999.0000 -9999.0000
    4.6250 -9999.0000 -9999.0000 -9999.0000
    4.7500 -9999.0000 -9999.0000 -9999.0000
    4.8750 -9999.0000 -9999.0000 -9999.0000
    5.0000 -9999.0000 -9999.0000 -9999.0000
    5.1250 -9999.0000 -9999.0000 -9999.0000
    5.2500 -9999.0000 -9999.0000 -9999.0000
    5.3750 -9999.0000 -9999.0000 -9999.0000
    5.5000 -9999.0000 -9999.0000 -9999.0000
    5.6250 -9999.0000 -9999.0000 -9999.0000
    5.7500 -9999.0000 -9999.0000 -9999.0000
    5.8750 -9999.0000 -9999.0000 -9999.0000
    6.0000 -9999.0000 -9999.0000 -9999.0000
    6.1250 -9999.0000 -9999.0000 -9999.0000
    6.2500 -9999.0000 -9999.0000 -9999.0000
    6.3750 -9999.0000 -9999.0000 -9999.0000
    6.5000 -9999.0000 -9999.0000 -9999.0000
    6.6250 -9999.0000 -9999.0000 -9999.0000
    6.7500 -9999.0000 -9999.0000 -9999.0000
    6.8750 -9999.0000 -9999.0000 -9999.0000
    7.0000 -9999.0000 -9999.0000 -9999.0000
    7.1250 -9999.0000 -9999.0000 -9999.0000
    7.2500 -9999.0000 -9999.0000    73.6163
    7.3750 -9999.0000 -9999.0000    73.1811
    7.5000 -9999.0000 -9999.0000    74.0606
    7.6250 -9999.0000 -9999.0000    75.6099
    7.7500 -9999.0000 -9999.0000    76.8306
    7.8750 -9999.0000 -9999.0000    77.3262
    8.0000 -9999.0000 -9999.0000    77.4814
    8.1250 -9999.0000 -9999.0000    78.0569
    8.2500 -9999.0000 -9999.0000    78.3952
    8.3750 -9999.0000 -9999.0000    77.7405
    8.5000 -9999.0000 -9999.0000    77.7627
    8.6250 -9999.0000 -9999.0000    80.6386
    8.7500 -9999.0000 -9999.0000    84.9876
    8.8750 -9999.0000 -9999.0000    86.1072
    9.0000 -9999.0000 -9999.0000    83.1348
    9.1250 -9999.0000 -9999.0000    79.0285
    9.2500 -9999.0000 -9999.0000    77.1467
    9.3750 -9999.0000 -9999.0000    77.3705
    9.5000 -9999.0000 -9999.0000    78.0955
    9.6250 -9999.0000 -9999.0000    78.9931
    9.7500 -9999.0000 -9999.0000    80.2122
    9.8750 -9999.0000 -9999.0000    80.8833
   10.0000 -9999.0000 -9999.0000    80.6356
   10.1250 -9999.0000 -9999.0000    79.9083
   10.2500 -9999.0000 -9999.0000    79.2307
   10.3750 -9999.0000 -9999.0000    78.6632
   10.5000 -9999.0000 -9999.0000    78.4812
   10.6250 -9999.0000 -9999.0000    80.0851
   10.7500 -9999.0000 -9999.0000    82.6429
   10.8750 -9999.0000 -9999.0000    83.6719
   11.0000 -9999.0000 -9999.0000    82.6713
   11.1250 -9999.0000 -9999.0000    80.9508
   11.2500 -9999.0000 -9999.0000    80.3349
   11.3750 -9999.0000 -9999.0000    80.2702
   11.5000 -9999.0000 -9999.0000    79.3846
   11.6250 -9999.0000 -9999.0000    77.9090
   11.7500 -9999.0000 -9999.0000    77.1688
   11.8750 -9999.0000 -9999.0000    77.7404
   12.0000 -9999.0000 -9999.0000    78.6149
   12.1250 -9999.0000 -9999.0000    79.0914
   12.2500 -9999.0000 -9999.0000    79.5563
   12.3750 -9999.0000 -9999.0000    79.9714
   12.5000 -9999.0000 -9999.0000    80.1311
   12.6250 -9999.0000 -9999.0000    80.5481
   12.7500 -9999.0000 -9999.0000    81.0684
   12.8750 -9999.0000 -9999.0000    80.7060
   13.0000 -9999.0000 -9999.0000    79.5677
   13.1250 -9999.0000 -9999.0000    78.8317
   13.2500 -9999.0000 -9999.0000    78.9222
   13.3750 -9999.0000 -9999.0000    78.9924
   13.5000 -9999.0000 -9999.0000    78.6223
   13.6250 -9999.0000 -9999.0000    78.8358
   13.7500 -9999.0000 -9999.0000    79.7150
   13.8750 -9999.0000 -9999.0000    80.3299
   14.0000 -9999.0000 -9999.0000    80.2171
   14.1250 -9999.0000 -9999.0000    79.7351
   14.2500 -9999.0000 -9999.0000    79.6426
   14.3750 -9999.0000 -9999.0000    80.7528
   14.5000 -9999.0000 -9999.0000    83.1878
   14.6250 -9999.0000 -9999.0000    86.5870
   14.7500 -9999.0000 -9999.0000    89.0262
   14.8750 -9999.0000 -9999.0000    89.6123
   15.0000 -9999.0000 -9999.0000    89.1563
   15.1250 -9999.0000 -9999.0000    89.3176
   15.2500 -9999.0000 -9999.0000    90.5121
   15.3750 -9999.0000 -9999.0000    92.1749
   15.5000 -9999.0000 -9999.0000    93.7236
   15.6250 -9999.0000 -9999.0000    94.4586
   15.7500 -9999.0000 -9999.0000    92.7969
   15.8750 -9999.0000 -9999.0000    88.4263
   16.0000 -9999.0000 -9999.0000    82.7433
   16.1250 -9999.0000 -9999.0000    79.3471
   16.2500 -9999.0000 -9999.0000    80.1743
   16.3750 -9999.0000 -9999.0000    84.7994
   16.5000 -9999.0000 -9999.0000    90.2387
   16.6250 -9999.0000 -9999.0000    93.8778
   16.7500 -9999.0000 -9999.0000    94.9468
   16.8750 -9999.0000 -9999.0000    94.3742
   17.0000 -9999.0000 -9999.0000    93.3309
   17.1250 -9999.0000 -9999.0000    92.0411
   17.2500 -9999.0000 -9999.0000    90.1497
   17.3750 -9999.0000 -9999.0000    87.8998
   17.5000 -9999.0000 -9999.0000    85.8300
   17.6250 -9999.0000 -9999.0000    83.9835
   17.7500 -9999.0000 -9999.0000    82.2258
   17.8750 -9999.0000 -9999.0000    80.7679
   18.0000 -9999.0000 -9999.0000    79.6845
   18.1250 -9999.0000 -9999.0000    78.2248
   18.2500 -9999.0000 -9999.0000    76.0670
   18.3750 -9999.0000 -9999.0000    74.4997
   18.5000 -9999.0000 -9999.0000    74.7866
   18.6250 -9999.0000 -9999.0000    76.3534
   18.7500 -9999.0000 -9999.0000    77.5173
   18.8750 -9999.0000 -9999.0000    77.1948
   19.0000 -9999.0000 -9999.0000    76.1757
   19.1250 -9999.0000 -9999.0000    75.9239
   19.2500 -9999.0000 -9999.0000    77.3908
   19.3750 -9999.0000 -9999.0000    79.4308
   19.5000 -9999.0000 -9999.0000    81.0989
   19.6250 -9999.0000 -9999.0000    81.7596
   19.7500 -9999.0000 -9999.0000    81.4581
   19.8750 -9999.0000 -9999.0000    80.5086
   20.0000 -9999.0000 -9999.0000    79.4163
   20.1250 -9999.0000 -9999.0000    79.0009
   20.2500 -9999.0000 -9999.0000    79.6323
   20.3750 -9999.0000 -9999.0000    80.6839
   20.5000 -9999.0000 -9999.0000    81.3480
   20.6250 -9999.0000 -9999.0000    81.0751
   20.7500 -9999.0000 -9999.0000    80.0999
   20.8750 -9999.0000 -9999.0000    78.7461
   21.0000 -9999.0000 -9999.0000    77.5807
   21.1250 -9999.0000 -9999.0000    77.4453
   21.2500 -9999.0000 -9999.0000    78.7535
   21.3750 -9999.0000 -9999.0000    80.1559
   21.5000 -9999.0000 -9999.0000    80.1026
   21.6250 -9999.0000 -9999.0000    78.9756
   21.7500 -9999.0000 -9999.0000    78.2527
   21.8750 -9999.0000 -9999.0000    78.2095
   22.0000 -9999.0000 -9999.0000    78.1781
   22.1250 -9999.0000 -9999.0000    78.2677
   22.2500 -9999.0000 -9999.0000    79.3345
   22.3750 -9999.0000 -9999.0000    81.4399
   22.5000 -9999.0000 -9999.0000    82.9496
   22.6250 -9999.0000 -9999.0000    83.0472
   22.7500 -9999.0000 -9999.0000    82.1482
   22.8750 -9999.0000 -9999.0000    80.3531
   23.0000 -9999.0000 -9999.0000    77.4591
   23.1250 -9999.0000 -9999.0000    74.4613
   23.2500 -9999.0000 -9999.0000    73.3074
   23.3750 -9999.0000 -9999.0000    75.5510
   23.5000 -9999.0000 -9999.0000    79.5038
   23.6250 -9999.0000 -9999.0000    82.8197
   23.7500 -9999.0000 -9999.0000    84.0501
   23.8750 -9999.0000 -9999.0000    83.6752
   24.0000 -9999.0000 -9999.0000    83.1388
   24.1250 -9999.0000 -9999.0000    83.4148
   24.2500 -9999.0000 -9999.0000    83.9886
   24.3750 -9999.0000 -9999.0000    84.4190
   24.5000 -9999.0000 -9999.0000    84.9098
   24.6250 -9999.0000 -9999.0000    86.1036
   24.7500 -9999.0000 -9999.0000    87.2707
   24.8750 -9999.0000 -9999.0000    85.8349
   25.0000 -9999.0000 -9999.0000    82.3007
   25.1250 -9999.0000 -9999.0000    80.4089
   25.2500 -9999.0000 -9999.0000    81.8421
   25.3750 -9999.0000 -9999.0000    83.5467
   25.5000 -9999.0000 -9999.0000    81.7550
   25.6250 -9999.0000 -9999.0000    78.1920
   25.7500 -9999.0000 -9999.0000    74.6824
   25.8750 -9999.0000 -9999.0000    70.5683
   26.0000 -9999.0000 -9999.0000    65.7025
   26.1250 -9999.0000 -9999.0000    61.2997
   26.2500 -9999.0000 -9999.0000    58.8038
   26.3750 -9999.0000 -9999.0000    57.9942
   26.5000 -9999.0000 -9999.0000    58.1254
   26.6250 -9999.0000 -9999.0000    57.8300
   26.7500 -9999.0000 -9999.0000    56.9020
   26.8750 -9999.0000 -9999.0000    57.3722
   27.0000 -9999.0000 -9999.0000    60.1194
   27.1250 -9999.0000 -9999.0000    63.3532
   27.2500 -9999.0000 -9999.0000    64.5797
   27.3750 -9999.0000 -9999.0000    64.6892
   27.5000 -9999.0000 -9999.0000    65.7523
   27.6250 -9999.0000 -9999.0000    68.0573
   27.7500 -9999.0000 -9999.0000    70.2999
   27.8750 -9999.0000 -9999.0000    71.3406
   28.0000 -9999.0000 -9999.0000    71.3067
   28.1250 -9999.0000 -9999.0000    71.3915
   28.2500 -9999.0000 -9999.0000    72.5100
   28.3750 -9999.0000 -9999.0000    74.6064
   28.5000 -9999.0000 -9999.0000    76.3267
   28.6250 -9999.0000 -9999.0000    75.6891
   28.7500 -9999.0000 -9999.0000    72.8830
   28.8750 -9999.0000 -9999.0000    69.3075
   29.0000 -9999.0000 -9999.0000    66.8685
   29.1250 -9999.0000 -9999.0000    65.3006
   29.2500 -9999.0000 -9999.0000    64.0180
   29.3750 -9999.0000 -9999.0000    63.0846
   29.5000 -9999.0000 -9999.0000    62.6708
   29.6250 -9999.0000 -9999.0000    62.3535
   29.7500 -9999.0000 -9999.0000    61.3435
   29.8750 -9999.0000 -9999.0000    60.4862
   30.0000 -9999.0000 -9999.0000    61.6525
   30.1250 -9999.0000 -9999.0000    64.5013
   30.2500 -9999.0000 -9999.0000    67.1433
   30.3750 -9999.0000 -9999.0000    67.8055
   30.5000 -9999.0000 -9999.0000    66.4391
   30.6250 -9999.0000 -9999.0000    64.0703
   30.7500 -9999.0000 -9999.0000    62.2877
   30.8750 -9999.0000 -9999.0000    62.3420
   31.0000 -9999.0000 -9999.0000    64.2865
   31.1250 -9999.0000 -9999.0000    66.1823
   31.2500 -9999.0000 -9999.0000    66.6401
   31.3750 -9999.0000 -9999.0000    66.3150
   31.5000 -9999.0000 -9999.0000    65.2104
   31.6250 -9999.0000 -9999.0000    63.0640
   31.7500 -9999.0000 -9999.0000    60.6871
   31.8750 -9999.0000 -9999.0000    59.7907
   32.0000 -9999.0000 -9999.0000    60.5150
   32.1250 -9999.0000 -9999.0000    60.6951
   32.2500 -9999.0000 -9999.0000    59.5297
   32.3750 -9999.0000 -9999.0000    58.5773
   32.5000 -9999.0000 -9999.0000    59.0887
   32.6250 -9999.0000 -9999.0000    61.1218
   32.7500 -9999.0000 -9999.0000    63.3457
   32.8750 -9999.0000 -9999.0000    64.0575
   33.0000 -9999.0000 -9999.0000    63.4672
   33.1250 -9999.0000 -9999.0000    63.0917
   33.2500 -9999.0000 -9999.0000    63.6404
   33.3750 -9999.0000 -9999.0000    64.6932
   33.5000 -9999.0000 -9999.0000    65.6593
   33.6250 -9999.0000 -9999.0000    66.2364
   33.7500 -9999.0000 -9999.0000    66.2548
   33.8750 -9999.0000 -9999.0000    65.7134
   34.0000 -9999.0000 -9999.0000    65.4727
   34.1250 -9999.0000 -9999.0000    66.6897
   34.2500 -9999.0000 -9999.0000    69.1188
   34.3750 -9999.0000 -9999.0000    71.2516
   34.5000 -9999.0000 -9999.0000    71.6122
   34.6250 -9999.0000 -9999.0000    70.5654
   34.7500 -9999.0000 -9999.0000    69.6490
   34.8750 -9999.0000 -9999.0000    69.1416
   35.0000 -9999.0000 -9999.0000    68.5486
   35.1250 -9999.0000 -9999.0000    68.7113
   35.2500 -9999.0000 -9999.0000    70.7299
   35.3750 -9999.0000 -9999.0000    72.8001
   35.5000 -9999.0000 -9999.0000    72.8537
   35.6250 -9999.0000 -9999.0000    71.5346
   35.7500 -9999.0000 -9999.0000    71.1436
   35.8750 -9999.0000 -9999.0000    71.9254
   36.0000 -9999.0000 -9999.0000    72.1964
   36.1250 -9999.0000 -9999.0000    71.9527
   36.2500 -9999.0000 -9999.0000    72.0129
   36.3750 -9999.0000 -9999.0000    71.4537
   36.5000 -9999.0000 -9999.0000    69.0853
   36.6250 -9999.0000 -9999.0000    65.4651
   36.7500 -9999.0000 -9999.0000    62.5766
   36.8750 -9999.0000 -9999.0000    60.9304
   37.0000 -9999.0000 -9999.0000    59.8604
   37.1250 -9999.0000 -9999.0000    59.5867
   37.2500 -9999.0000 -9999.0000    60.9181
   37.3750 -9999.0000 -9999.0000    63.0049
   37.5000 -9999.0000 -9999.0000    64.3815
   37.6250 -9999.0000 -9999.0000    64.3416
   37.7500 -9999.0000 -9999.0000    63.4516
   37.8750 -9999.0000 -9999.0000    62.7499
   38.0000 -9999.0000 -9999.0000    63.2696
   38.1250 -9999.0000 -9999.0000    64.0741
   38.2500 -9999.0000 -9999.0000    63.6280
   38.3750 -9999.0000 -9999.0000    61.5407
   38.5000 -9999.0000 -9999.0000    59.9863
   38.6250 -9999.0000 -9999.0000    59.8945
   38.7500 -9999.0000 -9999.0000    60.1966
   38.8750 -9999.0000 -9999.0000    60.3003
   39.0000 -9999.0000 -9999.0000    61.2306
   39.1250 -9999.0000 -9999.0000    63.2977
   39.2500 -9999.0000 -9999.0000    64.7190
   39.3750 -9999.0000 -9999.0000    64.4668
   39.5000 -9999.0000 -9999.0000    64.1957
   39.6250 -9999.0000 -9999.0000    64.4918
   39.7500 -9999.0000 -9999.0000    64.4969
   39.8750 -9999.0000 -9999.0000    63.5291
   40.0000 -9999.0000 -9999.0000    62.4903
   40.1250 -9999.0000 -9999.0000    63.5270
   40.2500 -9999.0000 -9999.0000    66.2586
   40.3750 -9999.0000 -9999.0000    68.5037
   40.5000 -9999.0000 -9999.0000    68.4755
   40.6250 -9999.0000 -9999.0000    67.1168
   40.7500 -9999.0000 -9999.0000    66.9174
   40.8750 -9999.0000 -9999.0000    69.0183
   41.0000 -9999.0000 -9999.0000    71.1224
   41.1250 -9999.0000 -9999.0000    70.8142
   41.2500 -9999.0000 -9999.0000    69.1757
   41.3750 -9999.0000 -9999.0000    67.4359
   41.5000 -9999.0000 -9999.0000    66.9916
   41.6250 -9999.0000 -9999.0000    69.1702
   41.7500 -9999.0000 -9999.0000    73.7170
   41.8750 -9999.0000 -9999.0000    78.4553
   42.0000 -9999.0000 -9999.0000    81.4102
   42.1250 -9999.0000 -9999.0000    82.0342
   42.2500 -9999.0000 -9999.0000    79.9313
   42.3750 -9999.0000 -9999.0000    75.0472
   42.5000 -9999.0000 -9999.0000    69.8275
   42.6250 -9999.0000 -9999.0000    68.1635
   42.7500 -9999.0000 -9999.0000    69.4932
   42.8750 -9999.0000 -9999.0000    70.5149
   43.0000 -9999.0000 -9999.0000    70.2612
   43.1250 -9999.0000 -9999.0000    70.3719
   43.2500 -9999.0000 -9999.0000    71.6335
   43.3750 -9999.0000 -9999.0000    72.7584
   43.5000 -9999.0000 -9999.0000    73.5618
   43.6250 -9999.0000 -9999.0000    74.6440
   43.7500 -9999.0000 -9999.0000    75.3639
   43.8750 -9999.0000 -9999.0000    73.8152
   44.0000 -9999.0000 -9999.0000    69.5693
   44.1250 -9999.0000 -9999.0000    64.6048
   44.2500 -9999.0000 -9999.0000    61.2491
   44.3750 -9999.0000 -9999.0000    59.3463
   44.5000 -9999.0000 -9999.0000    57.6364
   44.6250 -9999.0000 -9999.0000    55.2347
   44.7500 -9999.0000 -9999.0000    53.7376
   44.8750 -9999.0000 -9999.0000    54.5894
   45.0000 -9999.0000 -9999.0000    56.5403
   45.1250 -9999.0000 -9999.0000    57.3247
   45.2500 -9999.0000 -9999.0000    57.0257
   45.3750 -9999.0000 -9999.0000    57.1503
   45.5000 -9999.0000 -9999.0000    57.6899
   45.6250 -9999.0000 -9999.0000    57.5123
   45.7500 -9999.0000 -9999.0000    56.3542
   45.8750 -9999.0000 -9999.0000    55.3551
   46.0000 -9999.0000 -9999.0000    55.7238
   46.1250 -9999.0000 -9999.0000    57.2301
   46.2500 -9999.0000 -9999.0000    58.6102
   46.3750 -9999.0000 -9999.0000    58.6706
   46.5000 -9999.0000 -9999.0000    58.3703
   46.6250 -9999.0000 -9999.0000    58.6133
   46.7500 -9999.0000 -9999.0000    58.7135
   46.8750 -9999.0000 -9999.0000    57.8706
   47.0000 -9999.0000 -9999.0000    56.1531
   47.1250 -9999.0000 -9999.0000    55.5700
   47.2500 -9999.0000 -9999.0000    57.7000
   47.3750 -9999.0000 -9999.0000    61.5538
   47.5000 -9999.0000 -9999.0000    63.6413
   47.6250 -9999.0000 -9999.0000    62.8436
   47.7500 -9999.0000 -9999.0000    60.4535
   47.8750 -9999.0000 -9999.0000    59.0541
   48.0000 -9999.0000 -9999.0000    59.0305
   48.1250 -9999.0000 -9999.0000    60.0799
   48.2500 -9999.0000 -9999.0000    61.9080
   48.3750 -9999.0000 -9999.0000    63.4274
   48.5000 -9999.0000 -9999.0000    63.1213
   48.6250 -9999.0000 -9999.0000    61.3746
   48.7500 -9999.0000 -9999.0000    59.3969
   48.8750 -9999.0000 -9999.0000    58.7748
   49.0000 -9999.0000 -9999.0000    59.3765
   49.1250 -9999.0000 -9999.0000    60.0587
   49.2500 -9999.0000 -9999.0000    60.2851
   49.3750 -9999.0000 -9999.0000    59.4811
   49.5000 -9999.0000 -9999.0000    57.0053
   49.6250 -9999.0000 -9999.0000    53.7278
   49.7500 -9999.0000 -9999.0000    50.6328
   49.8750 -9999.0000 -9999.0000    48.9830
   50.0000 -9999.0000 -9999.0000    49.5843
   50.1250 -9999.0000 -9999.0000    52.8706
   50.2500 -9999.0000 -9999.0000    57.4321
   50.3750 -9999.0000 -9999.0000    60.8712
   50.5000 -9999.0000 -9999.0000    62.1761
   50.6250 -9999.0000 -9999.0000    62.9790
   50.7500 -9999.0000 -9999.0000    64.5162
   50.8750 -9999.0000 -9999.0000    65.4524
   51.0000 -9999.0000 -9999.0000    64.7054
   51.1250 -9999.0000 -9999.0000    63.1570
   51.2500 -9999.0000 -9999.0000    63.4488
   51.3750 -9999.0000 -9999.0000    66.1582
   51.5000 -9999.0000 -9999.0000    68.8317
   51.6250 -9999.0000 -9999.0000    69.2497
   51.7500 -9999.0000 -9999.0000    69.1144
   51.8750 -9999.0000 -9999.0000    70.6480
   52.0000 -9999.0000 -9999.0000    73.4136
   52.1250 -9999.0000 -9999.0000    75.0303
   52.2500 -9999.0000 -9999.0000    74.5957
   52.3750 -9999.0000 -9999.0000    73.5369
   52.5000 -9999.0000 -9999.0000    71.7808
   52.6250 -9999.0000 -9999.0000    68.7297
   52.7500 -9999.0000 -9999.0000    65.3861
   52.8750 -9999.0000 -9999.0000    63.6073
   53.0000 -9999.0000 -9999.0000    64.5224
   53.1250 -9999.0000 -9999.0000    67.0718
   53.2500 -9999.0000 -9999.0000    70.0505
   53.3750 -9999.0000 -9999.0000    72.2112
   53.5000 -9999.0000 -9999.0000    72.9308
   53.6250 -9999.0000 -9999.0000    72.1923
   53.7500 -9999.0000 -9999.0000    70.5179
   53.8750 -9999.0000 -9999.0000    68.8597
   54.0000 -9999.0000 -9999.0000    68.1299
   54.1250 -9999.0000 -9999.0000    67.5931
   54.2500 -9999.0000 -9999.0000    66.6650
   54.3750 -9999.0000 -9999.0000    65.1357
   54.5000 -9999.0000 -9999.0000    63.4786
   54.6250 -9999.0000 -9999.0000    61.7542
   54.7500 -9999.0000 -9999.0000    61.2623
   54.8750 -9999.0000 -9999.0000    63.3635
   55.0000 -9999.0000 -9999.0000    67.0231
   55.1250 -9999.0000 -9999.0000    69.3158
   55.2500 -9999.0000 -9999.0000    69.5305
   55.3750 -9999.0000 -9999.0000    69.3880
   55.5000 -9999.0000 -9999.0000    70.5287
   55.6250 -9999.0000 -9999.0000    71.3369
   55.7500 -9999.0000 -9999.0000    70.7724
   55.8750 -9999.0000 -9999.0000    69.6251
   56.0000 -9999.0000 -9999.0000    68.7158
   56.1250 -9999.0000 -9999.0000    68.2069
   56.2500 -9999.0000 -9999.0000    66.5831
   56.3750 -9999.0000 -9999.0000    63.5209
   56.5000 -9999.0000 -9999.0000    61.2377
   56.6250 -9999.0000 -9999.0000    60.8754
   56.7500 -9999.0000 -9999.0000    61.6482
   56.8750 -9999.0000 -9999.0000    61.8582
   57.0000 -9999.0000 -9999.0000    61.8430
   57.1250 -9999.0000 -9999.0000    62.3160
   57.2500 -9999.0000 -9999.0000    62.4416
   57.3750 -9999.0000 -9999.0000    61.8580
   57.5000 -9999.0000 -9999.0000    62.0559
   57.6250 -9999.0000 -9999.0000    63.4513
   57.7500 -9999.0000 -9999.0000    63.9834
   57.8750 -9999.0000 -9999.0000    61.9775
   58.0000 -9999.0000 -9999.0000    59.2217
   58.1250 -9999.0000 -9999.0000    57.9480
   58.2500 -9999.0000 -9999.0000    59.1067
   58.3750 -9999.0000 -9999.0000    61.5040
   58.5000 -9999.0000 -9999.0000    63.7021
   58.6250 -9999.0000 -9999.0000    65.0585
   58.7500 -9999.0000 -9999.0000    65.5703
   58.8750 -9999.0000 -9999.0000    66.4861
   59.0000 -9999.0000 -9999.0000    68.6680
   59.1250 -9999.0000 -9999.0000    70.8788
   59.2500 -9999.0000 -9999.0000    70.4075
   59.3750 -9999.0000 -9999.0000    67.8290
   59.5000 -9999.0000 -9999.0000    66.0104
   59.6250 -9999.0000 -9999.0000    66.1450
   59.7500 -9999.0000 -9999.0000    67.3101
   59.8750 -9999.0000 -9999.0000    68.7687
   60.0000 -9999.0000 -9999.0000    70.0267
   60.1250 -9999.0000 -9999.0000    71.0736
   60.2500 -9999.0000 -9999.0000    72.1929
   60.3750 -9999.0000 -9999.0000    73.6994
   60.5000 -9999.0000 -9999.0000    74.5206
   60.6250 -9999.0000 -9999.0000    71.9058
   60.7500 -9999.0000 -9999.0000    66.6087
   60.8750 -9999.0000 -9999.0000    60.5279
   61.0000 -9999.0000 -9999.0000    56.2778
   61.1250 -9999.0000 -9999.0000    55.7724
   61.2500 -9999.0000 -9999.0000    59.1380
   61.3750 -9999.0000 -9999.0000    63.4697
   61.5000 -9999.0000 -9999.0000    66.9233
   61.6250 -9999.0000 -9999.0000    69.0520
   61.7500 -9999.0000 -9999.0000    69.6238
   61.8750 -9999.0000 -9999.0000    68.1987
   62.0000 -9999.0000 -9999.0000    65.9803
   62.1250 -9999.0000 -9999.0000    65.2586
   62.2500 -9999.0000 -9999.0000    66.2304
   62.3750 -9999.0000 -9999.0000    67.4765
   62.5000 -9999.0000 -9999.0000    68.4428
   62.6250 -9999.0000 -9999.0000    69.0899
   62.7500 -9999.0000 -9999.0000    69.0165
   62.8750 -9999.0000 -9999.0000    68.1842
   63.0000 -9999.0000 -9999.0000    67.3502
   63.1250 -9999.0000 -9999.0000    67.8356
   63.2500 -9999.0000 -9999.0000    68.8419
   63.3750 -9999.0000 -9999.0000    68.7299
   63.5000 -9999.0000 -9999.0000    68.2155
   63.6250 -9999.0000 -9999.0000    68.8567
   63.7500 -9999.0000 -9999.0000    72.5901
   63.8750 -9999.0000 -9999.0000    77.1222
   64.0000 -9999.0000 -9999.0000    79.5443
   64.1250 -9999.0000 -9999.0000    78.9138
   64.2500 -9999.0000 -9999.0000    76.9179
   64.3750 -9999.0000 -9999.0000    75.4890
   64.5000 -9999.0000 -9999.0000    74.9362
   64.6250 -9999.0000 -9999.0000    73.8951
   64.7500 -9999.0000 -9999.0000    71.1787
   64.8750 -9999.0000 -9999.0000    66.8125
   65.0000 -9999.0000 -9999.0000    62.5030
   65.1250 -9999.0000 -9999.0000    60.8533
   65.2500 -9999.0000 -9999.0000    61.4219
   65.3750 -9999.0000 -9999.0000    62.7691
   65.5000 -9999.0000 -9999.0000    64.3235
   65.6250 -9999.0000 -9999.0000    66.7175
   65.7500 -9999.0000 -9999.0000    69.1920
   65.8750 -9999.0000 -9999.0000    70.4985
   66.0000 -9999.0000 -9999.0000    71.3807
   66.1250 -9999.0000 -9999.0000    72.6726
   66.2500 -9999.0000 -9999.0000    73.9142
   66.3750 -9999.0000 -9999.0000    74.5539
   66.5000 -9999.0000 -9999.0000    74.4609
   66.6250 -9999.0000 -9999.0000    74.3168
   66.7500 -9999.0000 -9999.0000    74.3511
   66.8750 -9999.0000 -9999.0000    74.3584
   67.0000 -9999.0000 -9999.0000    73.8783
   67.1250 -9999.0000 -9999.0000    73.1914
   67.2500 -9999.0000 -9999.0000    73.4135
   67.3750 -9999.0000 -9999.0000    74.2791
   67.5000 -9999.0000 -9999.0000    74.5691
   67.6250 -9999.0000 -9999.0000    73.6703
   67.7500 -9999.0000 -9999.0000    72.9538
   67.8750 -9999.0000 -9999.0000    73.6011
   68.0000 -9999.0000 -9999.0000    74.6513
   68.1250 -9999.0000 -9999.0000    75.5456
   68.2500 -9999.0000 -9999.0000    75.9295
   68.3750 -9999.0000 -9999.0000    75.2063
   68.5000 -9999.0000 -9999.0000    73.4012
   68.6250 -9999.0000 -9999.0000    72.3082
   68.7500 -9999.0000 -9999.0000    73.7991
   68.8750 -9999.0000 -9999.0000    77.2816
   69.0000 -9999.0000 -9999.0000    79.0724
   69.1250 -9999.0000 -9999.0000    77.8584
   69.2500 -9999.0000 -9999.0000    74.5118
   69.3750 -9999.0000 -9999.0000    71.7242
   69.5000 -9999.0000 -9999.0000    70.8965
   69.6250 -9999.0000 -9999.0000    71.5976
   69.7500 -9999.0000 -9999.0000    71.4910
   69.8750 -9999.0000 -9999.0000    69.0372
   70.0000 -9999.0000 -9999.0000    64.9412
   70.1250 -9999.0000 -9999.0000    62.0837
   70.2500 -9999.0000 -9999.0000    60.9774
   70.3750 -9999.0000 -9999.0000    60.8519
   70.5000 -9999.0000 -9999.0000    61.4268
   70.6250 -9999.0000 -9999.0000    63.6728
   70.7500 -9999.0000 -9999.0000    67.1263
   70.8750 -9999.0000 -9999.0000    69.9128
   71.0000 -9999.0000 -9999.0000    71.7670
   71.1250 -9999.0000 -9999.0000    74.1494
   71.2500 -9999.0000 -9999.0000    77.1918
   71.3750 -9999.0000 -9999.0000    79.7142
   71.5000 -9999.0000 -9999.0000    80.4026
   71.6250 -9999.0000 -9999.0000    79.1338
   71.7500 -9999.0000 -9999.0000    75.9097
   71.8750 -9999.0000 -9999.0000    71.6045
   72.0000 -9999.0000 -9999.0000    67.1747
   72.1250 -9999.0000 -9999.0000    64.0245
   72.2500 -9999.0000 -9999.0000    62.9162
   72.3750 -9999.0000 -9999.0000    63.9951
   72.5000 -9999.0000 -9999.0000    66.7815
   72.6250 -9999.0000 -9999.0000    70.9260
   72.7500 -9999.0000 -9999.0000    75.3194
   72.8750 -9999.0000 -9999.0000    78.5502
   73.0000 -9999.0000 -9999.0000    80.5129
   73.1250 -9999.0000 -9999.0000    81.9311
   73.2500 -9999.0000 -9999.0000    82.8565
   73.3750 -9999.0000 -9999.0000    82.3438
   73.5000 -9999.0000 -9999.0000    79.4928
   73.6250 -9999.0000 -9999.0000    75.3688
   73.7500 -9999.0000 -9999.0000    71.3747
   73.8750 -9999.0000 -9999.0000    68.7051
   74.0000 -9999.0000 -9999.0000    66.7284
   74.1250 -9999.0000 -9999.0000    65.3461
   74.2500 -9999.0000 -9999.0000    65.5175
   74.3750 -9999.0000 -9999.0000    66.5822
   74.5000 -9999.0000 -9999.0000    66.2713
   74.6250 -9999.0000 -9999.0000    64.0308
   74.7500 -9999.0000 -9999.0000    62.0099
   74.8750 -9999.0000 -9999.0000    61.3275
   75.0000 -9999.0000 -9999.0000    59.7907
   75.1250 -9999.0000 -9999.0000    57.4577
   75.2500 -9999.0000 -9999.0000    56.7329
   75.3750 -9999.0000 -9999.0000    57.6504
   75.5000 -9999.0000 -9999.0000    58.9351
   75.6250 -9999.0000 -9999.0000    59.7636
   75.7500 -9999.0000 -9999.0000    61.5552
   75.8750 -9999.0000 -9999.0000    64.3905
   76.0000 -9999.0000 -9999.0000    66.3045
   76.1250 -9999.0000 -9999.0000    67.0849
   76.2500 -9999.0000 -9999.0000    67.5359
   76.3750 -9999.0000 -9999.0000    67.4360
   76.5000 -9999.0000 -9999.0000    66.1958
   76.6250 -9999.0000 -9999.0000    64.9642
   76.7500 -9999.0000 -9999.0000    65.3032
   76.8750 -9999.0000 -9999.0000    66.4452
   77.0000 -9999.0000 -9999.0000    67.5564
   77.1250 -9999.0000 -9999.0000    69.4313
   77.2500 -9999.0000 -9999.0000    72.1912
   77.3750 -9999.0000 -9999.0000    73.7591
   77.5000 -9999.0000 -9999.0000    72.7410
   77.6250 -9999.0000 -9999.0000    70.3858
   77.7500 -9999.0000 -9999.0000    68.3360
   77.8750 -9999.0000 -9999.0000    65.9604
   78.0000 -9999.0000 -9999.0000    63.2396
   78.1250 -9999.0000 -9999.0000    61.8183
   78.2500 -9999.0000 -9999.0000    63.3537
   78.3750 -9999.0000 -9999.0000    67.0240
   78.5000 -9999.0000 -9999.0000    69.5772
   78.6250 -9999.0000 -9999.0000    69.0952
   78.7500 -9999.0000 -9999.0000    67.0170
   78.8750 -9999.0000 -9999.0000    65.7304
   79.0000 -9999.0000 -9999.0000    66.6161
   79.1250 -9999.0000 -9999.0000    68.6981
   79.2500 -9999.0000 -9999.0000    70.6513
   79.3750 -9999.0000 -9999.0000    71.3832
   79.5000 -9999.0000 -9999.0000    71.0550
   79.6250 -9999.0000 -9999.0000    70.6069
   79.7500 -9999.0000 -9999.0000    71.4024
   79.8750 -9999.0000 -9999.0000    72.9825
   80.0000 -9999.0000 -9999.0000    73.8671
   80.1250 -9999.0000 -9999.0000    72.4830
   80.2500 -9999.0000 -9999.0000    69.5838
   80.3750 -9999.0000 -9999.0000    67.5741
   80.5000 -9999.0000 -9999.0000    67.5227
   80.6250 -9999.0000 -9999.0000    67.9068
   80.7500 -9999.0000 -9999.0000    66.7656
   80.8750 -9999.0000 -9999.0000    64.2840
   81.0000 -9999.0000 -9999.0000    62.3937
   81.1250 -9999.0000 -9999.0000    62.4851
   81.2500 -9999.0000 -9999.0000    63.1538
   81.3750 -9999.0000 -9999.0000    63.2980
   81.5000 -9999.0000 -9999.0000    63.0220
   81.6250 -9999.0000 -9999.0000    63.6326
   81.7500 -9999.0000 -9999.0000    65.6500
   81.8750 -9999.0000 -9999.0000    67.6856
   82.0000 -9999.0000 -9999.0000    68.8930
   82.1250 -9999.0000 -9999.0000    69.2100
   82.2500 -9999.0000 -9999.0000    68.8432
   82.3750 -9999.0000 -9999.0000    67.8994
   82.5000 -9999.0000 -9999.0000    67.6659
   82.6250 -9999.0000 -9999.0000    68.7403
   82.7500 -9999.0000 -9999.0000    70.3200
   82.8750 -9999.0000 -9999.0000    70.9947
   83.0000 -9999.0000 -9999.0000    69.9947
   83.1250 -9999.0000 -9999.0000    67.1565
   83.2500 -9999.0000 -9999.0000    63.6561
   83.3750 -9999.0000 -9999.0000    61.6099
   83.5000 -9999.0000 -9999.0000    62.5283
   83.6250 -9999.0000 -9999.0000    65.1538
   83.7500 -9999.0000 -9999.0000    66.9186
   83.8750 -9999.0000 -9999.0000    66.2535
   84.0000 -9999.0000 -9999.0000    64.5738
   84.1250 -9999.0000 -9999.0000    63.5062
   84.2500 -9999.0000 -9999.0000    63.5339
   84.3750 -9999.0000 -9999.0000    63.7754
   84.5000 -9999.0000 -9999.0000    64.2228
   84.6250 -9999.0000 -9999.0000    64.9186
   84.7500 -9999.0000 -9999.0000    64.6995
   84.8750 -9999.0000 -9999.0000    62.3191
   85.0000 -9999.0000 -9999.0000    58.6558
   85.1250 -9999.0000 -9999.0000    55.9623
   85.2500 -9999.0000 -9999.0000    54.8787
   85.3750 -9999.0000 -9999.0000    54.3537
   85.5000 -9999.0000 -9999.0000    53.7652
   85.6250 -9999.0000 -9999.0000    53.3310
   85.7500 -9999.0000 -9999.0000    54.0978
   85.8750 -9999.0000 -9999.0000    55.6578
   86.0000 -9999.0000 -9999.0000    57.0829
   86.1250 -9999.0000 -9999.0000    58.2870
   86.2500 -9999.0000 -9999.0000    58.6812
   86.3750 -9999.0000 -9999.0000    58.3144
   86.5000 -9999.0000 -9999.0000    57.3018
   86.6250 -9999.0000 -9999.0000    56.0885
   86.7500 -9999.0000 -9999.0000    55.3537
   86.8750 -9999.0000 -9999.0000    55.2879
   87.0000 -9999.0000 -9999.0000    56.0031
   87.1250 -9999.0000 -9999.0000    57.4421
   87.2500 -9999.0000 -9999.0000    59.1540
   87.3750 -9999.0000 -9999.0000    60.3608
   87.5000 -9999.0000 -9999.0000    60.1764
   87.6250 -9999.0000 -9999.0000    58.9747
   87.7500 -9999.0000 -9999.0000    58.2327
   87.8750 -9999.0000 -9999.0000    58.6559
   88.0000 -9999.0000 -9999.0000    59.6796
   88.1250 -9999.0000 -9999.0000    60.6519
   88.2500 -9999.0000 -9999.0000    61.7664
   88.3750 -9999.0000 -9999.0000    62.8173
   88.5000 -9999.0000 -9999.0000    63.3037
   88.6250 -9999.0000 -9999.0000    63.0228
   88.7500 -9999.0000 -9999.0000    62.1389
   88.8750 -9999.0000 -9999.0000    61.6976
   89.0000 -9999.0000 -9999.0000    62.7485
   89.1250 -9999.0000 -9999.0000    64.7933
   89.2500 -9999.0000 -9999.0000    66.2209
   89.3750 -9999.0000 -9999.0000    66.2870
   89.5000 -9999.0000 -9999.0000    65.4927
   89.6250 -9999.0000 -9999.0000    63.4536
   89.7500 -9999.0000 -9999.0000    59.3390
   89.8750 -9999.0000 -9999.0000    54.9914
   90.0000 -9999.0000 -9999.0000    53.0958
   90.1250 -9999.0000 -9999.0000    53.9676
   90.2500 -9999.0000 -9999.0000    54.9291
   90.3750 -9999.0000 -9999.0000    55.3311
   90.5000 -9999.0000 -9999.0000    56.6585
   90.6250 -9999.0000 -9999.0000    58.4183
   90.7500 -9999.0000 -9999.0000    59.2081
   90.8750 -9999.0000 -9999.0000    59.0478
   91.0000 -9999.0000 -9999.0000    59.3269
   91.1250 -9999.0000 -9999.0000    60.7363
   91.2500 -9999.0000 -9999.0000    62.4463
   91.3750 -9999.0000 -9999.0000    64.1634
   91.5000 -9999.0000 -9999.0000    65.6050
   91.6250 -9999.0000 -9999.0000    64.9765
   91.7500 -9999.0000 -9999.0000    61.3298
   91.8750 -9999.0000 -9999.0000    55.7446
   92.0000 -9999.0000 -9999.0000    51.3864
   92.1250 -9999.0000 -9999.0000    49.1335
   92.2500 -9999.0000 -9999.0000    47.2220
   92.3750 -9999.0000 -9999.0000    44.9597
   92.5000 -9999.0000 -9999.0000    44.0486
   92.6250 -9999.0000 -9999.0000    46.7955
   92.7500 -9999.0000 -9999.0000    52.1027
   92.8750 -9999.0000 -9999.0000    56.8450
   93.0000 -9999.0000 -9999.0000    58.8105
   93.1250 -9999.0000 -9999.0000    58.8253
   93.2500 -9999.0000 -9999.0000    57.9945
   93.3750 -9999.0000 -9999.0000    56.9801
   93.5000 -9999.0000 -9999.0000    54.9652
   93.6250 -9999.0000 -9999.0000    51.8224
   93.7500 -9999.0000 -9999.0000    49.2809
   93.8750 -9999.0000 -9999.0000    48.4998
   94.0000 -9999.0000 -9999.0000    49.6146
   94.1250 -9999.0000 -9999.0000    50.7646
   94.2500 -9999.0000 -9999.0000    50.2311
   94.3750 -9999.0000 -9999.0000    48.6430
   94.5000 -9999.0000 -9999.0000    47.7702
   94.6250 -9999.0000 -9999.0000    48.8479
   94.7500 -9999.0000 -9999.0000    51.3205
   94.8750 -9999.0000 -9999.0000    53.8215
   95.0000 -9999.0000 -9999.0000    55.6280
   95.1250 -9999.0000 -9999.0000    56.8078
   95.2500 -9999.0000 -9999.0000    57.0645
   95.3750 -9999.0000 -9999.0000    56.3734
   95.5000 -9999.0000 -9999.0000    55.4151
   95.6250 -9999.0000 -9999.0000    55.4693
   95.7500 -9999.0000 -9999.0000    56.9313
   95.8750 -9999.0000 -9999.0000    58.9950
   96.0000 -9999.0000 -9999.0000    61.0235
   96.1250 -9999.0000 -9999.0000    62.8131
   96.2500 -9999.0000 -9999.0000    64.8472
   96.3750 -9999.0000 -9999.0000    67.5286
   96.5000 -9999.0000 -9999.0000    69.3725
   96.6250 -9999.0000 -9999.0000    69.1036
   96.7500 -9999.0000 -9999.0000    67.1023
   96.8750 -9999.0000 -9999.0000    65.5389
   97.0000 -9999.0000 -9999.0000    65.0804
   97.1250 -9999.0000 -9999.0000    65.4505
   97.2500 -9999.0000 -9999.0000    65.8081
   97.3750 -9999.0000 -9999.0000    65.7274
   97.5000 -9999.0000 -9999.0000    64.9998
   97.6250 -9999.0000 -9999.0000    64.2916
   97.7500 -9999.0000 -9999.0000    64.4955
   97.8750 -9999.0000 -9999.0000    64.7781
   98.0000 -9999.0000 -9999.0000    63.9268
   98.1250 -9999.0000 -9999.0000    62.3638
   98.2500 -9999.0000 -9999.0000    61.9199
   98.3750 -9999.0000 -9999.0000    63.0926
   98.5000 -9999.0000 -9999.0000    64.7278
   98.6250 -9999.0000 -9999.0000    65.4051
   98.7500 -9999.0000 -9999.0000    65.1352
   98.8750 -9999.0000 -9999.0000    64.0228
   99.0000 -9999.0000 -9999.0000    61.6335
   99.1250 -9999.0000 -9999.0000    59.1366
   99.2500 -9999.0000 -9999.0000    59.5675
   99.3750 -9999.0000 -9999.0000    62.3518
   99.5000 -9999.0000 -9999.0000    64.4879
   99.6250 -9999.0000 -9999.0000    64.0869
   99.7500 -9999.0000 -9999.0000    62.9811
   99.8750 -9999.0000 -9999.0000    63.6820
  100.0000 -9999.0000 -9999.0000    65.0196
  100.1250 -9999.0000 -9999.0000    65.4635
  100.2500 -9999.0000 -9999.0000    65.5730
  100.3750 -9999.0000 -9999.0000    66.4993
  100.5000 -9999.0000 -9999.0000    68.3779
  100.6250 -9999.0000 -9999.0000    69.9679
  100.7500 -9999.0000 -9999.0000    70.7221
  100.8750 -9999.0000 -9999.0000    70.2229
  101.0000 -9999.0000 -9999.0000    67.1406
  101.1250 -9999.0000 -9999.0000    61.7600
  101.2500 -9999.0000 -9999.0000    56.5312
  101.3750 -9999.0000 -9999.0000    54.1759
  101.5000 -9999.0000 -9999.0000    54.4644
  101.6250 -9999.0000 -9999.0000    55.0329
  101.7500 -9999.0000 -9999.0000    54.5474
  101.8750 -9999.0000 -9999.0000    53.9471
  102.0000 -9999.0000 -9999.0000    55.2564
  102.1250 -9999.0000 -9999.0000    57.6654
  102.2500 -9999.0000 -9999.0000    59.0439
  102.3750 -9999.0000 -9999.0000    58.1931
  102.5000 -9999.0000 -9999.0000    56.4221
  102.6250 -9999.0000 -9999.0000    56.3986
  102.7500 -9999.0000 -9999.0000    59.4735
  102.8750 -9999.0000 -9999.0000    63.5002
  103.0000 -9999.0000 -9999.0000    65.2791
  103.1250 -9999.0000 -9999.0000    63.6104
  103.2500 -9999.0000 -9999.0000    60.4013
  103.3750 -9999.0000 -9999.0000    58.4587
  103.5000 -9999.0000 -9999.0000    57.6051
  103.6250 -9999.0000 -9999.0000    57.8648
  103.7500 -9999.0000 -9999.0000    59.9940
  103.8750 -9999.0000 -9999.0000    63.1091
  104.0000 -9999.0000 -9999.0000    65.6884
  104.1250 -9999.0000 -9999.0000    66.2552
  104.2500 -9999.0000 -9999.0000    65.6224
  104.3750 -9999.0000 -9999.0000    64.4361
  104.5000 -9999.0000 -9999.0000    62.3065
  104.6250 -9999.0000 -9999.0000    60.1019
  104.7500 -9999.0000 -9999.0000    59.5363
  104.8750 -9999.0000 -9999.0000    61.2623
  105.0000 -9999.0000 -9999.0000    63.2802
  105.1250 -9999.0000 -9999.0000    62.5867
  105.2500 -9999.0000 -9999.0000    60.6197
  105.3750 -9999.0000 -9999.0000    59.7875
  105.5000 -9999.0000 -9999.0000    60.1634
  105.6250 -9999.0000 -9999.0000    60.0387
  105.7500 -9999.0000 -9999.0000    59.6096
  105.8750 -9999.0000 -9999.0000    61.2095
  106.0000 -9999.0000 -9999.0000    64.3164
  106.1250 -9999.0000 -9999.0000    65.8518
  106.2500 -9999.0000 -9999.0000    65.3792
  106.3750 -9999.0000 -9999.0000    64.3168
  106.5000 -9999.0000 -9999.0000    63.4053
  106.6250 -9999.0000 -9999.0000    62.7454
  106.7500 -9999.0000 -9999.0000    62.8060
  106.8750 -9999.0000 -9999.0000    64.5628
  107.0000 -9999.0000 -9999.0000    67.1852
  107.1250 -9999.0000 -9999.0000    69.0635
  107.2500 -9999.0000 -9999.0000    70.1137
  107.3750 -9999.0000 -9999.0000    71.0650
  107.5000 -9999.0000 -9999.0000    71.8589
  107.6250 -9999.0000 -9999.0000    71.3465
  107.7500 -9999.0000 -9999.0000    68.8396
  107.8750 -9999.0000 -9999.0000    65.4862
  108.0000 -9999.0000 -9999.0000    63.1269
  108.1250 -9999.0000 -9999.0000    62.4522
  108.2500 -9999.0000 -9999.0000    63.1718
  108.3750 -9999.0000 -9999.0000    64.7522
  108.5000 -9999.0000 -9999.0000    66.7389
  108.6250 -9999.0000 -9999.0000    68.2513
  108.7500 -9999.0000 -9999.0000    69.4428
  108.8750 -9999.0000 -9999.0000    70.0570
  109.0000 -9999.0000 -9999.0000    68.2305
  109.1250 -9999.0000 -9999.0000    64.2258
  109.2500 -9999.0000 -9999.0000    60.6863
  109.3750 -9999.0000 -9999.0000    59.9948
  109.5000 -9999.0000 -9999.0000    61.1187
  109.6250 -9999.0000 -9999.0000    61.9373
  109.7500 -9999.0000 -9999.0000    62.7425
  109.8750 -9999.0000 -9999.0000    63.5769
  110.0000 -9999.0000 -9999.0000    63.3220
  110.1250 -9999.0000 -9999.0000    62.5509
  110.2500 -9999.0000 -9999.0000    62.0433
  110.3750 -9999.0000 -9999.0000    62.0223
  110.5000 -9999.0000 -9999.0000    62.1706
  110.6250 -9999.0000 -9999.0000    62.0915
  110.7500 -9999.0000 -9999.0000    61.7910
  110.8750 -9999.0000 -9999.0000    62.0022
  111.0000 -9999.0000 -9999.0000    64.1847
  111.1250 -9999.0000 -9999.0000    67.8360
  111.2500 -9999.0000 -9999.0000    71.4432
  111.3750 -9999.0000 -9999.0000    73.7760
  111.5000 -9999.0000 -9999.0000    74.9231
  111.6250 -9999.0000 -9999.0000    74.4457
  111.7500 -9999.0000 -9999.0000    73.3028
  111.8750 -9999.0000 -9999.0000    74.1304
  112.0000 -9999.0000 -9999.0000    77.3798
  112.1250 -9999.0000 -9999.0000    80.3395
  112.2500 -9999.0000 -9999.0000    81.1763
  112.3750 -9999.0000 -9999.0000    80.2765
  112.5000 -9999.0000 -9999.0000    78.7152
  112.6250 -9999.0000 -9999.0000    76.3552
  112.7500 -9999.0000 -9999.0000    72.8050
  112.8750 -9999.0000 -9999.0000    68.6429
  113.0000 -9999.0000 -9999.0000    65.5398
  113.1250 -9999.0000 -9999.0000    65.9763
  113.2500 -9999.0000 -9999.0000    69.0275
  113.3750 -9999.0000 -9999.0000    72.6119
  113.5000 -9999.0000 -9999.0000    74.1936
  113.6250 -9999.0000 -9999.0000    73.1049
  113.7500 -9999.0000 -9999.0000    68.5987
  113.8750 -9999.0000 -9999.0000    61.9405
  114.0000 -9999.0000 -9999.0000    56.9361
  114.1250 -9999.0000 -9999.0000    56.5904
  114.2500 -9999.0000 -9999.0000    59.0373
  114.3750 -9999.0000 -9999.0000    61.9756
  114.5000 -9999.0000 -9999.0000    64.3618
  114.6250 -9999.0000 -9999.0000    66.4260
  114.7500 -9999.0000 -9999.0000    67.2847
  114.8750 -9999.0000 -9999.0000    66.8739
  115.0000 -9999.0000 -9999.0000    67.6201
  115.1250 -9999.0000 -9999.0000    71.0518
  115.2500 -9999.0000 -9999.0000    74.8436
  115.3750 -9999.0000 -9999.0000    75.5261
  115.5000 -9999.0000 -9999.0000    72.0255
  115.6250 -9999.0000 -9999.0000    68.3741
  115.7500 -9999.0000 -9999.0000    66.8405
  115.8750 -9999.0000 -9999.0000    66.8235
  116.0000 -9999.0000 -9999.0000    66.6858
  116.1250 -9999.0000 -9999.0000    66.2689
  116.2500 -9999.0000 -9999.0000    65.7583
  116.3750 -9999.0000 -9999.0000    64.1395
  116.5000 -9999.0000 -9999.0000    60.6606
  116.6250 -9999.0000 -9999.0000    57.3839
  116.7500 -9999.0000 -9999.0000    56.2637
  116.8750 -9999.0000 -9999.0000    57.6414
  117.0000 -9999.0000 -9999.0000    60.2669
  117.1250 -9999.0000 -9999.0000    62.6707
  117.2500 -9999.0000 -9999.0000    63.5933
  117.3750 -9999.0000 -9999.0000    62.9663
  117.5000 -9999.0000 -9999.0000    61.9034
  117.6250 -9999.0000 -9999.0000    63.2320
  117.7500 -9999.0000 -9999.0000    66.8950
  117.8750 -9999.0000 -9999.0000    71.3851
  118.0000 -9999.0000 -9999.0000    74.6163
  118.1250 -9999.0000 -9999.0000    75.1968
  118.2500 -9999.0000 -9999.0000    72.5486
  118.3750 -9999.0000 -9999.0000    68.2215
  118.5000 -9999.0000 -9999.0000    64.1754
  118.6250 -9999.0000 -9999.0000    61.8023
  118.7500 -9999.0000 -9999.0000    61.0363
  118.8750 -9999.0000 -9999.0000    60.8958
  119.0000 -9999.0000 -9999.0000    60.5489
  119.1250 -9999.0000 -9999.0000    60.1526
  119.2500 -9999.0000 -9999.0000    60.1272
  119.3750 -9999.0000 -9999.0000    60.9688
  119.5000 -9999.0000 -9999.0000    62.7785
  119.6250 -9999.0000 -9999.0000    65.6081
  119.7500 -9999.0000 -9999.0000    68.3193
  119.8750 -9999.0000 -9999.0000    69.4362
  120.0000 -9999.0000 -9999.0000    69.6946
  120.1250 -9999.0000 -9999.0000    69.8724
  120.2500 -9999.0000 -9999.0000    68.9574
  120.3750 -9999.0000 -9999.0000    66.1786
  120.5000 -9999.0000 -9999.0000    62.9606
  120.6250 -9999.0000 -9999.0000    60.7062
  120.7500 -9999.0000 -9999.0000    60.0608
  120.8750 -9999.0000 -9999.0000    60.6809
  121.0000 -9999.0000 -9999.0000    61.9918
  121.1250 -9999.0000 -9999.0000    62.3870
  121.2500 -9999.0000 -9999.0000    62.3326
  121.3750 -9999.0000 -9999.0000    64.2221
  121.5000 -9999.0000 -9999.0000    68.5441
  121.6250 -9999.0000 -9999.0000    72.3167
  121.7500 -9999.0000 -9999.0000    71.6129
  121.8750 -9999.0000 -9999.0000    66.6158
  122.0000 -9999.0000 -9999.0000    61.6097
  122.1250 -9999.0000 -9999.0000    62.0240
  122.2500 -9999.0000 -9999.0000    66.9854
  122.3750 -9999.0000 -9999.0000    71.7512
  122.5000 -9999.0000 -9999.0000    71.3785
  122.6250 -9999.0000 -9999.0000    67.7548
  122.7500 -9999.0000 -9999.0000    64.2355
  122.8750 -9999.0000 -9999.0000    63.2096
  123.0000 -9999.0000 -9999.0000    64.2344
  123.1250 -9999.0000 -9999.0000    65.7599
  123.2500 -9999.0000 -9999.0000    65.8016
  123.3750 -9999.0000 -9999.0000    65.1120
  123.5000 -9999.0000 -9999.0000    65.8558
  123.6250 -9999.0000 -9999.0000    68.8605
  123.7500 -9999.0000 -9999.0000    71.7488
  123.8750 -9999.0000 -9999.0000    70.6541
  124.0000 -9999.0000 -9999.0000    66.2496
  124.1250 -9999.0000 -9999.0000    62.3333
  124.2500 -9999.0000 -9999.0000    63.3018
  124.3750 -9999.0000 -9999.0000    67.5638
  124.5000 -9999.0000 -9999.0000    70.7116
  124.6250 -9999.0000 -9999.0000    69.5717
  124.7500 -9999.0000 -9999.0000    66.0807
  124.8750 -9999.0000 -9999.0000    62.8378
  125.0000 -9999.0000 -9999.0000    60.9585
  125.1250 -9999.0000 -9999.0000    60.6584
  125.2500 -9999.0000 -9999.0000    61.8798
  125.3750 -9999.0000 -9999.0000    63.1108
  125.5000 -9999.0000 -9999.0000    63.1577
  125.6250 -9999.0000 -9999.0000    62.8906
  125.7500 -9999.0000 -9999.0000    63.9898
  125.8750 -9999.0000 -9999.0000    66.5226
  126.0000 -9999.0000 -9999.0000    68.7758
  126.1250 -9999.0000 -9999.0000    69.7206
  126.2500 -9999.0000 -9999.0000    69.3182
  126.3750 -9999.0000 -9999.0000    67.6913
  126.5000 -9999.0000 -9999.0000    65.2779
  126.6250 -9999.0000 -9999.0000    63.7171
  126.7500 -9999.0000 -9999.0000    63.9783
  126.8750 -9999.0000 -9999.0000    65.9608
  127.0000 -9999.0000 -9999.0000    67.8220
  127.1250 -9999.0000 -9999.0000    67.5045
  127.2500 -9999.0000 -9999.0000    65.0335
  127.3750 -9999.0000 -9999.0000    61.3650
  127.5000 -9999.0000 -9999.0000    57.8186
  127.6250 -9999.0000 -9999.0000    54.8056
  127.7500 -9999.0000 -9999.0000    52.2442
  127.8750 -9999.0000 -9999.0000    50.3600
  128.0000 -9999.0000 -9999.0000    49.0908
  128.1250 -9999.0000 -9999.0000    48.8344
  128.2500 -9999.0000 -9999.0000    49.9441
  128.3750 -9999.0000 -9999.0000    52.4224
  128.5000 -9999.0000 -9999.0000    55.4758
  128.6250 -9999.0000 -9999.0000    58.6510
  128.7500 -9999.0000 -9999.0000    61.7775
  128.8750 -9999.0000 -9999.0000    64.4848
  129.0000 -9999.0000 -9999.0000    66.1633
  129.1250 -9999.0000 -9999.0000    65.9062
  129.2500 -9999.0000 -9999.0000    63.6523
  129.3750 -9999.0000 -9999.0000    60.9515
  129.5000 -9999.0000 -9999.0000    60.2508
  129.6250 -9999.0000 -9999.0000    60.4493
  129.7500 -9999.0000 -9999.0000    58.4953
  129.8750 -9999.0000 -9999.0000    54.3881
  130.0000 -9999.0000 -9999.0000    51.2718
  130.1250 -9999.0000 -9999.0000    52.1136
  130.2500 -9999.0000 -9999.0000    54.2870
  130.3750 -9999.0000 -9999.0000    54.7490
  130.5000 -9999.0000 -9999.0000    52.7800
  130.6250 -9999.0000 -9999.0000    51.0972
  130.7500 -9999.0000 -9999.0000    52.0236
  130.8750 -9999.0000 -9999.0000    54.4551
  131.0000 -9999.0000 -9999.0000    56.0939
  131.1250 -9999.0000 -9999.0000    56.6118
  131.2500 -9999.0000 -9999.0000    57.6375
  131.3750 -9999.0000 -9999.0000    59.7198
  131.5000 -9999.0000 -9999.0000    61.7613
  131.6250 -9999.0000 -9999.0000    62.3629
  131.7500 -9999.0000 -9999.0000    61.5222
  131.8750 -9999.0000 -9999.0000    59.6553
  132.0000 -9999.0000 -9999.0000    56.8861
  132.1250 -9999.0000 -9999.0000    53.3424
  132.2500 -9999.0000 -9999.0000    50.4300
  132.3750 -9999.0000 -9999.0000    49.2894
  132.5000 -9999.0000 -9999.0000    49.6027
  132.6250 -9999.0000 -9999.0000    49.6172
  132.7500 -9999.0000 -9999.0000    49.1907
  132.8750 -9999.0000 -9999.0000    49.7455
  133.0000 -9999.0000 -9999.0000    51.8998
  133.1250 -9999.0000 -9999.0000    55.0963
  133.2500 -9999.0000 -9999.0000    57.4838
  133.3750 -9999.0000 -9999.0000    57.9796
  133.5000 -9999.0000 -9999.0000    57.1176
  133.6250 -9999.0000 -9999.0000    55.6530
  133.7500 -9999.0000 -9999.0000    53.9877
  133.8750 -9999.0000 -9999.0000    52.8515
  134.0000 -9999.0000 -9999.0000    53.1024
  134.1250 -9999.0000 -9999.0000    54.5316
  134.2500 -9999.0000 -9999.0000    55.9969
  134.3750 -9999.0000 -9999.0000    56.7552
  134.5000 -9999.0000 -9999.0000    56.7453
  134.6250 -9999.0000 -9999.0000    55.8110
  134.7500 -9999.0000 -9999.0000    54.9862
  134.8750 -9999.0000 -9999.0000    55.7269
  135.0000 -9999.0000 -9999.0000    57.9324
  135.1250 -9999.0000 -9999.0000    59.1378
  135.2500 -9999.0000 -9999.0000    58.2595
  135.3750 -9999.0000 -9999.0000    56.6446
  135.5000 -9999.0000 -9999.0000    56.1303
  135.6250 -9999.0000 -9999.0000    56.6648
  135.7500 -9999.0000 -9999.0000    56.9025
  135.8750 -9999.0000 -9999.0000    56.9219
  136.0000 -9999.0000 -9999.0000    57.5119
  136.1250 -9999.0000 -9999.0000    58.3376
  136.2500 -9999.0000 -9999.0000    58.6581
  136.3750 -9999.0000 -9999.0000    58.1765
  136.5000 -9999.0000 -9999.0000    56.9089
  136.6250 -9999.0000 -9999.0000    54.8693
  136.7500 -9999.0000 -9999.0000    53.2740
  136.8750 -9999.0000 -9999.0000    53.5062
  137.0000 -9999.0000 -9999.0000    54.8662
  137.1250 -9999.0000 -9999.0000    55.2046
  137.2500 -9999.0000 -9999.0000    54.6054
  137.3750 -9999.0000 -9999.0000    53.9278
  137.5000 -9999.0000 -9999.0000    52.2745
  137.6250 -9999.0000 -9999.0000    48.9758
  137.7500 -9999.0000 -9999.0000    46.3253
  137.8750 -9999.0000 -9999.0000    47.4184
  138.0000 -9999.0000 -9999.0000    52.1570
  138.1250 -9999.0000 -9999.0000    57.6398
  138.2500 -9999.0000 -9999.0000    60.9639
  138.3750 -9999.0000 -9999.0000    61.5347
  138.5000 -9999.0000 -9999.0000    59.9184
  138.6250 -9999.0000 -9999.0000    58.2358
  138.7500 -9999.0000 -9999.0000    57.5061
  138.8750 -9999.0000 -9999.0000    56.9510
  139.0000 -9999.0000 -9999.0000    55.8726
  139.1250 -9999.0000 -9999.0000    54.3153
  139.2500 -9999.0000 -9999.0000    52.8343
  139.3750 -9999.0000 -9999.0000    52.1783
  139.5000 -9999.0000 -9999.0000    53.6739
  139.6250 -9999.0000 -9999.0000    57.4776
  139.7500 -9999.0000 -9999.0000    61.4336
  139.8750 -9999.0000 -9999.0000    62.6323
  140.0000 -9999.0000 -9999.0000    62.0868
  140.1250 -9999.0000 -9999.0000    61.5864
  140.2500 -9999.0000 -9999.0000    61.3177
  140.3750 -9999.0000 -9999.0000    60.6860
  140.5000 -9999.0000 -9999.0000    60.4508
  140.6250 -9999.0000 -9999.0000    61.3952
  140.7500 -9999.0000 -9999.0000    61.8783
  140.8750 -9999.0000 -9999.0000    60.0461
  141.0000 -9999.0000 -9999.0000    57.2567
  141.1250 -9999.0000 -9999.0000    55.8039
  141.2500 -9999.0000 -9999.0000    56.8648
  141.3750 -9999.0000 -9999.0000    58.3864
  141.5000 -9999.0000 -9999.0000    58.9813
  141.6250 -9999.0000 -9999.0000    58.6578
  141.7500 -9999.0000 -9999.0000    57.7604
  141.8750 -9999.0000 -9999.0000    57.0120
  142.0000 -9999.0000 -9999.0000    57.6993
  142.1250 -9999.0000 -9999.0000    59.5446
  142.2500 -9999.0000 -9999.0000    61.0900
  142.3750 -9999.0000 -9999.0000    60.7787
  142.5000 -9999.0000 -9999.0000    59.2022
  142.6250 -9999.0000 -9999.0000    58.9121
  142.7500 -9999.0000 -9999.0000    59.9251
  142.8750 -9999.0000 -9999.0000    60.3189
  143.0000 -9999.0000 -9999.0000    58.5643
  143.1250 -9999.0000 -9999.0000    55.8231
  143.2500 -9999.0000 -9999.0000    54.2770
  143.3750 -9999.0000 -9999.0000    55.2910
  143.5000 -9999.0000 -9999.0000    57.1887
  143.6250 -9999.0000 -9999.0000    58.0752
  143.7500 -9999.0000 -9999.0000    56.8203
  143.8750 -9999.0000 -9999.0000    54.1952
  144.0000 -9999.0000 -9999.0000    51.5355
  144.1250 -9999.0000 -9999.0000    50.1475
  144.2500 -9999.0000 -9999.0000    50.6892
  144.3750 -9999.0000 -9999.0000    53.1656
  144.5000 -9999.0000 -9999.0000    55.7283
  144.6250 -9999.0000 -9999.0000    56.8605
  144.7500 -9999.0000 -9999.0000    57.0777
  144.8750 -9999.0000 -9999.0000    58.6671
  145.0000 -9999.0000 -9999.0000    61.9307
  145.1250 -9999.0000 -9999.0000    63.9021
  145.2500 -9999.0000 -9999.0000    62.5771
  145.3750 -9999.0000 -9999.0000    59.7805
  145.5000 -9999.0000 -9999.0000    59.7239
  145.6250 -9999.0000 -9999.0000    62.6618
  145.7500 -9999.0000 -9999.0000    65.2415
  145.8750 -9999.0000 -9999.0000    64.0970
  146.0000 -9999.0000 -9999.0000    60.2346
  146.1250 -9999.0000 -9999.0000    57.5482
  146.2500 -9999.0000 -9999.0000    57.6159
  146.3750 -9999.0000 -9999.0000    59.6478
  146.5000 -9999.0000 -9999.0000    60.8733
  146.6250 -9999.0000 -9999.0000    60.3028
  146.7500 -9999.0000 -9999.0000    59.5970
  146.8750 -9999.0000 -9999.0000    59.9352
  147.0000 -9999.0000 -9999.0000    59.6021
  147.1250 -9999.0000 -9999.0000    56.8931
  147.2500 -9999.0000 -9999.0000    53.5371
  147.3750 -9999.0000 -9999.0000    52.7096
  147.5000 -9999.0000 -9999.0000    55.3740
  147.6250 -9999.0000 -9999.0000    58.8749
  147.7500 -9999.0000 -9999.0000    61.9266
  147.8750 -9999.0000 -9999.0000    63.3915
  148.0000 -9999.0000 -9999.0000    62.7325
  148.1250 -9999.0000 -9999.0000    60.3090
  148.2500 -9999.0000 -9999.0000    56.9997
  148.3750 -9999.0000 -9999.0000    53.9102
  148.5000 -9999.0000 -9999.0000    52.0548
  148.6250 -9999.0000 -9999.0000    52.1638
  148.7500 -9999.0000 -9999.0000    53.5899
  148.8750 -9999.0000 -9999.0000    54.4827
  149.0000 -9999.0000 -9999.0000    54.5894
  149.1250 -9999.0000 -9999.0000    55.0106
  149.2500 -9999.0000 -9999.0000    56.3038
  149.3750 -9999.0000 -9999.0000    57.9862
  149.5000 -9999.0000 -9999.0000    59.9928
  149.6250 -9999.0000 -9999.0000    62.2982
  149.7500 -9999.0000 -9999.0000    63.8729
  149.8750 -9999.0000 -9999.0000    63.4790
  150.0000 -9999.0000 -9999.0000    60.7961
  150.1250 -9999.0000 -9999.0000    56.8279
  150.2500 -9999.0000 -9999.0000    53.1985
  150.3750 -9999.0000 -9999.0000    52.4172
  150.5000 -9999.0000 -9999.0000    54.6319
  150.6250 -9999.0000 -9999.0000    57.1759
  150.7500 -9999.0000 -9999.0000    57.7731
  150.8750 -9999.0000 -9999.0000    58.0263
  151.0000 -9999.0000 -9999.0000    60.2839
  151.1250 -9999.0000 -9999.0000    62.9327
  151.2500 -9999.0000 -9999.0000    64.0064
  151.3750 -9999.0000 -9999.0000    63.7675
  151.5000 -9999.0000 -9999.0000    63.3923
  151.6250 -9999.0000 -9999.0000    62.6918
  151.7500 -9999.0000 -9999.0000    61.7294
  151.8750 -9999.0000 -9999.0000    61.5418
  152.0000 -9999.0000 -9999.0000    62.5610
  152.1250 -9999.0000 -9999.0000    63.5510
  152.2500 -9999.0000 -9999.0000    63.6783
  152.3750 -9999.0000 -9999.0000    63.6549
  152.5000 -9999.0000 -9999.0000    64.3386
  152.6250 -9999.0000 -9999.0000    65.1078
  152.7500 -9999.0000 -9999.0000    65.0765
  152.8750 -9999.0000 -9999.0000    64.4143
  153.0000 -9999.0000 -9999.0000    63.4122
  153.1250 -9999.0000 -9999.0000    61.7496
  153.2500 -9999.0000 -9999.0000    59.2116
  153.3750 -9999.0000 -9999.0000    56.1807
  153.5000 -9999.0000 -9999.0000    53.4999
  153.6250 -9999.0000 -9999.0000    51.6622
  153.7500 -9999.0000 -9999.0000    51.3610
  153.8750 -9999.0000 -9999.0000    52.1874
  154.0000 -9999.0000 -9999.0000    53.2324
  154.1250 -9999.0000 -9999.0000    52.7646
  154.2500 -9999.0000 -9999.0000    50.5496
  154.3750 -9999.0000 -9999.0000    47.8593
  154.5000 -9999.0000 -9999.0000    47.3365
  154.6250 -9999.0000 -9999.0000    49.7307
  154.7500 -9999.0000 -9999.0000    53.6098
  154.8750 -9999.0000 -9999.0000    56.3257
  155.0000 -9999.0000 -9999.0000    57.7264
  155.1250 -9999.0000 -9999.0000    58.4728
  155.2500 -9999.0000 -9999.0000    58.6803
  155.3750 -9999.0000 -9999.0000    58.2768
  155.5000 -9999.0000 -9999.0000    57.5608
  155.6250 -9999.0000 -9999.0000    57.1071
  155.7500 -9999.0000 -9999.0000    56.5045
  155.8750 -9999.0000 -9999.0000    54.3363
  156.0000 -9999.0000 -9999.0000    51.0631
  156.1250 -9999.0000 -9999.0000    48.6265
  156.2500 -9999.0000 -9999.0000    49.4048
  156.3750 -9999.0000 -9999.0000    52.9246
  156.5000 -9999.0000 -9999.0000    56.0694
  156.6250 -9999.0000 -9999.0000    55.0187
  156.7500 -9999.0000 -9999.0000    51.4008
  156.8750 -9999.0000 -9999.0000    49.8510
  157.0000 -9999.0000 -9999.0000    51.7020
  157.1250 -9999.0000 -9999.0000    54.3615
  157.2500 -9999.0000 -9999.0000    55.0661
  157.3750 -9999.0000 -9999.0000    54.3703
  157.5000 -9999.0000 -9999.0000    53.0167
  157.6250 -9999.0000 -9999.0000    51.0983
  157.7500 -9999.0000 -9999.0000    49.8904
  157.8750 -9999.0000 -9999.0000    51.0441
  158.0000 -9999.0000 -9999.0000    54.7310
  158.1250 -9999.0000 -9999.0000    59.1429
  158.2500 -9999.0000 -9999.0000    61.2718
  158.3750 -9999.0000 -9999.0000    60.2779
  158.5000 -9999.0000 -9999.0000    59.1638
  158.6250 -9999.0000 -9999.0000    61.6320
  158.7500 -9999.0000 -9999.0000    65.9172
  158.8750 -9999.0000 -9999.0000    68.5075
  159.0000 -9999.0000 -9999.0000    67.5729
  159.1250 -9999.0000 -9999.0000    65.4015
  159.2500 -9999.0000 -9999.0000    63.3306
  159.3750 -9999.0000 -9999.0000    62.2570
  159.5000 -9999.0000 -9999.0000    62.8805
  159.6250 -9999.0000 -9999.0000    64.8787
  159.7500 -9999.0000 -9999.0000    65.4231
  159.8750 -9999.0000 -9999.0000    62.9925
  160.0000 -9999.0000 -9999.0000    59.0784
  160.1250 -9999.0000 -9999.0000    56.3992
  160.2500 -9999.0000 -9999.0000    55.7567
  160.3750 -9999.0000 -9999.0000    56.0316
  160.5000 -9999.0000 -9999.0000    56.0085
  160.6250 -9999.0000 -9999.0000    56.2165
  160.7500 -9999.0000 -9999.0000    57.2099
  160.8750 -9999.0000 -9999.0000    58.6981
  161.0000 -9999.0000 -9999.0000    60.3087
  161.1250 -9999.0000 -9999.0000    61.4153
  161.2500 -9999.0000 -9999.0000    61.7124
  161.3750 -9999.0000 -9999.0000    60.7596
  161.5000 -9999.0000 -9999.0000    59.1611
  161.6250 -9999.0000 -9999.0000    58.4918
  161.7500 -9999.0000 -9999.0000    59.7446
  161.8750 -9999.0000 -9999.0000    61.4741
  162.0000 -9999.0000 -9999.0000    61.6568
  162.1250 -9999.0000 -9999.0000    59.6394
  162.2500 -9999.0000 -9999.0000    58.0605
  162.3750 -9999.0000 -9999.0000    59.1628
  162.5000 -9999.0000 -9999.0000    61.6212
  162.6250 -9999.0000 -9999.0000    62.1754
  162.7500 -9999.0000 -9999.0000    59.4846
  162.8750 -9999.0000 -9999.0000    55.7140
  163.0000 -9999.0000 -9999.0000    53.1321
  163.1250 -9999.0000 -9999.0000    52.4625
  163.2500 -9999.0000 -9999.0000    53.4234
  163.3750 -9999.0000 -9999.0000    55.5794
  163.5000 -9999.0000 -9999.0000    58.1930
  163.6250 -9999.0000 -9999.0000    60.5973
  163.7500 -9999.0000 -9999.0000    62.2005
  163.8750 -9999.0000 -9999.0000    62.9365
  164.0000 -9999.0000 -9999.0000    62.5346
  164.1250 -9999.0000 -9999.0000    60.7319
  164.2500 -9999.0000 -9999.0000    57.9624
  164.3750 -9999.0000 -9999.0000    55.1332
  164.5000 -9999.0000 -9999.0000    53.0103
  164.6250 -9999.0000 -9999.0000    51.7544
  164.7500 -9999.0000 -9999.0000    51.1129
  164.8750 -9999.0000 -9999.0000    51.4026
  165.0000 -9999.0000 -9999.0000    52.4874
  165.1250 -9999.0000 -9999.0000    54.0035
  165.2500 -9999.0000 -9999.0000    55.7048
  165.3750 -9999.0000 -9999.0000    57.2810
  165.5000 -9999.0000 -9999.0000    58.6584
  165.6250 -9999.0000 -9999.0000    59.8698
  165.7500 -9999.0000 -9999.0000    60.6267
  165.8750 -9999.0000 -9999.0000    59.8871
  166.0000 -9999.0000 -9999.0000    56.9739
  166.1250 -9999.0000 -9999.0000    53.7025
  166.2500 -9999.0000 -9999.0000    53.0946
  166.3750 -9999.0000 -9999.0000    55.1760
  166.5000 -9999.0000 -9999.0000    57.7873
  166.6250 -9999.0000 -9999.0000    59.5359
  166.7500 -9999.0000 -9999.0000    60.1535
  166.8750 -9999.0000 -9999.0000    59.7761
  167.0000 -9999.0000 -9999.0000    58.9598
  167.1250 -9999.0000 -9999.0000    58.1794
  167.2500 -9999.0000 -9999.0000    57.3400
  167.3750 -9999.0000 -9999.0000    56.4984
  167.5000 -9999.0000 -9999.0000    55.5831
  167.6250 -9999.0000 -9999.0000    54.2181
  167.7500 -9999.0000 -9999.0000    52.1377
  167.8750 -9999.0000 -9999.0000    49.9910
  168.0000 -9999.0000 -9999.0000    48.4724
  168.1250 -9999.0000 -9999.0000    46.9708
  168.2500 -9999.0000 -9999.0000    45.4673
  168.3750 -9999.0000 -9999.0000    45.8983
  168.5000 -9999.0000 -9999.0000    48.4440
  168.6250 -9999.0000 -9999.0000    51.4768
  168.7500 -9999.0000 -9999.0000    53.5339
  168.8750 -9999.0000 -9999.0000    55.0813
  169.0000 -9999.0000 -9999.0000    56.9931
  169.1250 -9999.0000 -9999.0000    58.6051
  169.2500 -9999.0000 -9999.0000    57.9327
  169.3750 -9999.0000 -9999.0000    54.8385
  169.5000 -9999.0000 -9999.0000    52.3337
  169.6250 -9999.0000 -9999.0000    51.7801
  169.7500 -9999.0000 -9999.0000    51.7157
  169.8750 -9999.0000 -9999.0000    50.8922
  170.0000 -9999.0000 -9999.0000    50.9458
  170.1250 -9999.0000 -9999.0000    53.6715
  170.2500 -9999.0000 -9999.0000    56.8686
  170.3750 -9999.0000 -9999.0000    58.3022
  170.5000 -9999.0000 -9999.0000    58.2242
  170.6250 -9999.0000 -9999.0000    58.1170
  170.7500 -9999.0000 -9999.0000    58.2862
  170.8750 -9999.0000 -9999.0000    58.8941
  171.0000 -9999.0000 -9999.0000    59.6344
  171.1250 -9999.0000 -9999.0000    59.3393
  171.2500 -9999.0000 -9999.0000    57.3936
  171.3750 -9999.0000 -9999.0000    54.4018
  171.5000 -9999.0000 -9999.0000    52.8194
  171.6250 -9999.0000 -9999.0000    53.3877
  171.7500 -9999.0000 -9999.0000    54.6611
  171.8750 -9999.0000 -9999.0000    54.8762
  172.0000 -9999.0000 -9999.0000    53.3827
  172.1250 -9999.0000 -9999.0000    50.6968
  172.2500 -9999.0000 -9999.0000    48.3719
  172.3750 -9999.0000 -9999.0000    47.0414
  172.5000 -9999.0000 -9999.0000    47.4330
  172.6250 -9999.0000 -9999.0000    49.6395
  172.7500 -9999.0000 -9999.0000    52.4468
  172.8750 -9999.0000 -9999.0000    54.2111
  173.0000 -9999.0000 -9999.0000    53.9296
  173.1250 -9999.0000 -9999.0000    51.9091
  173.2500 -9999.0000 -9999.0000    49.8181
  173.3750 -9999.0000 -9999.0000    49.2441
  173.5000 -9999.0000 -9999.0000    50.5256
  173.6250 -9999.0000 -9999.0000    52.1005
  173.7500 -9999.0000 -9999.0000    52.1605
  173.8750 -9999.0000 -9999.0000    50.7474
  174.0000 -9999.0000 -9999.0000    50.0649
  174.1250 -9999.0000 -9999.0000    50.3224
  174.2500 -9999.0000 -9999.0000    50.2707
  174.3750 -9999.0000 -9999.0000    49.3789
  174.5000 -9999.0000 -9999.0000    48.8946
  174.6250 -9999.0000 -9999.0000    50.5585
  174.7500 -9999.0000 -9999.0000    54.1758
  174.8750 -9999.0000 -9999.0000    57.6777
  175.0000 -9999.0000 -9999.0000    58.6502
  175.1250 -9999.0000 -9999.0000    57.3781
  175.2500 -9999.0000 -9999.0000    55.3876
  175.3750 -9999.0000 -9999.0000    54.2266
  175.5000 -9999.0000 -9999.0000    53.6074
  175.6250 -9999.0000 -9999.0000    53.0265
  175.7500 -9999.0000 -9999.0000    52.6965
  175.8750 -9999.0000 -9999.0000    52.5924
  176.0000 -9999.0000 -9999.0000    52.2353
  176.1250 -9999.0000 -9999.0000    51.1965
  176.2500 -9999.0000 -9999.0000    50.3185
  176.3750 -9999.0000 -9999.0000    50.4241
  176.5000 -9999.0000 -9999.0000    50.5754
  176.6250 -9999.0000 -9999.0000    50.2484
  176.7500 -9999.0000 -9999.0000    50.7584
  176.8750 -9999.0000 -9999.0000    53.4113
  177.0000 -9999.0000 -9999.0000    56.6249
  177.1250 -9999.0000 -9999.0000    57.2371
  177.2500 -9999.0000 -9999.0000    55.6417
  177.3750 -9999.0000 -9999.0000    53.7490
  177.5000 -9999.0000 -9999.0000    52.4992
  177.6250 -9999.0000 -9999.0000    51.2614
  177.7500 -9999.0000 -9999.0000    49.4405
  177.8750 -9999.0000 -9999.0000    47.9272
  178.0000 -9999.0000 -9999.0000    47.5185
  178.1250 -9999.0000 -9999.0000    48.1440
  178.2500 -9999.0000 -9999.0000    48.2469
  178.3750 -9999.0000 -9999.0000    46.6326
  178.5000 -9999.0000 -9999.0000    44.2785
  178.6250 -9999.0000 -9999.0000    42.7859
  178.7500 -9999.0000 -9999.0000    42.4294
  178.8750 -9999.0000 -9999.0000    42.7886
  179.0000 -9999.0000 -9999.0000    43.3787
  179.1250 -9999.0000 -9999.0000    44.2131
  179.2500 -9999.0000 -9999.0000    46.0576
  179.3750 -9999.0000 -9999.0000    49.1253
  179.5000 -9999.0000 -9999.0000    52.9631
  179.6250 -9999.0000 -9999.0000    55.1222
  179.7500 -9999.0000 -9999.0000    54.4654
  179.8750 -9999.0000 -9999.0000    51.7181
  180.0000 -9999.0000 -9999.0000    49.2536
  180.1250 -9999.0000 -9999.0000    48.7843
  180.2500 -9999.0000 -9999.0000    49.1802
  180.3750 -9999.0000 -9999.0000    48.5332
  180.5000 -9999.0000 -9999.0000    47.2178
  180.6250 -9999.0000 -9999.0000    47.4694
  180.7500 -9999.0000 -9999.0000    50.5154
  180.8750 -9999.0000 -9999.0000    55.2499
  181.0000 -9999.0000 -9999.0000    59.2380
  181.1250 -9999.0000 -9999.0000    61.2116
  181.2500 -9999.0000 -9999.0000    60.4933
  181.3750 -9999.0000 -9999.0000    58.8248
  181.5000 -9999.0000 -9999.0000    57.9859
  181.6250 -9999.0000 -9999.0000    58.3614
  181.7500 -9999.0000 -9999.0000    59.4542
  181.8750 -9999.0000 -9999.0000    60.6436
  182.0000 -9999.0000 -9999.0000    60.4255
  182.1250 -9999.0000 -9999.0000    58.1466
  182.2500 -9999.0000 -9999.0000    54.4605
  182.3750 -9999.0000 -9999.0000    51.0848
  182.5000 -9999.0000 -9999.0000    49.2785
  182.6250 -9999.0000 -9999.0000    49.5432
  182.7500 -9999.0000 -9999.0000    50.9050
  182.8750 -9999.0000 -9999.0000    52.5985
  183.0000 -9999.0000 -9999.0000    53.7293
  183.1250 -9999.0000 -9999.0000    53.7160
  183.2500 -9999.0000 -9999.0000    52.2111
  183.3750 -9999.0000 -9999.0000    49.7015
  183.5000 -9999.0000 -9999.0000    48.8554
  183.6250 -9999.0000 -9999.0000    50.5996
  183.7500 -9999.0000 -9999.0000    52.5926
  183.8750 -9999.0000 -9999.0000    53.6787
  184.0000 -9999.0000 -9999.0000    55.1711
  184.1250 -9999.0000 -9999.0000    57.3370
  184.2500 -9999.0000 -9999.0000    58.2064
  184.3750 -9999.0000 -9999.0000    55.4958
  184.5000 -9999.0000 -9999.0000    51.6451
  184.6250 -9999.0000 -9999.0000    49.3143
  184.7500 -9999.0000 -9999.0000    49.1361
  184.8750 -9999.0000 -9999.0000    49.8023
  185.0000 -9999.0000 -9999.0000    51.2280
  185.1250 -9999.0000 -9999.0000    53.1098
  185.2500 -9999.0000 -9999.0000    54.3034
  185.3750 -9999.0000 -9999.0000    53.9146
  185.5000 -9999.0000 -9999.0000    53.3192
  185.6250 -9999.0000 -9999.0000    54.1731
  185.7500 -9999.0000 -9999.0000    56.3878
  185.8750 -9999.0000 -9999.0000    57.9238
  186.0000 -9999.0000 -9999.0000    57.4288
  186.1250 -9999.0000 -9999.0000    55.3410
  186.2500 -9999.0000 -9999.0000    53.6191
  186.3750 -9999.0000 -9999.0000    53.4192
  186.5000 -9999.0000 -9999.0000    54.4178
  186.6250 -9999.0000 -9999.0000    54.4364
  186.7500 -9999.0000 -9999.0000    52.4581
  186.8750 -9999.0000 -9999.0000    50.4924
  187.0000 -9999.0000 -9999.0000    50.5326
  187.1250 -9999.0000 -9999.0000    52.9188
  187.2500 -9999.0000 -9999.0000    55.7811
  187.3750 -9999.0000 -9999.0000    58.4558
  187.5000 -9999.0000 -9999.0000    60.6282
  187.6250 -9999.0000 -9999.0000    60.1759
  187.7500 -9999.0000 -9999.0000    56.9749
  187.8750 -9999.0000 -9999.0000    54.6602
  188.0000 -9999.0000 -9999.0000    55.0212
  188.1250 -9999.0000 -9999.0000    56.9306
  188.2500 -9999.0000 -9999.0000    58.1218
  188.3750 -9999.0000 -9999.0000    58.0121
  188.5000 -9999.0000 -9999.0000    57.7958
  188.6250 -9999.0000 -9999.0000    58.8378
  188.7500 -9999.0000 -9999.0000    60.8718
  188.8750 -9999.0000 -9999.0000    62.6360
  189.0000 -9999.0000 -9999.0000    62.8044
  189.1250 -9999.0000 -9999.0000    60.9971
  189.2500 -9999.0000 -9999.0000    58.2548
  189.3750 -9999.0000 -9999.0000    56.5541
  189.5000 -9999.0000 -9999.0000    57.3698
  189.6250 -9999.0000 -9999.0000    60.2994
  189.7500 -9999.0000 -9999.0000    63.0049
  189.8750 -9999.0000 -9999.0000    63.7137
  190.0000 -9999.0000 -9999.0000    61.5566
  190.1250 -9999.0000 -9999.0000    57.4572
  190.2500 -9999.0000 -9999.0000    54.8667
  190.3750 -9999.0000 -9999.0000    56.5196
  190.5000 -9999.0000 -9999.0000    61.1678
  190.6250 -9999.0000 -9999.0000    64.8354
  190.7500 -9999.0000 -9999.0000    65.1268
  190.8750 -9999.0000 -9999.0000    62.8060
  191.0000 -9999.0000 -9999.0000    61.6257
  191.1250 -9999.0000 -9999.0000    63.3482
  191.2500 -9999.0000 -9999.0000    66.6044
  191.3750 -9999.0000 -9999.0000    68.1205
  191.5000 -9999.0000 -9999.0000    67.2338
  191.6250 -9999.0000 -9999.0000    64.8945
  191.7500 -9999.0000 -9999.0000    62.2771
  191.8750 -9999.0000 -9999.0000    59.9409
  192.0000 -9999.0000 -9999.0000    59.3953
  192.1250 -9999.0000 -9999.0000    61.5258
  192.2500 -9999.0000 -9999.0000    65.5582
  192.3750 -9999.0000 -9999.0000    68.2716
  192.5000 -9999.0000 -9999.0000    67.4534
  192.6250 -9999.0000 -9999.0000    63.4912
  192.7500 -9999.0000 -9999.0000    59.2308
  192.8750 -9999.0000 -9999.0000    56.4850
  193.0000 -9999.0000 -9999.0000    55.5694
  193.1250 -9999.0000 -9999.0000    55.6352
  193.2500 -9999.0000 -9999.0000    55.6885
  193.3750 -9999.0000 -9999.0000    54.7504
  193.5000 -9999.0000 -9999.0000    53.5164
  193.6250 -9999.0000 -9999.0000    53.4598
  193.7500 -9999.0000 -9999.0000    56.0310
  193.8750 -9999.0000 -9999.0000    59.9930
  194.0000 -9999.0000 -9999.0000    63.3517
  194.1250 -9999.0000 -9999.0000    63.4088
  194.2500 -9999.0000 -9999.0000    60.2504
  194.3750 -9999.0000 -9999.0000    55.4015
  194.5000 -9999.0000 -9999.0000    51.1777
  194.6250 -9999.0000 -9999.0000    48.2964
  194.7500 -9999.0000 -9999.0000    47.9363
  194.8750 -9999.0000 -9999.0000    50.4493
  195.0000 -9999.0000 -9999.0000    53.9875
  195.1250 -9999.0000 -9999.0000    55.8691
  195.2500 -9999.0000 -9999.0000    56.1672
  195.3750 -9999.0000 -9999.0000    56.0660
  195.5000 -9999.0000 -9999.0000    55.0438
  195.6250 -9999.0000 -9999.0000    52.6273
  195.7500 -9999.0000 -9999.0000    50.0914
  195.8750 -9999.0000 -9999.0000    49.7463
  196.0000 -9999.0000 -9999.0000    51.2879
  196.1250 -9999.0000 -9999.0000    53.3910
  196.2500 -9999.0000 -9999.0000    54.2202
  196.3750 -9999.0000 -9999.0000    53.6719
  196.5000 -9999.0000 -9999.0000    52.9313
  196.6250 -9999.0000 -9999.0000    52.8571
  196.7500 -9999.0000 -9999.0000    52.7768
  196.8750 -9999.0000 -9999.0000    52.3592
  197.0000 -9999.0000 -9999.0000    51.9298
  197.1250 -9999.0000 -9999.0000    51.8732
  197.2500 -9999.0000 -9999.0000    52.5178
  197.3750 -9999.0000 -9999.0000    54.0411
  197.5000 -9999.0000 -9999.0000    55.7504
  197.6250 -9999.0000 -9999.0000    55.3491
  197.7500 -9999.0000 -9999.0000    53.0038
  197.8750 -9999.0000 -9999.0000    51.1351
  198.0000 -9999.0000 -9999.0000    51.1272
  198.1250 -9999.0000 -9999.0000    51.8055
  198.2500 -9999.0000 -9999.0000    52.1114
  198.3750 -9999.0000 -9999.0000    52.4594
  198.5000 -9999.0000 -9999.0000    52.8216
  198.6250 -9999.0000 -9999.0000    52.7371
  198.7500 -9999.0000 -9999.0000    52.7865
  198.8750 -9999.0000 -9999.0000    53.7268
  199.0000 -9999.0000 -9999.0000    55.2791
  199.1250 -9999.0000 -9999.0000    55.5889
  199.2500 -9999.0000 -9999.0000    54.4136
  199.3750 -9999.0000 -9999.0000    53.4556
  199.5000 -9999.0000 -9999.0000    53.8121
  199.6250 -9999.0000 -9999.0000    54.8708
  199.7500 -9999.0000 -9999.0000    55.5847
  199.8750 -9999.0000 -9999.0000    56.4663
  200.0000 -9999.0000 -9999.0000    58.5789
  200.1250 -9999.0000 -9999.0000    60.8832
  200.2500 -9999.0000 -9999.0000    61.3278
  200.3750 -9999.0000 -9999.0000    58.6429
  200.5000 -9999.0000 -9999.0000    55.1879
  200.6250 -9999.0000 -9999.0000    53.7355
  200.7500 -9999.0000 -9999.0000    55.4099
  200.8750 -9999.0000 -9999.0000    58.3877
  201.0000 -9999.0000 -9999.0000    60.4812
  201.1250 -9999.0000 -9999.0000    61.2876
  201.2500 -9999.0000 -9999.0000    61.4172
  201.3750 -9999.0000 -9999.0000    61.5548
  201.5000 -9999.0000 -9999.0000    61.8945
  201.6250 -9999.0000 -9999.0000    61.8386
  201.7500 -9999.0000 -9999.0000    61.0878
  201.8750 -9999.0000 -9999.0000    60.7403
  202.0000 -9999.0000 -9999.0000    61.5751
  202.1250 -9999.0000 -9999.0000    62.3157
  202.2500 -9999.0000 -9999.0000    61.3611
  202.3750 -9999.0000 -9999.0000    59.3791
  202.5000 -9999.0000 -9999.0000    58.3829
  202.6250 -9999.0000 -9999.0000    57.9455
  202.7500 -9999.0000 -9999.0000    56.2695
  202.8750 -9999.0000 -9999.0000    53.7423
  203.0000 -9999.0000 -9999.0000    52.1731
  203.1250 -9999.0000 -9999.0000    51.7928
  203.2500 -9999.0000 -9999.0000    51.8338
  203.3750 -9999.0000 -9999.0000    52.5169
  203.5000 -9999.0000 -9999.0000    53.7678
  203.6250 -9999.0000 -9999.0000    54.1267
  203.7500 -9999.0000 -9999.0000    53.0810
  203.8750 -9999.0000 -9999.0000    51.7238
  204.0000 -9999.0000 -9999.0000    50.9665
  204.1250 -9999.0000 -9999.0000    50.3437
  204.2500 -9999.0000 -9999.0000    49.1596
  204.3750 -9999.0000 -9999.0000    47.3153
  204.5000 -9999.0000 -9999.0000    45.3903
  204.6250 -9999.0000 -9999.0000    44.2174
  204.7500 -9999.0000 -9999.0000    44.3691
  204.8750 -9999.0000 -9999.0000    45.9720
  205.0000 -9999.0000 -9999.0000    47.7826
  205.1250 -9999.0000 -9999.0000    48.8204
  205.2500 -9999.0000 -9999.0000    48.4754
  205.3750 -9999.0000 -9999.0000    47.1138
  205.5000 -9999.0000 -9999.0000    45.3282
  205.6250 -9999.0000 -9999.0000    43.6083
  205.7500 -9999.0000 -9999.0000    42.3890
  205.8750 -9999.0000 -9999.0000    42.8549
  206.0000 -9999.0000 -9999.0000    45.4834
  206.1250 -9999.0000 -9999.0000    49.2562
  206.2500 -9999.0000 -9999.0000    51.7149
  206.3750 -9999.0000 -9999.0000    51.5592
  206.5000 -9999.0000 -9999.0000    50.4248
  206.6250 -9999.0000 -9999.0000    51.5061
  206.7500 -9999.0000 -9999.0000    54.6389
  206.8750 -9999.0000 -9999.0000    57.6356
  207.0000 -9999.0000 -9999.0000    58.7033
  207.1250 -9999.0000 -9999.0000    58.9717
  207.2500 -9999.0000 -9999.0000    59.3642
  207.3750 -9999.0000 -9999.0000    59.0765
  207.5000 -9999.0000 -9999.0000    57.5684
  207.6250 -9999.0000 -9999.0000    56.2237
  207.7500 -9999.0000 -9999.0000    56.5152
  207.8750 -9999.0000 -9999.0000    57.2588
  208.0000 -9999.0000 -9999.0000    56.8893
  208.1250 -9999.0000 -9999.0000    56.3287
  208.2500 -9999.0000 -9999.0000    56.6274
  208.3750 -9999.0000 -9999.0000    57.6229
  208.5000 -9999.0000 -9999.0000    58.4705
  208.6250 -9999.0000 -9999.0000    59.4103
  208.7500 -9999.0000 -9999.0000    60.4127
  208.8750 -9999.0000 -9999.0000    60.7928
  209.0000 -9999.0000 -9999.0000    60.4973
  209.1250 -9999.0000 -9999.0000    60.2669
  209.2500 -9999.0000 -9999.0000    60.6913
  209.3750 -9999.0000 -9999.0000    62.0219
  209.5000 -9999.0000 -9999.0000    63.1141
  209.6250 -9999.0000 -9999.0000    62.8147
  209.7500 -9999.0000 -9999.0000    60.8547
  209.8750 -9999.0000 -9999.0000    59.3157
  210.0000 -9999.0000 -9999.0000    58.9414
  210.1250 -9999.0000 -9999.0000    58.6675
  210.2500 -9999.0000 -9999.0000    58.1614
  210.3750 -9999.0000 -9999.0000    58.2633
  210.5000 -9999.0000 -9999.0000    59.5422
  210.6250 -9999.0000 -9999.0000    60.6629
  210.7500 -9999.0000 -9999.0000    60.2318
  210.8750 -9999.0000 -9999.0000    58.8118
  211.0000 -9999.0000 -9999.0000    57.4118
  211.1250 -9999.0000 -9999.0000    57.7779
  211.2500 -9999.0000 -9999.0000    59.9035
  211.3750 -9999.0000 -9999.0000    61.8399
  211.5000 -9999.0000 -9999.0000    61.0869
  211.6250 -9999.0000 -9999.0000    58.4591
  211.7500 -9999.0000 -9999.0000    57.1422
  211.8750 -9999.0000 -9999.0000    58.5026
  212.0000 -9999.0000 -9999.0000    60.0593
  212.1250 -9999.0000 -9999.0000    60.1171
  212.2500 -9999.0000 -9999.0000    59.2724
  212.3750 -9999.0000 -9999.0000    58.2884
  212.5000 -9999.0000 -9999.0000    57.0094
  212.6250 -9999.0000 -9999.0000    55.8239
  212.7500 -9999.0000 -9999.0000    55.7788
  212.8750 -9999.0000 -9999.0000    57.0497
  213.0000 -9999.0000 -9999.0000    58.5704
  213.1250 -9999.0000 -9999.0000    59.2830
  213.2500 -9999.0000 -9999.0000    58.5947
  213.3750 -9999.0000 -9999.0000    57.8153
  213.5000 -9999.0000 -9999.0000    57.8084
  213.6250 -9999.0000 -9999.0000    58.4482
  213.7500 -9999.0000 -9999.0000    58.8149
  213.8750 -9999.0000 -9999.0000    58.3307
  214.0000 -9999.0000 -9999.0000    56.8528
  214.1250 -9999.0000 -9999.0000    54.1925
  214.2500 -9999.0000 -9999.0000    51.3904
  214.3750 -9999.0000 -9999.0000    50.0292
  214.5000 -9999.0000 -9999.0000    49.3883
  214.6250 -9999.0000 -9999.0000    48.4933
  214.7500 -9999.0000 -9999.0000    48.0469
  214.8750 -9999.0000 -9999.0000    48.8738
  215.0000 -9999.0000 -9999.0000    50.3417
  215.1250 -9999.0000 -9999.0000    51.4341
  215.2500 -9999.0000 -9999.0000    51.9653
  215.3750 -9999.0000 -9999.0000    52.1575
  215.5000 -9999.0000 -9999.0000    51.6706
  215.6250 -9999.0000 -9999.0000    50.1999
  215.7500 -9999.0000 -9999.0000    49.1738
  215.8750 -9999.0000 -9999.0000    49.4345
  216.0000 -9999.0000 -9999.0000    49.8666
  216.1250 -9999.0000 -9999.0000    48.5394
  216.2500 -9999.0000 -9999.0000    45.5919
  216.3750 -9999.0000 -9999.0000    43.4598
  216.5000 -9999.0000 -9999.0000    43.1425
  216.6250 -9999.0000 -9999.0000    43.6259
  216.7500 -9999.0000 -9999.0000    44.5164
  216.8750 -9999.0000 -9999.0000    46.5848
  217.0000 -9999.0000 -9999.0000    50.1549
  217.1250 -9999.0000 -9999.0000    53.7166
  217.2500 -9999.0000 -9999.0000    56.0687
  217.3750 -9999.0000 -9999.0000    57.0209
  217.5000 -9999.0000 -9999.0000    57.0464
  217.6250 -9999.0000 -9999.0000    55.9300
  217.7500 -9999.0000 -9999.0000    54.1221
  217.8750 -9999.0000 -9999.0000    53.4045
  218.0000 -9999.0000 -9999.0000    54.7469
  218.1250 -9999.0000 -9999.0000    56.5491
  218.2500 -9999.0000 -9999.0000    57.0516
  218.3750 -9999.0000 -9999.0000    55.8832
  218.5000 -9999.0000 -9999.0000    54.4415
  218.6250 -9999.0000 -9999.0000    54.0783
  218.7500 -9999.0000 -9999.0000    55.1686
  218.8750 -9999.0000 -9999.0000    56.6360
  219.0000 -9999.0000 -9999.0000    57.4057
  219.1250 -9999.0000 -9999.0000    57.9059
  219.2500 -9999.0000 -9999.0000    59.4163
  219.3750 -9999.0000 -9999.0000    61.3140
  219.5000 -9999.0000 -9999.0000    62.2057
  219.6250 -9999.0000 -9999.0000    62.0625
  219.7500 -9999.0000 -9999.0000    61.1490
  219.8750 -9999.0000 -9999.0000    59.5168
  220.0000 -9999.0000 -9999.0000    57.3610
  220.1250 -9999.0000 -9999.0000    56.0535
  220.2500 -9999.0000 -9999.0000    56.8161
  220.3750 -9999.0000 -9999.0000    58.7224
  220.5000 -9999.0000 -9999.0000    60.3689
  220.6250 -9999.0000 -9999.0000    61.1642
  220.7500 -9999.0000 -9999.0000    61.1408
  220.8750 -9999.0000 -9999.0000    61.0857
  221.0000 -9999.0000 -9999.0000    61.4600
  221.1250 -9999.0000 -9999.0000    61.9107
  221.2500 -9999.0000 -9999.0000    61.8223
  221.3750 -9999.0000 -9999.0000    60.6793
  221.5000 -9999.0000 -9999.0000    59.1171
  221.6250 -9999.0000 -9999.0000    58.3618
  221.7500 -9999.0000 -9999.0000    58.2162
  221.8750 -9999.0000 -9999.0000    58.0619
  222.0000 -9999.0000 -9999.0000    58.0875
  222.1250 -9999.0000 -9999.0000    58.5480
  222.2500 -9999.0000 -9999.0000    59.2008
  222.3750 -9999.0000 -9999.0000    59.6663
  222.5000 -9999.0000 -9999.0000    60.4403
  222.6250 -9999.0000 -9999.0000    62.0019
  222.7500 -9999.0000 -9999.0000    63.2374
  222.8750 -9999.0000 -9999.0000    62.8141
  223.0000 -9999.0000 -9999.0000    61.2703
  223.1250 -9999.0000 -9999.0000    60.4545
  223.2500 -9999.0000 -9999.0000    61.7376
  223.3750 -9999.0000 -9999.0000    63.9103
  223.5000 -9999.0000 -9999.0000    64.3894
  223.6250 -9999.0000 -9999.0000    61.8828
  223.7500 -9999.0000 -9999.0000    58.4785
  223.8750 -9999.0000 -9999.0000    56.3913
  224.0000 -9999.0000 -9999.0000    57.0834
  224.1250 -9999.0000 -9999.0000    59.0984
  224.2500 -9999.0000 -9999.0000    60.2013
  224.3750 -9999.0000 -9999.0000    58.6376
  224.5000 -9999.0000 -9999.0000    56.0797
  224.6250 -9999.0000 -9999.0000    55.4129
  224.7500 -9999.0000 -9999.0000    57.2615
  224.8750 -9999.0000 -9999.0000    59.2313
  225.0000 -9999.0000 -9999.0000    59.6240
  225.1250 -9999.0000 -9999.0000    58.9053
  225.2500 -9999.0000 -9999.0000    57.6378
  225.3750 -9999.0000 -9999.0000    55.5867
  225.5000 -9999.0000 -9999.0000    52.8089
  225.6250 -9999.0000 -9999.0000    50.3980
  225.7500 -9999.0000 -9999.0000    49.9198
  225.8750 -9999.0000 -9999.0000    50.9065
  226.0000 -9999.0000 -9999.0000    52.1067
  226.1250 -9999.0000 -9999.0000    52.1062
  226.2500 -9999.0000 -9999.0000    50.9787
  226.3750 -9999.0000 -9999.0000    49.4406
  226.5000 -9999.0000 -9999.0000    48.2885
  226.6250 -9999.0000 -9999.0000    47.5070
  226.7500 -9999.0000 -9999.0000    46.3781
  226.8750 -9999.0000 -9999.0000    44.9530
  227.0000 -9999.0000 -9999.0000    44.0999
  227.1250 -9999.0000 -9999.0000    45.1325
  227.2500 -9999.0000 -9999.0000    47.7082
  227.3750 -9999.0000 -9999.0000    50.8796
  227.5000 -9999.0000 -9999.0000    53.6113
  227.6250 -9999.0000 -9999.0000    55.3787
  227.7500 -9999.0000 -9999.0000    55.1967
  227.8750 -9999.0000 -9999.0000    53.4786
  228.0000 -9999.0000 -9999.0000    52.1917
  228.1250 -9999.0000 -9999.0000    52.8838
  228.2500 -9999.0000 -9999.0000    54.5500
  228.3750 -9999.0000 -9999.0000    55.2550
  228.5000 -9999.0000 -9999.0000    54.6094
  228.6250 -9999.0000 -9999.0000    54.7253
  228.7500 -9999.0000 -9999.0000    56.5550
  228.8750 -9999.0000 -9999.0000    59.3902
  229.0000 -9999.0000 -9999.0000    61.2780
  229.1250 -9999.0000 -9999.0000 -9999.0000
  229.2500 -9999.0000 -9999.0000    61.2633
  229.3750 -9999.0000 -9999.0000    60.7141
  229.5000 -9999.0000 -9999.0000    60.5553
  229.6250 -9999.0000 -9999.0000    60.6530
  229.7500 -9999.0000 -9999.0000    60.7599
  229.8750 -9999.0000 -9999.0000    60.9451
  230.0000 -9999.0000 -9999.0000    60.9004
  230.1250 -9999.0000 -9999.0000    60.0596
  230.2500 -9999.0000 -9999.0000    58.2408
  230.3750 -9999.0000 -9999.0000    56.3548
  230.5000 -9999.0000 -9999.0000    55.5704
  230.6250 -9999.0000 -9999.0000    56.2506
  230.7500 -9999.0000 -9999.0000    56.7929
  230.8750 -9999.0000 -9999.0000    56.1697
  231.0000 -9999.0000 -9999.0000    55.0389
  231.1250 -9999.0000 -9999.0000    54.6807
  231.2500 -9999.0000 -9999.0000    55.2415
  231.3750 -9999.0000 -9999.0000    55.5860
  231.5000 -9999.0000 -9999.0000    55.7854
  231.6250 -9999.0000 -9999.0000    56.5513
  231.7500 -9999.0000 -9999.0000    57.3117
  231.8750 -9999.0000 -9999.0000    56.9967
  232.0000 -9999.0000 -9999.0000    55.2603
  232.1250 -9999.0000 -9999.0000    53.9553
  232.2500 -9999.0000 -9999.0000    54.5196
  232.3750 -9999.0000 -9999.0000    56.1209
  232.5000 -9999.0000 -9999.0000    57.3469
  232.6250 -9999.0000 -9999.0000    57.7950
  232.7500 -9999.0000 -9999.0000    57.7693
  232.8750 -9999.0000 -9999.0000    57.2501
  233.0000 -9999.0000 -9999.0000    56.3458
  233.1250 -9999.0000 -9999.0000    56.1973
  233.2500 -9999.0000 -9999.0000    57.3303
  233.3750 -9999.0000 -9999.0000    59.0099
  233.5000 -9999.0000 -9999.0000    60.0449
  233.6250 -9999.0000 -9999.0000    60.1258
  233.7500 -9999.0000 -9999.0000    59.2832
  233.8750 -9999.0000 -9999.0000    57.9627
  234.0000 -9999.0000 -9999.0000    56.8335
  234.1250 -9999.0000 -9999.0000    56.6384
  234.2500 -9999.0000 -9999.0000    56.9847
  234.3750 -9999.0000 -9999.0000    57.0055
  234.5000 -9999.0000 -9999.0000    56.2809
  234.6250 -9999.0000 -9999.0000    55.6842
  234.7500 -9999.0000 -9999.0000    56.0831
  234.8750 -9999.0000 -9999.0000    57.3202
  235.0000 -9999.0000 -9999.0000    58.7484
  235.1250 -9999.0000 -9999.0000    59.6236
  235.2500 -9999.0000 -9999.0000    59.8365
  235.3750 -9999.0000 -9999.0000    59.2767
  235.5000 -9999.0000 -9999.0000    58.0762
  235.6250 -9999.0000 -9999.0000    56.9009
  235.7500 -9999.0000 -9999.0000    56.3546
  235.8750 -9999.0000 -9999.0000    56.2414
  236.0000 -9999.0000 -9999.0000    55.8819
  236.1250 -9999.0000 -9999.0000    55.0533
  236.2500 -9999.0000 -9999.0000    54.5532
  236.3750 -9999.0000 -9999.0000    54.7522
  236.5000 -9999.0000 -9999.0000    54.9761
  236.6250 -9999.0000 -9999.0000    54.6759
  236.7500 -9999.0000 -9999.0000    54.0256
  236.8750 -9999.0000 -9999.0000    53.4912
  237.0000 -9999.0000 -9999.0000    53.4569
  237.1250 -9999.0000 -9999.0000    53.8817
  237.2500 -9999.0000 -9999.0000    54.4594
  237.3750 -9999.0000 -9999.0000    54.9115
  237.5000 -9999.0000 -9999.0000    55.4690
  237.6250 -9999.0000 -9999.0000    56.5924
  237.7500 -9999.0000 -9999.0000    58.0906
  237.8750 -9999.0000 -9999.0000    59.6356
  238.0000 -9999.0000 -9999.0000    60.9401
  238.1250 -9999.0000 -9999.0000    61.5530
  238.2500 -9999.0000 -9999.0000    61.0272
  238.3750 -9999.0000 -9999.0000    59.7784
  238.5000 -9999.0000 -9999.0000    58.1535
  238.6250 -9999.0000 -9999.0000    56.0181
  238.7500 -9999.0000 -9999.0000    53.1938
  238.8750 -9999.0000 -9999.0000    50.3812
  239.0000 -9999.0000 -9999.0000    49.0460
  239.1250 -9999.0000 -9999.0000    49.4101
  239.2500 -9999.0000 -9999.0000    50.7365
  239.3750 -9999.0000 -9999.0000    51.9376
  239.5000 -9999.0000 -9999.0000    52.7265
  239.6250 -9999.0000 -9999.0000    53.3315
  239.7500 -9999.0000 -9999.0000    53.5910
  239.8750 -9999.0000 -9999.0000    53.2644
  240.0000 -9999.0000 -9999.0000    52.5231
  240.1250 -9999.0000 -9999.0000    52.1909
  240.2500 -9999.0000 -9999.0000    52.5502
  240.3750 -9999.0000 -9999.0000    52.6025
  240.5000 -9999.0000 -9999.0000    51.3190
  240.6250 -9999.0000 -9999.0000    49.1691
  240.7500 -9999.0000 -9999.0000    48.1743
  240.8750 -9999.0000 -9999.0000    48.7780
  241.0000 -9999.0000 -9999.0000    49.4460
  241.1250 -9999.0000 -9999.0000    49.1320
  241.2500 -9999.0000 -9999.0000    48.5377
  241.3750 -9999.0000 -9999.0000    48.6939
  241.5000 -9999.0000 -9999.0000    49.5621
  241.6250 -9999.0000 -9999.0000    50.7029
  241.7500 -9999.0000 -9999.0000    51.3127
  241.8750 -9999.0000 -9999.0000    50.7875
  242.0000 -9999.0000 -9999.0000    49.1640
  242.1250 -9999.0000 -9999.0000    48.0819
  242.2500 -9999.0000 -9999.0000    48.0898
  242.3750 -9999.0000 -9999.0000    48.0081
  242.5000 -9999.0000 -9999.0000    47.2190
  242.6250 -9999.0000 -9999.0000    46.6037
  242.7500 -9999.0000 -9999.0000    47.0937
  242.8750 -9999.0000 -9999.0000    48.1621
  243.0000 -9999.0000 -9999.0000    48.6919
  243.1250 -9999.0000 -9999.0000    48.2343
  243.2500 -9999.0000 -9999.0000    47.1630
  243.3750 -9999.0000 -9999.0000    46.0002
  243.5000 -9999.0000 -9999.0000    45.7694
  243.6250 -9999.0000 -9999.0000    46.5023
  243.7500 -9999.0000 -9999.0000    47.6595
  243.8750 -9999.0000 -9999.0000    48.4654
  244.0000 -9999.0000 -9999.0000    48.4803
  244.1250 -9999.0000 -9999.0000    47.8355
  244.2500 -9999.0000 -9999.0000    47.1332
  244.3750 -9999.0000 -9999.0000    46.7842
  244.5000 -9999.0000 -9999.0000    46.9794
  244.6250 -9999.0000 -9999.0000    47.1179
  244.7500 -9999.0000 -9999.0000    46.7857
  244.8750 -9999.0000 -9999.0000    46.1092
  245.0000 -9999.0000 -9999.0000    45.8590
  245.1250 -9999.0000 -9999.0000    46.4699
  245.2500 -9999.0000 -9999.0000    47.3908
  245.3750 -9999.0000 -9999.0000    48.2341
  245.5000 -9999.0000 -9999.0000    49.4339
  245.6250 -9999.0000 -9999.0000    50.5367
  245.7500 -9999.0000 -9999.0000    50.1723
  245.8750 -9999.0000 -9999.0000    47.3985
  246.0000 -9999.0000 -9999.0000    44.3516
  246.1250 -9999.0000 -9999.0000    43.0772
  246.2500 -9999.0000 -9999.0000    44.1738
  246.3750 -9999.0000 -9999.0000    45.8844
  246.5000 -9999.0000 -9999.0000    46.9501
  246.6250 -9999.0000 -9999.0000    46.5607
  246.7500 -9999.0000 -9999.0000    45.0540
  246.8750 -9999.0000 -9999.0000    43.0006
  247.0000 -9999.0000 -9999.0000    41.5973
  247.1250 -9999.0000 -9999.0000    41.7210
  247.2500 -9999.0000 -9999.0000    44.0757
  247.3750 -9999.0000 -9999.0000    47.9748
  247.5000 -9999.0000 -9999.0000    51.6481
  247.6250 -9999.0000 -9999.0000    53.1283
  247.7500 -9999.0000 -9999.0000    52.8310
  247.8750 -9999.0000 -9999.0000    52.0387
  248.0000 -9999.0000 -9999.0000    51.7463
  248.1250 -9999.0000 -9999.0000    51.5707
  248.2500 -9999.0000 -9999.0000    51.0091
  248.3750 -9999.0000 -9999.0000    50.4187
  248.5000 -9999.0000 -9999.0000    50.4717
  248.6250 -9999.0000 -9999.0000    51.4529
  248.7500 -9999.0000 -9999.0000    52.4155
  248.8750 -9999.0000 -9999.0000    52.7029
  249.0000 -9999.0000 -9999.0000    52.5372
  249.1250 -9999.0000 -9999.0000    52.7345
  249.2500 -9999.0000 -9999.0000    53.2867
  249.3750 -9999.0000 -9999.0000    53.7519
  249.5000   309.6293 -9999.0000    53.9581
  249.6250   309.6293 -9999.0000    53.6711
  249.7500   309.6293 -9999.0000    52.1620
  249.8750   309.6239 -9999.0000    49.6520
  250.0000   309.6643 -9999.0000    47.5588
  250.1250   309.7135 -9999.0000    47.8238
  250.2500   305.4105 -9999.0000    50.3138
  250.3750   289.6508 -9999.0000    53.3008
  250.5000   265.9621 -9999.0000    54.7164
  250.6250   240.8578 -9999.0000    54.6668
  250.7500   216.1434 -9999.0000    54.2797
  250.8750   197.0747 -9999.0000    54.1679
  251.0000   188.9187 -9999.0000    54.2405
  251.1250   188.4992 -9999.0000    54.2366
  251.2500   188.6689 -9999.0000    54.0770
  251.3750   188.6483 -9999.0000    53.5829
  251.5000   188.6483 -9999.0000    52.7920
  251.6250   188.6483 -9999.0000    52.3030
  251.7500   188.6483 -9999.0000    53.0657
  251.8750   188.6487 -9999.0000    54.9287
  252.0000   188.6435 -9999.0000    56.1021
  252.1250   188.6747 -9999.0000    54.8948
  252.2500   188.7520 -9999.0000    52.6487
  252.3750   188.0711 -9999.0000    51.3789
  252.5000   187.1309 -9999.0000    51.7874
  252.6250   189.7875 -9999.0000    51.8395
  252.7500   196.7973 -9999.0000    50.7157
  252.8750   205.1170 -9999.0000    49.5367
  253.0000   214.1502 -9999.0000    49.9228
  253.1250   223.2510 -9999.0000    52.1375
  253.2500   230.9250 -9999.0000    54.7664
  253.3750   239.6843 -9999.0000    56.3291
  253.5000   251.7339 -9999.0000    56.4748
  253.6250   265.1766 -9999.0000    55.9951
  253.7500   278.4280 -9999.0000    55.2961
  253.8750   288.6205 -9999.0000    53.9918
  254.0000   296.3527 -9999.0000    52.1210
  254.1250   306.1415 -9999.0000    50.5053
  254.2500   326.5901 -9999.0000    50.2475
  254.3750   352.6351 -9999.0000    50.4415
  254.5000   371.0528 -9999.0000    50.0552
  254.6250   375.7077 -9999.0000    49.2409
  254.7500   370.6667 -9999.0000    49.2559
  254.8750   353.1703 -9999.0000    50.7606
  255.0000   340.1990 -9999.0000    53.0941
  255.1250   353.5204 -9999.0000    55.3910
  255.2500   391.4450 -9999.0000    57.1964
  255.3750   433.8608 -9999.0000    58.5217
  255.5000   475.5116 -9999.0000    59.4811
  255.6250   506.1589 -9999.0000    60.6229
  255.7500   516.5386 -9999.0000    62.4707
  255.8750   503.9989 -9999.0000    64.6534
  256.0000   470.9778 -9999.0000    65.7256
  256.1250   426.9131 -9999.0000    64.6971
  256.2500   379.7115 -9999.0000    62.5037
  256.3750   336.5534 -9999.0000    61.4286
  256.5000   305.7567 -9999.0000    61.6514
  256.6250   296.3435 -9999.0000    61.9207
  256.7500   309.5659 -9999.0000    60.9946
  256.8750   335.1438 -9999.0000    59.7473
  257.0000   358.2794 -9999.0000    60.0055
  257.1250   376.0853 -9999.0000    60.8896
  257.2500   388.7471 -9999.0000    60.7530
  257.3750   387.5213 -9999.0000    59.2716
  257.5000   378.2717 -9999.0000    58.0712
  257.6250   369.6993 -9999.0000    58.1171
  257.7500   359.2476 -9999.0000    58.9013
  257.8750   344.3770 -9999.0000    59.6385
  258.0000   326.4657 -9999.0000    60.5187
  258.1250   303.2596 -9999.0000    62.0417
  258.2500   282.7444 -9999.0000    64.1614
  258.3750   276.9602 -9999.0000    66.5224
  258.5000   280.1184 -9999.0000    67.7013
  258.6250   281.8134 -9999.0000    66.6675
  258.7500   279.2112 -9999.0000    63.6594
  258.8750   268.0831 -9999.0000    61.0150
  259.0000   245.7204 -9999.0000    60.3633
  259.1250   218.0633 -9999.0000    61.8163
  259.2500   198.1424 -9999.0000    63.7480
  259.3750   199.9957 -9999.0000    65.3185
  259.5000   226.8871 -9999.0000    66.2650
  259.6250   266.1661 -9999.0000    66.4584
  259.7500   317.0766 -9999.0000    65.9800
  259.8750   375.2224 -9999.0000    65.4296
  260.0000   417.9713 -9999.0000    64.8489
  260.1250   424.9298 -9999.0000    64.1402
  260.2500   408.2784 -9999.0000    63.3826
  260.3750   377.5870 -9999.0000    62.6610
  260.5000   335.5469 -9999.0000    62.0794
  260.6250   296.7264 -9999.0000    61.3615
  260.7500   270.7234 -9999.0000    60.4887
  260.8750   256.5393 -9999.0000    59.7301
  261.0000   251.2399 -9999.0000    58.4648
  261.1250   254.6833 -9999.0000    55.8348
  261.2500   262.2051 -9999.0000    52.4344
  261.3750   278.4410 -9999.0000    50.1121
  261.5000   305.2625 -9999.0000    50.5598
  261.6250   325.8966 -9999.0000    52.7361
  261.7500   339.7984 -9999.0000    54.8253
  261.8750   357.0537 -9999.0000    55.8213
  262.0000   375.4269 -9999.0000    55.5974
  262.1250   396.0025 -9999.0000    54.1706
  262.2500   424.3085 -9999.0000    52.2677
  262.3750   446.4238 -9999.0000    51.2016
  262.5000   449.2844 -9999.0000    51.5693
  262.6250   431.0157 -9999.0000    52.5794
  262.7500   388.9144 -9999.0000    53.4714
  262.8750   326.5588 -9999.0000    54.3454
  263.0000   273.8514 -9999.0000    55.1549
  263.1250   246.0947 -9999.0000    55.3902
  263.2500   241.4658 -9999.0000    54.5734
  263.3750   260.2787 -9999.0000    52.9417
  263.5000   295.7811 -9999.0000    51.0629
  263.6250   320.9767 -9999.0000    49.4668
  263.7500   331.9280 -9999.0000    48.1193
  263.8750   338.9587 -9999.0000    47.2369
  264.0000   343.5202 -9999.0000    47.3505
  264.1250   343.9815 -9999.0000    48.1918
  264.2500   339.3694 -9999.0000    49.0534
  264.3750   332.1793 -9999.0000    49.3837
  264.5000   325.8379 -9999.0000    49.7459
  264.6250   314.5466 -9999.0000    50.5329
  264.7500   304.8894 -9999.0000    51.0340
  264.8750   311.3477 -9999.0000    51.0193
  265.0000   325.4062 -9999.0000    51.2970
  265.1250   329.3292 -9999.0000    52.4236
  265.2500   328.0984 -9999.0000    53.8752
  265.3750   325.0011 -9999.0000    54.2119
  265.5000   314.4078 -9999.0000    52.8725
  265.6250   298.0874 -9999.0000    50.1611
  265.7500   280.8822 -9999.0000    46.9585
  265.8750   263.3819 -9999.0000    44.2180
  266.0000   253.0011 -9999.0000    43.0158
  266.1250   262.2336 -9999.0000    43.2948
  266.2500   290.1598 -9999.0000    43.5777
  266.3750   330.2536 -9999.0000    42.6724
  266.5000   375.1025 -9999.0000    41.5680
  266.6250   418.1454 -9999.0000    41.7220
  266.7500   446.5926 -9999.0000    43.2675
  266.8750   454.2271 -9999.0000    45.0271
  267.0000   449.5548 -9999.0000    46.7003
  267.1250   441.4247 -9999.0000    48.0990
  267.2500   424.3682 -9999.0000    48.8025
  267.3750   397.4035 -9999.0000    48.6963
  267.5000   378.0165 -9999.0000    48.2271
  267.6250   376.2125 -9999.0000    47.8652
  267.7500   385.4817 -9999.0000    47.5244
  267.8750   394.2841 -9999.0000    47.3790
  268.0000   407.9232 -9999.0000    47.5528
  268.1250   429.1094 -9999.0000    47.4033
  268.2500   440.3845 -9999.0000    46.4037
  268.3750   428.3243 -9999.0000    45.0977
  268.5000   396.4067 -9999.0000    44.2454
  268.6250   366.5616 -9999.0000    43.9181
  268.7500   342.3561 -9999.0000    43.6712
  268.8750   322.5127 -9999.0000    43.7113
  269.0000   322.4201 -9999.0000    44.6954
  269.1250   344.2098 -9999.0000    46.8313
  269.2500   359.8570 -9999.0000    49.1756
  269.3750   361.8677 -9999.0000    50.5407
  269.5000   349.6980 -9999.0000    50.0574
  269.6250   325.8013 -9999.0000    48.2689
  269.7500   307.1342 -9999.0000    46.2831
  269.8750   305.5902 -9999.0000    45.4059
  270.0000   317.4697 -9999.0000    45.5088
  270.1250   352.0804 -9999.0000    45.8908
  270.2500   405.4707 -9999.0000    45.8148
  270.3750   447.3871 -9999.0000    45.6734
  270.5000   469.9637 -9999.0000    46.3552
  270.6250   477.2093 -9999.0000    48.0819
  270.7500   464.8015 -9999.0000    49.8744
  270.8750   437.3168 -9999.0000    50.5375
  271.0000   411.7739 -9999.0000    49.9912
  271.1250   391.0091 -9999.0000    49.3671
  271.2500   382.7305 -9999.0000    50.1935
  271.3750   388.9026 -9999.0000    52.4540
  271.5000   399.6229 -9999.0000    54.7671
  271.6250   414.8452 -9999.0000    55.7490
  271.7500   435.5691 -9999.0000    55.7079
  271.8750   449.6552 -9999.0000    55.2610
  272.0000   446.2286 -9999.0000    54.8372
  272.1250   421.7622 -9999.0000    53.8892
  272.2500   373.5664 -9999.0000    51.8111
  272.3750   315.1286 -9999.0000    48.9506
  272.5000   270.4189 -9999.0000    46.6481
  272.6250   267.7302 -9999.0000    45.9179
  272.7500   305.1002 -9999.0000    46.5106
  272.8750   357.3232 -9999.0000    48.0522
  273.0000   408.1656 -9999.0000    50.1608
  273.1250   445.9400 -9999.0000    51.6101
  273.2500   459.7308 -9999.0000    51.6989
  273.3750   455.8442 -9999.0000    51.2856
  273.5000   449.0984 -9999.0000    51.4140
  273.6250   436.9118 -9999.0000    51.7723
  273.7500   417.3133 -9999.0000    51.9392
  273.8750   397.7501 -9999.0000    51.9158
  274.0000   381.9508 -9999.0000    51.5206
  274.1250   375.2854 -9999.0000    50.9729
  274.2500   380.2269 -9999.0000    51.1758
  274.3750   389.9980 -9999.0000    52.4290
  274.5000   401.2106 -9999.0000    53.4291
  274.6250   415.7628 -9999.0000    53.6235
  274.7500   422.5259 -9999.0000    53.4753
  274.8750   418.8995 -9999.0000    53.0681
  275.0000   411.4139 -9999.0000    52.0962
  275.1250   402.9982 -9999.0000    50.7727
  275.2500   398.0565 -9999.0000    49.8693
  275.3750   402.6809 -9999.0000    49.8293
  275.5000   411.2775 -9999.0000    50.4361
  275.6250   417.8642 -9999.0000    51.3724
  275.7500   420.3448 -9999.0000    52.5066
  275.8750   416.7553 -9999.0000    53.4968
  276.0000   407.6112 -9999.0000    54.4510
  276.1250   389.8124 -9999.0000    55.6452
  276.2500   361.0258 -9999.0000    56.8426
  276.3750   329.2403 -9999.0000    57.8222
  276.5000   307.8667 -9999.0000    57.9050
  276.6250   296.3936 -9999.0000    56.8357
  276.7500   297.0896 -9999.0000    55.5593
  276.8750   314.1155 -9999.0000    55.5671
  277.0000   335.6374 -9999.0000    57.3694
  277.1250   348.3132     1.8796    59.8739
  277.2500   352.6550     1.8831    61.0352
  277.3750   354.7108     1.8789    61.0745
  277.5000   355.5128     1.8689    60.8521
  277.6250   351.8015     1.8599    60.4779
  277.7500   341.0548     1.8544    59.7006
  277.8750   321.6038     1.8534    58.8074
  278.0000   296.4875     1.8555    58.7902
  278.1250   268.4810     1.8610    59.4466
  278.2500   246.2406     1.8686    59.7908
  278.3750   237.2248     1.8754    59.6093
  278.5000   237.1576     1.8801    59.0514
  278.6250   233.4418     1.8851    58.1893
  278.7500   226.7170     1.8941    57.0362
  278.8750   219.7456     1.9093    55.7799
  279.0000   216.8449     1.9257    54.5256
  279.1250   223.6243     1.9353    52.7505
  279.2500   235.2604     1.9281    50.5372
  279.3750   245.4055     1.9026    48.9657
  279.5000   250.8633     1.8600    48.6073
  279.6250   245.6775     1.8042    48.8590
  279.7500   247.5788     1.7501    48.9179
  279.8750   268.5512     1.7156    48.7939
  280.0000   292.1949     1.7182    48.9398
  280.1250   317.1130     1.7534    49.8552
  280.2500   350.2373     1.8086    52.2434
  280.3750   377.5840     1.8656    55.5447
  280.5000   396.8738     1.9129    58.0801
  280.6250   418.8619     1.9429    58.6311
  280.7500   440.2268     1.9549    58.3883
  280.8750   454.0163     1.9534    58.7118
  281.0000   461.5789     1.9456    59.4073
  281.1250   468.4612     1.9392    59.5204
  281.2500   475.3368     1.9386    59.2236
  281.3750   478.5610     1.9483    59.0656
  281.5000   477.5367     1.9664    58.9581
  281.6250   475.3600     1.9872    58.6872
  281.7500   468.6539     2.0022    58.6061
  281.8750   450.2810     2.0093    59.2167
  282.0000   423.1739     2.0103    60.3309
  282.1250   398.1301     2.0060    60.8828
  282.2500   379.6067     1.9957    60.6647
  282.3750   368.5446     1.9882    59.8672
  282.5000   359.7754     1.9868    58.8363
  282.6250   349.7087     1.9825    57.5000
  282.7500   342.7447     1.9700    55.7753
  282.8750   344.7195     1.9713    54.3530
  283.0000   361.6231     2.0134    53.6971
  283.1250   401.6084     2.0742    53.1169
  283.2500   452.9398     2.0798    51.8564
  283.3750   490.6247     1.9844    50.3100
  283.5000   487.7647     1.8682    49.6136
  283.6250   442.2676     1.8455    49.6976
  283.7500   369.2093     1.9152    50.5213
  283.8750   293.8757     1.9617    52.2014
  284.0000   226.9991     1.9543    54.1780
  284.1250   185.2848     1.9353    55.0040
  284.2500   179.8568     1.9365    54.6181
  284.3750   205.2434     1.9519    54.4164
  284.5000   242.6218     1.9753    55.5035
  284.6250   280.7955     1.9988    57.0855
  284.7500   318.1678     2.0193    58.9835
  284.8750   345.0310     2.0379    61.5242
  285.0000   351.1282     2.0579    64.4844
  285.1250   338.5082     2.0806    67.0636
  285.2500   318.0877     2.1010    68.3668
  285.3750   289.9374     2.1143    68.3167
  285.5000   254.8947     2.1203    67.9212
  285.6250   224.5130     2.1234    68.3370
  285.7500   202.2878     2.1232    69.6560
  285.8750   187.8950     2.1183    71.0928
  286.0000   181.5020     2.1139    72.0628
  286.1250   181.1627     2.1164    72.5154
  286.2500   181.2818     2.1277    72.5642
  286.3750   181.2664     2.1409    72.2364
  286.5000   181.2664     2.1496    71.4377
  286.6250   181.2664     2.1532    70.5638
  286.7500   181.2664     2.1558    70.1416
  286.8750   181.2664     2.1604    70.6614
  287.0000   181.2664     2.1660    71.2940
  287.1250   181.2664     2.1715    70.6255
  287.2500   181.2664     2.1768    68.5278
  287.3750   181.2664     2.1817    66.6145
  287.5000   181.2664     2.1872    65.8103
  287.6250   181.2664     2.1960    65.9832
  287.7500   181.2664     2.2087    65.9718
  287.8750   181.2664     2.2237    65.2769
  288.0000   181.2664     2.2368    63.7845
  288.1250   181.2664     2.2443    61.5843
  288.2500   181.2664     2.2429    59.5016
  288.3750   181.2664     2.2340    59.1943
  288.5000   181.2664     2.2221    61.4642
  288.6250   181.2664     2.2134    66.0921
  288.7500   181.2664     2.2129    71.1367
  288.8750   181.2664     2.2225    74.4485
  289.0000   181.2664     2.2370    74.0624
  289.1250   181.2664     2.2408    70.8168
  289.2500   181.2664     2.2212    67.0106
  289.3750   181.2664     2.1767    65.1161
  289.5000   181.2664     2.1266    64.9538
  289.6250   181.2664     2.0884    65.5882
  289.7500   181.2660     2.0709    66.0544
  289.8750   181.2693     2.0648    65.9439
  290.0000   181.2605     2.0573    65.3670
  290.1250   181.0543     2.0427    65.2982
  290.2500   180.3061     2.0273    66.2550
  290.3750   182.1258     2.0214    66.7854
  290.5000   193.8916     2.0271    65.0080
  290.6250   215.8199     2.0406    61.2217
  290.7500   241.1368     2.0545    57.3847
  290.8750   266.6916     2.0621    54.9652
  291.0000   286.0328     2.0591    54.0445
  291.1250   283.7176     2.0439    54.6923
  291.2500   264.3171     2.0201    56.7336
  291.3750   241.5692     1.9943    59.3659
  291.5000   224.8554     1.9760    61.2154
  291.6250   217.5679     1.9677    62.0776
  291.7500   221.5866     1.9662    61.9597
  291.8750   233.5662     1.9663    60.4196
  292.0000   248.4802     1.9680    57.0009
  292.1250   264.7080     1.9733    52.4560
  292.2500   287.9049     1.9778    48.9903
  292.3750   318.9880     1.9746    47.7432
  292.5000   351.5684     1.9610    48.4352
  292.6250   379.5164     1.9432    49.4791
  292.7500   393.0474     1.9273    49.4640
  292.8750   393.7079     1.9158    48.0607
  293.0000   399.3482     1.9060    46.5566
  293.1250   410.1875     1.8966    46.0908
  293.2500   414.9498     1.8891    46.4949
  293.3750   419.1441     1.8857    46.9415
  293.5000   426.6705     1.8894    47.2279
  293.6250   425.8802     1.8990    47.7668
  293.7500   415.6552     1.9100    48.6153
  293.8750   415.0601     1.9176    49.4378
  294.0000   428.7581     1.9240    49.9190
  294.1250   442.7135     1.9371    49.8423
  294.2500   453.3158     1.9635    49.3498
  294.3750   464.6582     1.9937    48.9978
  294.5000   470.0456     1.9911    48.9862
  294.6250   474.8621     1.9439    48.9109
  294.7500   487.4165     1.9215    48.6807
  294.8750   503.3870     1.9996    48.9892
  295.0000   523.7915     2.1107    50.2288
  295.1250   547.6601     2.1703    51.8311
  295.2500   560.8843     2.1663    53.3174
  295.3750   562.9954     2.1586    55.2066
  295.5000   562.6305     2.1761    57.4636
  295.6250   562.6641     2.2161    59.0712
  295.7500   562.6641     2.2397    59.4281
  295.8750   562.6348     2.2321    59.0335
  296.0000   562.8565     2.2074    58.8094
  296.1250   561.6627     2.1831    58.7113
  296.2500   554.4517     2.1634    58.4765
  296.3750   543.0267     2.1458    58.4768
  296.5000   534.8056     2.1285    58.8905
  296.6250   531.8979     2.1088    59.8137
  296.7500   533.0047     2.0883    61.1029
  296.8750   540.6835     2.0720    62.8952
  297.0000   549.7343     2.0679    64.9343
  297.1250   549.8190     2.0772    66.9488
  297.2500   539.2039     2.0991    69.0121
  297.3750   517.9250     2.1288    71.2153
  297.5000   493.6635     2.1580    73.2532
  297.6250   474.4564     2.1786    74.4202
  297.7500   459.1233     2.1872    74.1992
  297.8750   441.3685     2.1884    73.5455
  298.0000   419.3087     2.1907    73.6370
  298.1250   396.6704     2.2019    74.5753
  298.2500   376.6906     2.2207    75.7318
  298.3750   360.6672     2.2390    76.6419
  298.5000   349.5481     2.2490    77.2389
  298.6250   335.6744     2.2503    77.3377
  298.7500   304.4964     2.2459    77.3897
  298.8750   265.1412     2.2391    78.2961
  299.0000   231.6753     2.2325    79.7535
  299.1250   208.6385     2.2301    80.6316
  299.2500   201.0041     2.2336    81.1784
  299.3750   213.8683     2.2436    82.1108
  299.5000   233.0020     2.2578    82.6235
  299.6250   246.4983     2.2735    81.4767
  299.7500   252.7208     2.2873    78.4471
  299.8750   249.2313     2.2924    75.2229
  300.0000   235.1044     2.2809    72.4059
  300.1250   217.0597     2.2454    69.0599
  300.2500   206.3692     2.2000    64.8566
  300.3750   206.6527     2.1656    60.9795
  300.5000   212.6717     2.1598    60.4618
  300.6250   219.3780     2.1722    63.6578
  300.7500   229.9773     2.1852    68.3944
  300.8750   236.9386     2.1858    71.0243
  301.0000   240.0043     2.1781    70.4992
  301.1250   256.5728     2.1677    67.5873
  301.2500   285.0386     2.1575    63.9822
  301.3750   309.3439     2.1493    60.2598
  301.5000   330.9811     2.1463    56.9991
  301.6250   351.4748     2.1484    55.1061
  301.7500   363.2144     2.1540    55.4843
  301.8750   366.5189     2.1616    57.6039
  302.0000   372.3814     2.1690    59.3470
  302.1250   386.4210     2.1739    60.6372
  302.2500   409.2125     2.1687    62.7096
  302.3750   430.8126     2.1463    65.6102
  302.5000   445.7830     2.1049    67.8390
  302.6250   460.0125     2.0570    67.3688
  302.7500   477.0548     2.0168    64.2948
  302.8750   494.4068     1.9931    59.5894
  303.0000   516.4459     1.9833    54.5672
  303.1250   544.5230     1.9819    50.4502
  303.2500   565.9829     1.9826    47.9814
  303.3750   574.2853     1.9792    47.4808
  303.5000   574.8670     1.9687    49.4057
  303.6250   562.0894     1.9511    52.6874
  303.7500   531.5725     1.9315    55.0547
  303.8750   490.0454     1.9157    55.8554
  304.0000   435.9575     1.9073    56.0112
  304.1250   364.9546     1.9047    56.0884
  304.2500   295.3365     1.9055    55.3170
  304.3750   243.2169     1.9087    53.1369
  304.5000   201.9908     1.9153    50.8482
  304.6250   187.1133     1.9236    49.8378
  304.7500   209.3401     1.9270    49.6434
  304.8750   250.1717     1.9270    49.5020
  305.0000   291.8032     1.9319    49.1033
  305.1250   330.8157     1.9447    48.7456
  305.2500   357.1393     1.9614    48.3021
  305.3750   360.3751     1.9730    47.7564
  305.5000   344.8991     1.9642    47.8649
  305.6250   319.4148     1.9353    49.1765
  305.7500   294.0230     1.9502    51.4697
  305.8750   269.3625     2.0190    54.5505
  306.0000   249.4215     2.0874    58.9179
  306.1250   242.3395     2.1017    64.4633
  306.2500   243.6631     2.0679    69.7232
  306.3750   244.9169     2.0225    72.5696
  306.5000   245.7838     1.9963    73.1594
  306.6250   246.4093     2.0123    72.5498
  306.7500   245.3828     2.0836    71.6170
  306.8750   242.6326     2.1675    70.2161
  307.0000   239.2572     2.2276    68.5285
  307.1250   237.4816     2.2649    69.0049
  307.2500   239.5533     2.3010    73.3167
  307.3750   246.4548     2.3317    80.3949
  307.5000   255.9875     2.3532    86.9040
  307.6250   267.1065     2.3754    91.1978
  307.7500   277.9000     2.3930    92.8571
  307.8750   283.1684     2.4033    93.4383
  308.0000   283.1730     2.4171    93.9862
  308.1250   282.9113     2.4392    94.7931
  308.2500   282.1577     2.4564    95.2620
  308.3750   278.9228     2.4564    94.4656
  308.5000   275.1961     2.4416    92.4653
  308.6250   272.4536     2.4314    90.3997
  308.7500   268.6236     2.4385    89.4319
  308.8750   264.0133     2.4554    90.6676
  309.0000   262.7432     2.4632    93.0909
  309.1250   265.2487     2.4445    95.1926
  309.2500   267.7282     2.3992    96.4609
  309.3750   271.8393     2.3393    96.8193
  309.5000   278.3061     2.2764    96.1140
  309.6250   280.2604     2.2666    95.6593
  309.7500   279.0644     2.3149    97.3591
  309.8750   280.5846     2.3823   101.4252
  310.0000   279.6554     2.4356   105.1514
  310.1250   273.9055     2.4677   106.6989
  310.2500   270.5953     2.4792   106.1153
  310.3750   270.6030     2.4776   105.0552
  310.5000   269.0448     2.4694   104.6124
  310.6250   268.7397     2.4622   104.7482
  310.7500   279.0366     2.4589   105.2084
  310.8750   301.0004     2.4557   106.4663
  311.0000   318.3853     2.4469   109.0078
  311.1250   329.0712     2.4321   112.6658
  311.2500   341.5405     2.4164   117.6402
  311.3750   347.0463     2.4072   123.3278
  311.5000   335.1185     2.4120   127.2413
  311.6250   315.4393     2.4321   125.3613
  311.7500   298.2083     2.4566   118.6793
  311.8750   279.9974     2.4730   111.3200
  312.0000   264.0618     2.4742   107.7305
  312.1250   259.8584     2.4652   108.4745
  312.2500   269.1614     2.4528   113.2344
  312.3750   283.9664     2.4436   119.8922
  312.5000   295.4465     2.4416   125.8596
  312.6250   296.0538     2.4502   128.2017
  312.7500   290.4441     2.4645   126.6594
  312.8750   280.7805     2.4774   121.9533
  313.0000   267.1135     2.4817   115.8792
  313.1250   259.3848     2.4782   111.1994
  313.2500   264.2116     2.4693   109.7588
  313.3750   277.7909     2.4591   113.9567
  313.5000   296.1315     2.4527   123.9427
  313.6250   316.9962     2.4517   137.1655
  313.7500   329.8307     2.4515   146.9675
  313.8750   326.4248     2.4475   148.9344
  314.0000   310.9318     2.4394   143.0315
  314.1250   298.2604     2.4319   135.7990
  314.2500   291.8333     2.4263   132.3422
  314.3750   293.9663     2.4208   135.3265
  314.5000   307.2563     2.4149   141.4774
  314.6250   328.8175     2.4098   147.5314
  314.7500   348.3033     2.4067   150.9805
  314.8750   358.1861     2.4037   151.4867
  315.0000   357.2660     2.3986   148.5186
  315.1250   355.9006     2.3915   142.9514
  315.2500   357.6291     2.3865   138.1582
  315.3750   354.3614     2.3899   136.9929
  315.5000   343.4021     2.4047   137.5196
  315.6250   330.3745     2.4277   135.5776
  315.7500   314.5809     2.4503   128.4932
  315.8750   294.7350     2.4625   119.7127
  316.0000   276.5186     2.4634   113.3832
  316.1250   268.0438     2.4596   111.0156
  316.2500   266.3411     2.4589   110.7294
  316.3750   267.2281     2.4603   111.5419
  316.5000   268.9607     2.4583   112.7836
  316.6250   271.1962     2.4522   114.1990
  316.7500   274.4819     2.4455   114.9562
  316.8750   279.6241     2.4424   114.8167
  317.0000   284.9861     2.4427   115.1584
  317.1250   290.3664     2.4430   117.4805
  317.2500   297.8386     2.4386   121.3513
  317.3750   309.0766     2.4262   125.4462
  317.5000   325.8882     2.4000   129.0839
  317.6250   344.3096     2.3593   132.3407
  317.7500   358.5314     2.3078   133.2061
  317.8750   364.5278     2.2614   128.0846
  318.0000   361.5555     2.2388   118.1565
  318.1250   347.9557     2.2524   107.6858
  318.2500   326.7467     2.2982   102.3249
  318.3750   306.2272     2.3537   103.2194
  318.5000   293.0891     2.3980   108.4470
  318.6250   286.4468     2.4237   113.7870
  318.7500   282.9547     2.4357   116.7631
  318.8750   281.9319     2.4368   116.8533
  319.0000   280.8455     2.4298   115.4031
  319.1250   277.3354     2.4182   113.3663
  319.2500   272.8218     2.4069   110.6187
  319.3750   269.8006     2.3974   107.4981
  319.5000   268.5728     2.3868   104.6361
  319.6250   271.0574     2.3722   102.5552
  319.7500   276.9387     2.3586   101.2374
  319.8750   282.3593     2.3553   100.9939
  320.0000   285.0597     2.3671   103.1719
  320.1250   286.3381     2.3862   107.5331
  320.2500   287.6341     2.3992   111.7261
  320.3750   290.1800     2.3958   113.6343
  320.5000   292.9666     2.3742   112.9031
  320.6250   295.3291     2.3376   109.7956
  320.7500   297.7529     2.2973   105.2364
  320.8750   299.2705     2.2625    99.8384
  321.0000   300.2539     2.2401    95.1003
  321.1250   302.6840     2.2307    91.6695
  321.2500   306.8067     2.2394    89.8291
  321.3750   309.6045     2.2737    90.1504
  321.5000   306.0125     2.3302    93.3662
  321.6250   296.0144     2.3946   100.3114
  321.7500   286.8896     2.4406   109.8878
  321.8750   280.4347     2.4582   119.4082
  322.0000   277.7968     2.4521   125.1861
  322.1250   277.3626     2.4369   126.2590
  322.2500   272.5049     2.4154   124.6292
  322.3750   262.1785     2.3848   123.5832
  322.5000   253.2154     2.3507   124.7239
  322.6250   246.3338     2.3221   127.4061
  322.7500   243.0295     2.3060   130.0875
  322.8750   245.8188     2.2993   131.7355
  323.0000   250.8166     2.2999   132.1946
  323.1250   250.4186     2.3105   131.6352
  323.2500   247.4986     2.3358   129.9729
  323.3750   249.1432     2.3763   127.6859
  323.5000   251.7751     2.4185   125.2298
  323.6250   250.1837     2.4478   122.4458
  323.7500   248.4358     2.4586   118.9017
  323.8750   248.0542     2.4622   115.2736
  324.0000   244.4069     2.4655   112.6127
  324.1250   240.1881     2.4689   110.3923
  324.2500   240.3085     2.4709   107.7996
  324.3750   242.8349     2.4741   105.5535
  324.5000   247.3459     2.4825   105.5791
  324.6250   256.4381     2.4946   109.7339
  324.7500   268.3218     2.5063   118.6708
  324.8750   276.7707     2.5128   129.1737
  325.0000   279.9128     2.5119   136.6819
  325.1250   278.4431     2.5044   138.3789
  325.2500   275.4959     2.4962   137.4007
  325.3750   275.0005     2.4918   137.1725
  325.5000   281.2624     2.4919   139.3168
  325.6250   291.9978     2.4929   143.0006
  325.7500   303.4978     2.4926   146.7465
  325.8750   312.8697     2.4906   148.9634
  326.0000   319.4922     2.4870   149.5051
  326.1250   322.9200     2.4816   148.8124
  326.2500   323.2215     2.4753   147.9577
  326.3750   318.7121     2.4690   146.8935
  326.5000   306.2777     2.4638   144.0325
  326.6250   289.6235     2.4591   138.2703
  326.7500   274.1290     2.4526   130.0863
  326.8750   263.6756     2.4384   121.5559
  327.0000   261.1381     2.4163   114.9904
  327.1250   265.3705     2.3931   110.4086
  327.2500   270.3396     2.3825   107.7583
  327.3750   273.0061     2.3900   107.1831
  327.5000   273.1466     2.4121   109.5642
  327.6250   274.1653     2.4354   115.8893
  327.7500   281.2347     2.4493   124.6680
  327.8750   291.0777     2.4521   133.2455
  328.0000   294.2525     2.4503   137.5608
  328.1250   290.2043     2.4491   135.5258
  328.2500   279.0630     2.4484   127.9035
  328.3750   262.0557     2.4463   120.1561
  328.5000   246.4886     2.4417   115.9354
  328.6250   240.7372     2.4343   114.9357
  328.7500   241.5457     2.4233   113.0441
  328.8750   245.0046     2.4114   108.7858
  329.0000   249.0462     2.4076   103.9355
  329.1250   252.5218     2.4153   101.1206
  329.2500   254.8462     2.4299   102.0146
  329.3750   255.0186     2.4403   106.3115
  329.5000   253.4968     2.4440   111.8637
  329.6250   252.0183     2.4461   116.7980
  329.7500   252.3253     2.4514   120.3051
  329.8750   253.9247     2.4574   123.2996
  330.0000   254.1634     2.4589   126.4647
  330.1250   251.8660     2.4564   128.8336
  330.2500   249.2355     2.4561   129.8321
  330.3750   248.5069     2.4641   129.7451
  330.5000   249.6319     2.4749   129.9910
  330.6250   253.3701     2.4802   131.4858
  330.7500   259.0516     2.4794   133.1354
  330.8750   262.5726     2.4807   133.5754
  331.0000   260.7936     2.4875   132.3013
  331.1250   256.5163     2.4931   129.9298
  331.2500   252.6717     2.4913   127.1490
  331.3750   249.0677     2.4834   123.6294
  331.5000   247.4270     2.4764   119.5475
  331.6250   248.5841     2.4725   115.8395
  331.7500   248.8750     2.4684   112.8698
  331.8750   247.7743     2.4586   110.5763
  332.0000   248.4204     2.4425   109.5127
  332.1250   250.0667     2.4273   110.6923
  332.2500   249.3511     2.4212   114.2382
  332.3750   248.9718     2.4247   119.9818
  332.5000   252.1292     2.4314   125.7178
  332.6250   254.6945     2.4370   129.2821
  332.7500   256.2602     2.4425   130.8542
  332.8750   260.7842     2.4506   133.4840
  333.0000   265.6808     2.4607   137.5709
  333.1250   268.9427     2.4697   140.2299
  333.2500   272.7397     2.4749   140.0287
  333.3750   275.4447     2.4727   138.9147
  333.5000   274.7501     2.4561   138.3932
  333.6250   272.2886     2.4278   136.0768
  333.7500   268.7550     2.3994   129.7605
  333.8750   267.0293     2.3893   122.5758
  334.0000   269.2154     2.4017   119.9268
  334.1250   273.7637     2.4317   123.4961
  334.2500   277.4576     2.4665   128.7460
  334.3750   281.0211     2.4950   131.5556
  334.5000   286.0019     2.5079   132.2316
  334.6250   289.6073     2.5029   134.0034
  334.7500   289.1600     2.4830   136.7134
  334.8750   287.6337     2.4522   136.1170
  335.0000   287.2617     2.4193   129.0118
  335.1250   284.3375     2.3937   117.0581
  335.2500   279.0833     2.3833   105.4554
  335.3750   277.3328     2.3842    97.5712
  335.5000   277.6639     2.3899    94.1724
  335.6250   273.8029     2.3966    94.5468
  335.7500   267.1028     2.4061    96.8884
  335.8750   261.5117     2.4206    99.7296
  336.0000   257.2934     2.4367   102.3919
  336.1250   254.1293     2.4499   106.0890
  336.2500   256.5474     2.4567   113.1676
  336.3750   266.9447     2.4594   123.2233
  336.5000   281.7861     2.4607   134.1904
  336.6250   297.4555     2.4612   144.0631
  336.7500   311.5506     2.4619   151.8532
  336.8750   318.4548     2.4648   156.7503
  337.0000   311.7938     2.4710   157.3860
  337.1250   296.8730     2.4766   154.3148
  337.2500   279.9199     2.4773   148.3327
  337.3750   265.1046     2.4740   140.6155
  337.5000   257.1026     2.4712   133.4328
  337.6250   262.5003     2.4725   130.3764
  337.7500   275.6942     2.4775   132.9160
  337.8750   287.6495     2.4815   138.0359
  338.0000   296.9672     2.4750   140.2885
  338.1250   302.8572     2.4512   136.6725
  338.2500   300.6480     2.4113   127.6847
  338.3750   293.9385     2.3641   115.9365
  338.5000   291.2897     2.3224   104.6412
  338.6250   291.3518     2.2962    95.4431
  338.7500   289.3639     2.2918    89.7542
  338.8750   285.9712     2.3016    86.8675
  339.0000   281.7442     2.3144    85.7826
  339.1250   276.1383     2.3233    85.4134
  339.2500   271.2380     2.3345    86.1046
  339.3750   272.2498     2.3565    89.6114
  339.5000   278.9156     2.3853    96.0232
  339.6250   284.5720     2.4104   103.3359
  339.7500   285.8707     2.4231   108.0637
  339.8750   287.4276     2.4270   109.3102
  340.0000   288.6680     2.4265   109.0112
  340.1250   286.0117     2.4208   109.7816
  340.2500   282.2295     2.4072   110.9628
  340.3750   280.3778     2.3872   110.5016
  340.5000   279.4492     2.3683   108.2983
  340.6250   275.4441     2.3545   106.8087
  340.7500   269.1314     2.3428   106.6967
  340.8750   269.3987     2.3222   105.4966
  341.0000   277.2977     2.2889   101.9724
  341.1250   287.6757     2.2492    96.7402
  341.2500   300.6465     2.2170    91.3107
  341.3750   316.0432     2.1992    86.5608
  341.5000   324.4409     2.1965    83.6190
  341.6250   322.0462     2.2007    83.3927
  341.7500   315.1197     2.2061    85.5607
  341.8750   311.9658     2.2088    88.5384
  342.0000   310.5087     2.2113    91.3079
  342.1250   306.7184     2.2209    93.8804
  342.2500   303.5197     2.2479    98.3015
  342.3750   302.4905     2.2933   107.6518
  342.5000   298.1301     2.3500   123.9042
  342.6250   292.9586     2.4014   142.8417
  342.7500   296.9006     2.4374   157.9730
  342.8750   307.8985     2.4569   164.4082
  343.0000   315.1415     2.4697   165.5490
  343.1250   321.6041     2.4807   166.6100
  343.2500   325.5900     2.4876   172.8047
  343.3750   317.5980     2.4859   182.5601
  343.5000   299.4987     2.4735   188.6013
  343.6250   280.5444     2.4553   181.3201
  343.7500   263.6540     2.4393   161.8072
  343.8750   253.6365     2.4318   138.7375
  344.0000   253.9119     2.4326   122.7728
  344.1250   259.4287     2.4365   114.8675
  344.2500   264.4136     2.4370   111.0280
  344.3750   267.0860     2.4309   107.0692
  344.5000   266.5030     2.4198   102.6269
  344.6250   260.4973     2.4092    98.6920
  344.7500   253.9541     2.4034    95.7378
  344.8750   253.1667     2.4021    94.0451
  345.0000   257.0082     2.4019    94.0048
  345.1250   260.4557     2.4034    95.5987
  345.2500   264.4436     2.4115    98.7716
  345.3750   266.9687     2.4299   102.8669
  345.5000   262.0206     2.4530   106.5362
  345.6250   251.4955     2.4713   108.0220
  345.7500   245.4164     2.4796   107.2189
  345.8750   245.0877     2.4798   105.4319
  346.0000   247.7576     2.4744   104.3387
  346.1250   252.5632     2.4665   104.5957
  346.2500   258.3758     2.4563   105.9334
  346.3750   260.0935     2.4430   106.8784
  346.5000   257.0251     2.4301   106.4653
  346.6250   253.2705     2.4242   105.9052
  346.7500   253.2303     2.4306   107.5418
  346.8750   256.1728     2.4440   110.8077
  347.0000   262.2643     2.4556   114.3884
  347.1250   274.2413     2.4598   119.0784
  347.2500   290.7076     2.4595   126.5112
  347.3750   307.1107     2.4591   136.0625
  347.5000   318.5765     2.4605   144.1335
  347.6250   320.1703     2.4621   148.2745
  347.7500   309.2690     2.4630   146.2595
  347.8750   293.9565     2.4645   139.0069
  348.0000   277.8890     2.4678   129.3587
  348.1250   264.5221     2.4710   121.9524
  348.2500   257.8946     2.4721   118.6100
  348.3750   255.5556     2.4721   118.5668
  348.5000   251.8740     2.4726   119.7683
  348.6250   247.8415     2.4731   121.2518
  348.7500   245.2357     2.4719   122.5808
  348.8750   245.7818     2.4680   123.6104
  349.0000   250.5564     2.4611   124.2775
  349.1250   255.8276     2.4498   124.5862
  349.2500   257.4853     2.4370   125.3465
  349.3750   257.0420     2.4276   126.2863
  349.5000   255.2119     2.4267   126.5266
  349.6250   250.4671     2.4322   125.5168
  349.7500   244.8541     2.4391   122.9093
  349.8750   243.2341     2.4418   119.3191
  350.0000   244.3553     2.4413   115.5230
  350.1250   245.9580     2.4431   112.2907
  350.2500   249.2326     2.4515   111.3430
  350.3750   254.0764     2.4633   113.7235
  350.5000   257.7956     2.4729   118.9275
  350.6250   258.5267     2.4766   123.8094
  350.7500   256.8480     2.4722   125.7549
  350.8750   255.6003     2.4515   123.8323
  351.0000   257.7811     2.4112   119.4933
  351.1250   263.6351     2.3531   112.5501
  351.2500   273.2519     2.2867   102.2854
  351.3750   286.1113     2.2246    90.2427
  351.5000   299.5791     2.1764    78.9353
  351.6250   308.8181     2.1507    71.5556
  351.7500   312.7369     2.1522    68.4114
  351.8750   311.9078     2.1883    70.3382
  352.0000   306.7689     2.2566    78.7751
  352.1250   298.8350     2.3424    93.1206
  352.2500   293.6238     2.4192   109.9256
  352.3750   292.8822     2.4662   123.9194
  352.5000   291.8776     2.4849   133.1642
  352.6250   289.0206     2.4889   138.0442
  352.7500   286.7057     2.4922   139.7979
  352.8750   280.5586     2.4969   138.1368
  353.0000   269.3992     2.4978   132.8790
  353.1250   261.6489     2.4871   124.6370
  353.2500   257.8085     2.4598   114.0336
  353.3750   253.4088     2.4207   102.6463
  353.5000   253.3261     2.3802    92.0864
  353.6250   261.3037     2.3504    84.4462
  353.7500   269.8463     2.3404    80.9821
  353.8750   274.8283     2.3530    82.3071
  354.0000   276.4015     2.3859    88.6801
  354.1250   274.4587     2.4231    96.6103
  354.2500   268.1562     2.4516   102.8325
  354.3750   260.2873     2.4640   105.3790
  354.5000   255.3864     2.4674   105.6603
  354.6250   255.2472     2.4697   105.9399
  354.7500   259.2546     2.4754   109.0786
  354.8750   265.3141     2.4826   115.9089
  355.0000   271.9703     2.4880   125.4671
  355.1250   276.7836     2.4913   134.1830
  355.2500   277.3115     2.4939   139.0892
  355.3750   274.1513     2.4975   139.8523
  355.5000   271.6881     2.5017   139.3474
  355.6250   270.8999     2.5049   139.4467
  355.7500   271.3924     2.5048   139.8451
  355.8750   271.2004     2.5017   138.1935
  356.0000   267.4637     2.4962   133.5897
  356.1250   260.1822     2.4895   127.0111
  356.2500   251.9484     2.4825   120.1303
  356.3750   244.1673     2.4770   114.7706
  356.5000   239.3984     2.4754   111.5412
  356.6250   237.8766     2.4776   109.2853
  356.7500   239.9125     2.4801   107.1342
  356.8750   248.7967     2.4794   106.6686
  357.0000   264.3956     2.4752   111.2808
  357.1250   283.6255     2.4683   122.7689
  357.2500   306.4752     2.4608   136.6656
  357.3750   330.3115     2.4548   149.0799
  357.5000   343.8331     2.4521   157.3460
  357.6250   346.6545     2.4509   161.1165
  357.7500   343.0205     2.4491   159.8589
  357.8750   329.4542     2.4479   154.0056
  358.0000   306.8683     2.4487   145.2454
  358.1250   284.4466     2.4501   134.4578
  358.2500   266.4593     2.4485   123.0372
  358.3750   251.5473     2.4429   113.1948
  358.5000   243.6920     2.4343   106.9948
  358.6250   243.0244     2.4261   103.8245
  358.7500   245.3857     2.4216   102.6547
  358.8750   249.1112     2.4222   103.2407
  359.0000   253.1032     2.4199   104.5317
  359.1250   256.7238     2.4064   104.9117
  359.2500   259.8254     2.3822   102.2705
  359.3750   260.2951     2.3620    97.3223
  359.5000   256.7597     2.3597    91.8042
  359.6250   251.9685     2.3773    87.0905
  359.7500   246.7426     2.4047    83.6317
  359.8750   240.4617     2.4320    81.9732
  360.0000   236.1297     2.4529    81.6371
  360.1250   234.8629     2.4669    81.3903
  360.2500   233.8308     2.4736    80.6811
  360.3750   231.1764     2.4761    80.5119
  360.5000   228.0927     2.4764    80.9249
  360.6250   227.0590     2.4735    81.3514
  360.7500   227.6804     2.4664    82.3089
  360.8750   229.6848     2.4564    85.2155
  361.0000   236.8543     2.4485    90.7867
  361.1250   246.7841     2.4453    97.4112
  361.2500   252.9276     2.4464   103.2706
  361.3750   255.5936     2.4491   107.7070
  361.5000   257.0573     2.4525   111.2371
  361.6250   255.6204     2.4579   114.7180
  361.7500   253.7081     2.4670   118.1678
  361.8750   255.4663     2.4800   121.6872
  362.0000   262.6291     2.4939   125.8432
  362.1250   270.9233     2.5034   130.1075
  362.2500   277.0102     2.5070   133.0981
  362.3750   280.4193     2.5065   133.5264
  362.5000   279.3353     2.5039   131.2576
  362.6250   271.2657     2.4984   126.2341
  362.7500   260.6190     2.4904   119.4499
  362.8750   251.2651     2.4832   113.2602
  363.0000   245.5148     2.4794   110.1599
  363.1250   245.5368     2.4766   109.9995
  363.2500   247.9656     2.4725   110.2563
  363.3750   248.7720     2.4666   108.3357
  363.5000   248.8699     2.4606   103.9855
  363.6250   247.1976     2.4557    99.1841
  363.7500   242.4092     2.4529    96.3376
  363.8750   239.2555     2.4523    95.1610
  364.0000   239.1075     2.4543    94.4002
  364.1250   238.5979     2.4588    92.8899
  364.2500   237.5209     2.4638    91.1684
  364.3750   237.3293     2.4682    90.6672
  364.5000   237.7849     2.4712    92.3726
  364.6250   238.8875     2.4729    96.0405
  364.7500   240.7237     2.4727   100.5905
  364.8750   241.7893     2.4708   104.3045
  365.0000   241.4443     2.4695   106.6929
  365.1250   239.7886     2.4710   108.0093
  365.2500   238.1612     2.4758   108.8444
  365.3750   238.7037     2.4827   109.6128
  365.5000   241.5198     2.4893   110.6780
  365.6250   245.8091     2.4945   113.2774
  365.7500   252.8173     2.4982   118.1752
  365.8750   258.9542     2.4992   123.4334
  366.0000   260.1896     2.4969   126.4598
  366.1250   259.8732     2.4922   126.3594
  366.2500   261.8128     2.4894   126.0690
  366.3750   264.3619     2.4901   129.0603
  366.5000   270.8376     2.4925   136.6608
  366.6250   284.5179     2.4916   146.0522
  366.7500   299.5937     2.4866   154.3574
  366.8750   307.2371     2.4801   160.4751
  367.0000   307.5136     2.4762   165.5513
  367.1250   302.7380     2.4764   169.6549
  367.2500   297.2263     2.4792   172.0014
  367.3750   292.2854     2.4844   174.3520
  367.5000   284.3843     2.4942   178.9126
  367.6250   273.5984     2.5079   183.8119
  367.7500   263.1892     2.5204   183.4148
  367.8750   251.5196     2.5245   173.3092
  368.0000   239.5795     2.5169   156.9094
  368.1250   233.1630     2.5003   139.7774
  368.2500   231.9720     2.4816   124.9602
  368.3750   228.4784     2.4682   111.8724
  368.5000   223.2204     2.4607   101.2393
  368.6250   220.9828     2.4546    95.8055
  368.7500   220.8454     2.4485    95.2118
  368.8750   221.5584     2.4461    97.9399
  369.0000   225.2179     2.4515   100.7351
  369.1250   230.8930     2.4615   102.1875
  369.2500   235.2902     2.4727   103.1989
  369.3750   238.1872     2.4831   105.4388
  369.5000   241.3836     2.4915   108.8923
  369.6250   244.1420     2.4938   111.8044
  369.7500   244.4056     2.4890   113.2094
  369.8750   243.0125     2.4820   114.4791
  370.0000   243.0624     2.4799   116.4072
  370.1250   243.4020     2.4831   118.1914
  370.2500   242.3575     2.4874   119.7134
  370.3750   243.1009     2.4892   122.1870
  370.5000   246.7059     2.4898   126.1937
  370.6250   249.9630     2.4918   131.1908
  370.7500   253.1123     2.4964   135.0416
  370.8750   257.4380     2.5022   136.2254
  371.0000   260.1253     2.5073   134.6260
  371.1250   260.3832     2.5106   133.2171
  371.2500   260.1920     2.5112   133.7064
  371.3750   260.3802     2.5082   135.5925
  371.5000   260.7564     2.5038   135.7905
  371.6250   259.7031     2.5013   133.6323
  371.7500   257.1249     2.5034   131.6450
  371.8750   256.2303     2.5079   131.5630
  372.0000   254.9431     2.5118   132.1190
  372.1250   250.8607     2.5147   131.3068
  372.2500   250.3193     2.5182   129.8049
  372.3750   256.1055     2.5224   129.5659
  372.5000   261.5092     2.5234   131.3997
  372.6250   264.7312     2.5190   134.7453
  372.7500   267.7053     2.5103   139.2200
  372.8750   268.4415     2.5010   143.0019
  373.0000   265.8383     2.4927   144.1618
  373.1250   262.9161     2.4852   141.8720
  373.2500   261.0274     2.4769   137.9509
  373.3750   258.7884     2.4665   133.3039
  373.5000   256.4289     2.4551   128.5179
  373.6250   255.0386     2.4492   124.8516
  373.7500   255.9533     2.4562   123.9551
  373.8750   260.5182     2.4758   126.2296
  374.0000   265.7297     2.4968   129.7722
  374.1250   267.5863     2.5083   132.4997
  374.2500   266.1390     2.5099   133.5776
  374.3750   262.4398     2.5088   133.8649
  374.5000   257.8166     2.5089   133.8299
  374.6250   255.3337     2.5079   133.6443
  374.7500   255.8394     2.5049   134.2428
  374.8750   257.3212     2.5029   135.8150
  375.0000   256.6990     2.5047   135.9794
  375.1250   252.8965     2.5091   132.6262
  375.2500   248.0635     2.5104   127.1219
  375.3750   244.3518     2.5053   123.3552
  375.5000   243.5726     2.4962   123.1715
  375.6250   246.9990     2.4893   125.6280
  375.7500   251.9455     2.4865   128.5663
  375.8750   254.7173     2.4847   129.5241
  376.0000   255.0388     2.4745   127.0414
  376.1250   255.6260     2.4473   121.6286
  376.2500   261.5108     2.3999   114.6678
  376.3750   271.2480     2.3483   106.8829
  376.5000   280.3228     2.3091    99.1104
  376.6250   286.9597     2.2947    93.6977
  376.7500   289.8014     2.2976    91.6009
  376.8750   286.5196     2.3077    92.1105
  377.0000   281.2386     2.3162    93.3112
  377.1250   277.6054     2.3247    95.3066
  377.2500   273.9862     2.3398    99.0960
  377.3750   268.9548     2.3627   103.2660
  377.5000   263.0071     2.3875   106.1753
  377.6250   256.4898     2.4064   107.6762
  377.7500   250.7224     2.4192   109.5909
  377.8750   246.9890     2.4285   112.3911
  378.0000   245.4340     2.4354   114.6333
  378.1250   244.3523     2.4402   115.6070
  378.2500   244.1485     2.4448   115.7948
  378.3750   246.3957     2.4515   116.4889
  378.5000   251.4608     2.4597   118.5979
  378.6250   258.8651     2.4681   122.4748
  378.7500   264.2844     2.4760   127.5886
  378.8750   265.0830     2.4829   131.9671
  379.0000   263.2445     2.4876   133.2737
  379.1250   260.6811     2.4908   131.1214
  379.2500   256.7816     2.4947   127.6511
  379.3750   254.1510     2.5013   125.9623
  379.5000   254.0525     2.5079   126.1805
  379.6250   252.1953     2.5107   126.1813
  379.7500   246.5578     2.5071   124.3125
  379.8750   243.3029     2.5009   122.2657
  380.0000   244.7897     2.4959   121.9806
  380.1250   247.6695     2.4939   123.6081
  380.2500   251.8417     2.4949   126.1485
  380.3750   257.6174     2.4985   128.8339
  380.5000   260.0312     2.5038   130.3309
  380.6250   257.5321     2.5088   129.6449
  380.7500   253.9900     2.5112   127.0246
  380.8750   251.9198     2.5106   125.2848
  381.0000   249.3505     2.5073   125.8615
  381.1250   246.6502     2.5028   127.5609
  381.2500   247.0444     2.4996   128.7166
  381.3750   249.5734     2.4991   129.2857
  381.5000   250.7723     2.5013   129.7341
  381.6250   251.6996     2.5047   130.4842
  381.7500   253.5190     2.5077   130.9074
  381.8750   253.3957     2.5082   131.1240
  382.0000   251.1341     2.5058   131.9003
  382.1250   250.3136     2.5013   133.4491
  382.2500   251.3101     2.4951   135.0256
  382.3750   251.3894     2.4861   135.8176
  382.5000   250.6665     2.4676   135.0936
  382.6250   253.5065     2.4296   132.4892
  382.7500   263.3158     2.3709   126.9822
  382.8750   277.7911     2.3129   118.6185
  383.0000   288.0652     2.2857   111.4174
  383.1250   291.1643     2.3048   108.8246
  383.2500   287.5041     2.3599   110.8953
  383.3750   275.7395     2.4197   114.7384
  383.5000   259.5223     2.4588   118.7337
  383.6250   251.1043     2.4725   122.7240
  383.7500   250.9800     2.4725   126.3089
  383.8750   251.0440     2.4685   127.9061
  384.0000   248.8403     2.4656   126.2316
  384.1250   246.4511     2.4651   121.4857
  384.2500   243.6091     2.4676   116.0925
  384.3750   242.3933     2.4710   113.9095
  384.5000   245.2156     2.4724   115.8986
  384.6250   248.9640     2.4710   120.2628
  384.7500   250.4299     2.4692   124.6006
  384.8750   250.3074     2.4692   127.7546
  385.0000   250.1103     2.4699   128.6900
  385.1250   249.5928     2.4692   127.5673
  385.2500   248.2212     2.4651   125.6268
  385.3750   247.8014     2.4559   123.8354
  385.5000   248.6592     2.4367   121.0368
  385.6250   250.6537     2.3978   115.4751
  385.7500   258.5841     2.3430   107.5462
  385.8750   272.3797     2.2901    98.9837
  386.0000   281.5313     2.2689    93.6257
  386.1250   283.0017     2.2864    93.8955
  386.2500   282.2632     2.3340    99.9086
  386.3750   282.8275     2.3868   109.7397
  386.5000   286.0748     2.4270   121.3420
  386.6250   295.5602     2.4501   133.9406
  386.7500   309.1126     2.4629   145.8433
  386.8750   318.6413     2.4722   154.7165
  387.0000   318.2896     2.4807   158.4199
  387.1250   310.3389     2.4864   157.8714
  387.2500   297.8534     2.4865   155.4011
  387.3750   284.1420     2.4796   154.4003
  387.5000   272.6361     2.4692   154.8668
  387.6250   263.4437     2.4566   154.0404
  387.7500   256.9773     2.4410   147.9536
  387.8750   255.1625     2.4218   136.5266
  388.0000   256.7578     2.4010   122.4381
  388.1250   257.6119     2.3846   110.6401
  388.2500   257.4174     2.3782   103.2517
  388.3750   257.1106     2.3848   100.8396
  388.5000   258.8310     2.3988   102.0524
  388.6250   263.7545     2.4094   105.7438
  388.7500   268.5633     2.4058   110.6646
  388.8750   270.5770     2.3869   113.1680
  389.0000   271.1741     2.3588   110.1881
  389.1250   270.2259     2.3312   101.5891
  389.2500   267.7910     2.3094    93.0948
  389.3750   267.0492     2.2928    89.1754
  389.5000   271.3015     2.2751    89.1658
  389.6250   278.1298     2.2527    88.6699
  389.7500   283.5880     2.2295    86.8527
  389.8750   286.8129     2.2152    86.1757
  390.0000   289.8780     2.2139    88.1902
  390.1250   292.0661     2.2262    92.4019
  390.2500   290.5090     2.2490    97.0769
  390.3750   286.3893     2.2820   101.8908
  390.5000   282.0220     2.3253   106.6286
  390.6250   275.6446     2.3708   111.2285
  390.7500   266.9883     2.4100   116.1712
  390.8750   261.6718     2.4372   122.5320
  391.0000   261.0927     2.4551   130.6829
  391.1250   263.1862     2.4650   139.4456
  391.2500   266.8286     2.4641   144.9766
  391.3750   269.4017     2.4502   144.3024
  391.5000   267.5259     2.4235   136.4904
  391.6250   262.7629     2.3920   124.8040
  391.7500   257.4799     2.3643   113.0983
  391.8750   252.6009     2.3485   104.8572
  392.0000   250.3497     2.3451   100.9748
  392.1250   251.4143     2.3514   101.2421
  392.2500   252.4707     2.3659   104.8767
  392.3750   251.5505     2.3874   110.8868
  392.5000   250.1779     2.4160   120.9045
  392.6250   247.6844     2.4482   137.4597
  392.7500   242.3479     2.4753   158.0916
  392.8750   235.9971     2.4871   175.8411
  393.0000   231.6487     2.4772   181.9207
  393.1250   229.8654     2.4501   176.1422
  393.2500   231.4757     2.4138   161.8080
  393.3750   236.1943     2.3818   144.4386
  393.5000   242.6559     2.3637   127.2197
  393.6250   247.6694     2.3651   113.9085
  393.7500   248.6322     2.3764   107.0384
  393.8750   247.6373     2.3878   105.8253
  394.0000   247.5960     2.3953   106.8037
  394.1250   246.3323     2.4038   107.8537
  394.2500   244.0944     2.4160   109.2548
  394.3750   243.4897     2.4294   111.5386
  394.5000   242.5497     2.4407   113.6031
  394.6250   239.7585     2.4489   114.0377
  394.7500   238.2457     2.4561   113.1772
  394.8750   241.2053     2.4642   113.0155
  395.0000   250.5963     2.4744   115.9560
  395.1250   262.3140     2.4841   122.4833
  395.2500   271.4493     2.4911   130.2453
  395.3750   274.0091     2.4940   135.0044
  395.5000   269.9063     2.4941   134.7033
  395.6250   261.0334     2.4911   130.0770
  395.7500   251.4993     2.4847   123.5381
  395.8750   244.4919     2.4776   116.5794
  396.0000   242.3182     2.4734   109.6170
  396.1250   242.7249     2.4753   104.7168
  396.2500   241.7827     2.4827   103.9525
  396.3750   240.0342     2.4930   108.0864
  396.5000   239.4649     2.5012   113.9960
  396.6250   238.5526     2.5048   118.9813
  396.7500   236.2746     2.5032   121.7432
  396.8750   235.3472     2.4991   122.3329
  397.0000   236.2180     2.4949   121.0070
  397.1250   236.8492     2.4906   118.2286
  397.2500   238.8503     2.4834   114.7764
  397.3750   243.9220     2.4715   111.1930
  397.5000   248.0966     2.4549   108.3657
  397.6250   251.5850     2.4328   106.5617
  397.7500   258.6818     2.4007   104.8630
  397.8750   267.0102     2.3573   101.5291
  398.0000   274.3633     2.3082    96.5334
  398.1250   284.4976     2.2606    90.9727
  398.2500   294.7340     2.2225    86.3664
  398.3750   299.1070     2.2038    84.1030
  398.5000   296.2439     2.2216    86.5148
  398.6250   288.0823     2.2754    93.4074
  398.7500   274.9122     2.3530   103.0385
  398.8750   261.2814     2.4254   112.2816
  399.0000   251.2244     2.4722   119.6506
  399.1250   245.8557     2.4895   124.2968
  399.2500   244.2903     2.4875   125.0745
  399.3750   243.7288     2.4779   122.1393
  399.5000   242.6290     2.4674   117.1370
  399.6250   241.2547     2.4607   113.2281
  399.7500   238.5837     2.4583   111.3956
  399.8750   234.7082     2.4591   110.1899
  400.0000   232.4009     2.4611   107.7451
  400.1250   230.7794     2.4637   103.9901
  400.2500   227.5289     2.4670   100.4593
  400.3750   225.8474     2.4709    98.7425
  400.5000   230.0028     2.4751   100.2800
  400.6250   239.9968     2.4788   106.8371
  400.7500   252.6947     2.4815   117.4212
  400.8750   268.0355     2.4830   128.9838
  401.0000   283.8408     2.4850   137.9556
  401.1250   295.9159     2.4883   143.6928
  401.2500   301.7726     2.4933   145.9393
  401.3750   299.0672     2.5000   144.2816
  401.5000   285.9352     2.5076   138.7093
  401.6250   267.3264     2.5142   130.8821
  401.7500   250.4055     2.5177   123.8698
  401.8750   237.1194     2.5171   119.0752
  402.0000   234.7632     2.5148   117.3765
  402.1250   244.9924     2.5137   118.1651
  402.2500   259.6420     2.5136   121.2037
  402.3750   269.4445     2.5134   126.1383
  402.5000   276.3388     2.5137   132.0480
  402.6250   282.3918     2.5155   137.0739
  402.7500   285.7658     2.5175   139.0383
  402.8750   286.0368     2.5177   138.3310
  403.0000   285.0214     2.5155   137.5664
  403.1250   284.6407     2.5124   138.7817
  403.2500   285.1276     2.5105   141.7258
  403.3750   287.1846     2.5109   144.4798
  403.5000   291.7137     2.5116   146.2392
  403.6250   297.3524     2.5096   148.3733
  403.7500   300.0968     2.5047   151.5525
  403.8750   298.7505     2.5015   154.3318
  404.0000   293.7693     2.5021   156.2766
  404.1250   287.5330     2.5023   157.9934
  404.2500   282.7113     2.4978   159.3341
  404.3750   279.5894     2.4907   158.8496
  404.5000   277.4120     2.4884   155.7484
  404.6250   276.3934     2.4933   151.4735
  404.7500   273.4924     2.5027   146.8958
  404.8750   265.3199     2.5118   141.5031
  405.0000   253.7933     2.5207   135.4541
  405.1250   243.9554     2.5298   130.0676
  405.2500   238.3302     2.5362   126.4715
  405.3750   238.9139     2.5350   126.0775
  405.5000   246.1798     2.5254   128.8171
  405.6250   255.9794     2.5142   132.7918
  405.7500   264.2523     2.5070   136.0422
  405.8750   270.2797     2.5046   136.8420
  406.0000   274.8503     2.5064   135.5781
  406.1250   276.8098     2.5122   134.1798
  406.2500   275.8646     2.5187   133.9019
  406.3750   273.0164     2.5201   134.1687
  406.5000   267.3101     2.5115   132.9315
  406.6250   258.7755     2.4975   129.8437
  406.7500   249.9493     2.4836   125.3673
  406.8750   243.6235     2.4719   119.3745
  407.0000   239.9137     2.4605   112.4899
  407.1250   238.8108     2.4492   106.4206
  407.2500   240.0604     2.4429   103.3467
  407.3750   244.3505     2.4453   104.3718
  407.5000   252.1300     2.4547   109.9976
  407.6250   258.9959     2.4594   117.1319
  407.7500   263.1479     2.4474   121.1714
  407.8750   268.1301     2.4114   117.1275
  408.0000   273.0174     2.3643   106.3216
  408.1250   273.5604     2.3225    92.8112
  408.2500   272.0952     2.3048    82.5256
  408.3750   271.9239     2.3147    79.4864
  408.5000   270.0901     2.3471    84.4087
  408.6250   266.4288     2.3817    93.0165
  408.7500   264.1436     2.3977    99.4412
  408.8750   263.7903     2.3849   100.3680
  409.0000   265.2144     2.3532    96.7263
  409.1250   268.1806     2.3172    91.3848
  409.2500   273.3664     2.2848    86.4666
  409.3750   281.3627     2.2562    82.8004
  409.5000   289.8094     2.2315    80.2232
  409.6250   294.8972     2.2179    79.0270
  409.7500   295.6250     2.2231    79.2640
  409.8750   291.5167     2.2496    81.2149
  410.0000   283.9499     2.2853    84.7405
  410.1250   276.8377     2.3065    88.1946
  410.2500   273.0187     2.2991    90.0610
  410.3750   272.8663     2.2742    90.3531
  410.5000   274.4651     2.2554    90.3307
  410.6250   275.7741     2.2577    90.5874
  410.7500   274.6336     2.2773    90.7336
  410.8750   271.4281     2.3003    90.6510
  411.0000   268.4578     2.3129    90.8348
  411.1250   266.2627     2.3142    91.6015
  411.2500   264.5813     2.3117    92.8098
  411.3750   263.9152     2.3148    94.4432
  411.5000   263.0950     2.3238    96.0492
  411.6250   261.3834     2.3337    96.9879
  411.7500   260.4204     2.3382    97.0337
  411.8750   260.7399     2.3385    96.6124
  412.0000   261.3565     2.3386    96.3206
  412.1250   261.8489     2.3388    95.9050
  412.2500   262.4295     2.3359    94.4149
  412.3750   262.3414     2.3310    92.0951
  412.5000   261.1390     2.3335    91.3579
  412.6250   259.6871     2.3502    93.6283
  412.7500   258.6360     2.3780    97.8352
  412.8750   257.6826     2.4001   100.5672
  413.0000   257.1564     2.4055   100.0986
  413.1250   257.6023     2.3943    97.8716
  413.2500   258.0920     2.3801    96.7083
  413.3750   257.9635     2.3723    97.2251
  413.5000   257.2202     2.3754    97.6138
  413.6250   255.7673     2.3881    97.2970
  413.7500   253.2462     2.4093    98.1126
  413.8750   250.1956     2.4343   101.6813
  414.0000   247.6295     2.4557   106.5933
  414.1250   246.0679     2.4642   110.1875
  414.2500   245.2790     2.4594   111.4207
  414.3750   246.2696     2.4485   110.9405
  414.5000   250.5842     2.4427   110.2764
  414.6250   255.4219     2.4475   111.1372
  414.7500   257.8562     2.4621   113.8228
  414.8750   257.5644     2.4773   116.9992
  415.0000   255.4969     2.4818   118.9972
  415.1250   251.7061     2.4698   118.2920
  415.2500   248.1391     2.4466   114.2548
  415.3750   246.6606     2.4215   107.5130
  415.5000   247.2083     2.4014   100.1538
  415.6250   248.3872     2.3884    95.3075
  415.7500   249.5402     2.3817    93.4129
  415.8750   250.1876     2.3805    92.6354
  416.0000   250.3855     2.3835    92.0433
  416.1250   250.2556     2.3910    92.9165
  416.2500   249.5080     2.4019    96.4892
  416.3750   248.2861     2.4139   100.4890
  416.5000   246.7308     2.4248   102.3175
  416.6250   245.0990     2.4348   102.0433
  416.7500   244.5330     2.4469   102.6020
  416.8750   245.3160     2.4633   105.7507
  417.0000   245.6463     2.4806   110.5297
  417.1250   245.5593     2.4932   114.7255
  417.2500   246.0174     2.4976   117.0226
  417.3750   245.9776     2.4985   118.5528
  417.5000   245.6408     2.5004   120.1442
  417.6250   247.0632     2.5056   122.3434
  417.7500   250.2232     2.5116   125.2540
  417.8750   254.3040     2.5155   128.5175
  418.0000   257.1842     2.5172   130.7934
  418.1250   257.6735     2.5199   131.2536
  418.2500   255.0294     2.5267   130.0656
  418.3750   248.2912     2.5376   128.1216
  418.5000   239.8374     2.5490   126.0654
  418.6250   231.9762     2.5578   125.3511
  418.7500   222.9242     2.5655   126.9115
  418.8750   213.7909     2.5752   129.8797
  419.0000   208.8027     2.5850   133.4237
  419.1250   209.8438     2.5861   137.8168
  419.2500   219.5689     2.5731   142.8802
  419.3750   238.2385     2.5490   146.7185
  419.5000   259.0876     2.5242   147.9276
  419.6250   276.6100     2.5050   146.5895
  419.7500   281.5242     2.4956   143.5049
  419.8750   274.0280     2.4966   139.6882
  420.0000   263.6246     2.5074   136.1334
  420.1250   255.2190     2.5192   133.1745
  420.2500   246.4255     2.5231   130.0265
  420.3750   240.9735     2.5155   125.8411
  420.5000   239.4652     2.5022   121.3607
  420.6250   236.3132     2.4893   117.0915
  420.7500   231.5821     2.4814   113.6679
  420.8750   230.6026     2.4786   112.5934
  421.0000   232.9080     2.4811   114.7063
  421.1250   234.5547     2.4874   117.9821
  421.2500   234.5321     2.4927   119.6784
  421.3750   235.3126     2.4935   119.1487
  421.5000   238.9697     2.4902   118.9644
  421.6250   242.7599     2.4865   120.6959
  421.7500   246.5599     2.4840   124.1316
  421.8750   251.8076     2.4812   127.5286
  422.0000   252.7658     2.4761   128.9546
  422.1250   245.4198     2.4691   126.9894
  422.2500   237.4509     2.4634   123.7167
  422.3750   230.8150     2.4620   120.6451
  422.5000   224.2121     2.4659   118.8573
  422.6250   221.2493     2.4699   118.4708
  422.7500   221.7326     2.4704   118.4482
  422.8750   219.1001     2.4676   115.5265
  423.0000   212.6609     2.4655   107.7051
  423.1250   205.9491     2.4674    96.3354
  423.2500   201.7168     2.4730    87.7241
  423.3750   202.6250     2.4785    86.0762
  423.5000   212.1809     2.4827    92.9050
  423.6250   224.9370     2.4890   103.9284
  423.7500   234.2744     2.4984   113.6874
  423.8750   237.0925     2.5070   116.9218
  424.0000   232.9288     2.5087   113.6948
  424.1250   222.8223     2.5033   107.0086
  424.2500   214.6027     2.4973   101.2812
  424.3750   213.0813     2.4952    99.6357
  424.5000   216.4298     2.4968   103.4032
  424.6250   221.2974     2.4992   110.3791
  424.7500   227.0166     2.5018   116.3480
  424.8750   231.8259     2.5060   119.3980
  425.0000   233.9120     2.5113   121.1173
  425.1250   236.0572     2.5159   122.9964
  425.2500   240.5567     2.5167   124.9168
  425.3750   242.9219     2.5149   125.9807
  425.5000   241.4540     2.5143   125.5814
  425.6250   240.4119     2.5179   123.8108
  425.7500   241.9065     2.5224   122.3220
  425.8750   245.1517     2.5237   122.9958
  426.0000   251.1872     2.5215   125.7967
  426.1250   257.8525     2.5197   128.2185
  426.2500   259.0822     2.5209   129.1505
  426.3750   253.4761     2.5244   129.5031
  426.5000   248.1867     2.5272   130.2137
  426.6250   248.7320     2.5247   132.7415
  426.7500   254.5011     2.5162   138.1955
  426.8750   265.6635     2.5049   145.3841
  427.0000   279.0265     2.4959   151.0313
  427.1250   283.4972     2.4929   152.5672
  427.2500   276.1783     2.4975   150.0327
  427.3750   263.6216     2.5077   145.5985
  427.5000   251.1477     2.5169   141.4748
  427.6250   241.9716     2.5201   138.8660
  427.7500   239.1091     2.5182   138.4080
  427.8750   238.3652     2.5168   138.5183
  428.0000   236.4329     2.5205   136.9150
  428.1250   232.9625     2.5301   133.2250
  428.2500   226.7079     2.5427   128.8275
  428.3750   220.2616     2.5515   125.6832
  428.5000   218.7383     2.5509   124.2494
  428.6250   219.7404     2.5426   123.6220
  428.7500   219.7490     2.5338   123.3263
  428.8750   221.2257     2.5293   122.7581
  429.0000   224.7810     2.5279   122.3952
  429.1250   229.4264     2.5245   124.3846
  429.2500   235.7877     2.5160   128.8066
  429.3750   242.2281     2.5033   134.0832
  429.5000   245.1845     2.4915   137.7390
  429.6250   245.6962     2.4858   138.4995
  429.7500   246.4294     2.4875   136.6622
  429.8750   249.5250     2.4923   134.9383
  430.0000   255.4014     2.4967   134.8634
  430.1250   259.6737     2.4999   135.3206
  430.2500   257.7610     2.5047   132.6778
  430.3750   249.2039     2.5128   125.3432
  430.5000   235.7322     2.5227   116.1128
  430.6250   226.2416     2.5287   109.7706
  430.7500   229.0961     2.5256   110.3139
  430.8750   241.4845     2.5120   118.8429
  431.0000   255.7069     2.4936   129.6805
  431.1250   268.5178     2.4786   136.9429
  431.2500   273.9023     2.4731   138.5409
  431.3750   268.4486     2.4759   136.2450
  431.5000   256.7832     2.4813   131.2974
  431.6250   247.5183     2.4826   124.3861
  431.7500   241.6525     2.4791   118.0256
  431.8750   239.0347     2.4758   116.5079
  432.0000   242.2197     2.4775   119.3678
  432.1250   251.1896     2.4834   123.6317
  432.2500   257.8567     2.4890   124.8285
  432.3750   256.0907     2.4925   121.2999
  432.5000   246.7889     2.4956   112.7258
  432.6250   233.2992     2.4994   100.7826
  432.7500   217.4558     2.5011    88.9922
  432.8750   204.4345     2.4971    81.3476
  433.0000   198.6458     2.4892    79.4257
  433.1250   197.9812     2.4829    82.2850
  433.2500   201.4883     2.4824    89.2241
  433.3750   208.2053     2.4859    98.8522
  433.5000   215.9895     2.4912   110.1052
  433.6250   225.2521     2.4992   121.2436
  433.7500   235.1325     2.5081   130.5381
  433.8750   240.4930     2.5138   136.7733
  434.0000   242.8014     2.5148   140.2172
  434.1250   249.7795     2.5154   144.0881
  434.2500   258.0547     2.5177   151.6926
  434.3750   261.7071     2.5179   162.0476
  434.5000   268.7391     2.5125   170.6208
  434.6250   280.8349     2.5020   173.1926
  434.7500   283.5182     2.4911   171.2769
  434.8750   276.1760     2.4831   167.3385
  435.0000   266.6693     2.4816   161.3202
  435.1250   253.3468     2.4865   153.0593
  435.2500   236.7043     2.4951   143.5411
  435.3750   227.5379     2.5004   135.4432
  435.5000   226.4066     2.4989   129.0659
  435.6250   227.0275     2.4927   122.1663
  435.7500   225.9125     2.4864   113.0460
  435.8750   222.3454     2.4824   103.2350
  436.0000   214.7389     2.4806    95.3369
  436.1250   208.7507     2.4798    91.6679
  436.2500   210.4089     2.4792    93.3887
  436.3750   216.6290     2.4787   100.5580
  436.5000   221.5343     2.4800   108.7276
  436.6250   226.8469     2.4835   113.4180
  436.7500   231.1111     2.4872   113.4528
  436.8750   230.3392     2.4877   112.2782
  437.0000   226.6370     2.4836   110.9269
  437.1250   223.7663     2.4778   108.9411
  437.2500   220.3757     2.4749   107.0376
  437.3750   215.1721     2.4773   105.6198
  437.5000   211.2219     2.4831   104.0101
  437.6250   210.6048     2.4890   102.8720
  437.7500   212.7513     2.4935   104.8685
  437.8750   217.4078     2.4975   110.3039
  438.0000   224.1743     2.5009   117.1469
  438.1250   229.8372     2.5014   123.0716
  438.2500   233.7998     2.4994   128.0361
  438.3750   237.1935     2.4987   131.9851
  438.5000   238.0443     2.5023   133.9732
  438.6250   236.5295     2.5071   134.0586
  438.7500   236.1864     2.5084   132.7909
  438.8750   239.2935     2.5051   131.6245
  439.0000   244.4041     2.5004   131.4837
  439.1250   249.6134     2.4967   133.0400
  439.2500   253.8847     2.4946   136.0456
  439.3750   257.1152     2.4949   138.8348
  439.5000   257.3817     2.4986   138.9266
  439.6250   256.2528     2.5036   136.6626
  439.7500   257.4896     2.5070   134.6886
  439.8750   258.3074     2.5082   135.4041
  440.0000   255.5046     2.5095   137.4533
  440.1250   251.4969     2.5097   139.0808
  440.2500   245.6224     2.5036   140.3559
  440.3750   238.7665     2.4902   143.3441
  440.5000   236.5393     2.4736   149.0341
  440.6250   237.9185     2.4614   155.5167
  440.7500   238.6430     2.4566   159.8805
  440.8750   239.8483     2.4596   159.6574
  441.0000   242.1446     2.4679   155.5941
  441.1250   243.7018     2.4788   149.6746
  441.2500   244.6850     2.4877   144.1217
  441.3750   245.5165     2.4915   139.8861
  441.5000   245.2206     2.4908   136.6658
  441.6250   243.7432     2.4892   134.2878
  441.7500   241.6134     2.4897   133.1744
  441.8750   240.0870     2.4921   133.5830
  442.0000   240.6540     2.4953   134.6172
  442.1250   240.8388     2.4990   134.9241
  442.2500   238.6289     2.5029   133.5147
  442.3750   236.5833     2.5059   130.4933
  442.5000   234.8955     2.5079   127.2128
  442.6250   231.9589     2.5098   125.5586
  442.7500   230.2845     2.5140   126.1648
  442.8750   231.0545     2.5208   127.2943
  443.0000   230.8574     2.5277   126.3275
  443.1250   228.8216     2.5309   124.0612
  443.2500   227.5626     2.5279   122.9486
  443.3750   228.1141     2.5192   124.6289
  443.5000   229.8282     2.5090   127.5447
  443.6250   234.2987     2.5001   130.5147
  443.7500   239.9565     2.4929   133.6215
  443.8750   243.2033     2.4871   135.8992
  444.0000   243.3031     2.4836   135.6543
  444.1250   241.7136     2.4831   133.4983
  444.2500   239.5392     2.4838   131.6796
  444.3750   239.5755     2.4832   131.8750
  444.5000   243.3998     2.4791   133.6192
  444.6250   249.1701     2.4722   136.7607
  444.7500   252.4971     2.4665   140.0499
  444.8750   250.4091     2.4647   140.8127
  445.0000   242.7906     2.4662   137.1255
  445.1250   232.3958     2.4687   129.1266
  445.2500   221.7286     2.4717   119.2735
  445.3750   212.7410     2.4754   109.9756
  445.5000   209.1125     2.4783   104.0208
  445.6250   212.3946     2.4799   103.6577
  445.7500   222.3547     2.4802   110.0699
  445.8750   235.2627     2.4790   119.9386
  446.0000   246.8463     2.4770   128.8196
  446.1250   253.6906     2.4789   133.2419
  446.2500   255.4807     2.4876   134.7150
  446.3750   251.2763     2.5010   135.9678
  446.5000   243.8676     2.5127   138.3766
  446.6250   239.7647     2.5197   140.3717
  446.7500   240.0502     2.5227   140.7591
  446.8750   240.0078     2.5223   140.2974
  447.0000   239.4411     2.5177   140.0493
  447.1250   239.6607     2.5106   139.2425
  447.2500   237.4875     2.5076   135.8682
  447.3750   233.6211     2.5100   130.0639
  447.5000   232.4563     2.5131   124.9828
  447.6250   232.8481     2.5119   123.7011
  447.7500   233.8253     2.5077   126.0058
  447.8750   237.0575     2.5048   129.5711
  448.0000   240.1498     2.5036   132.2815
  448.1250   242.1555     2.5027   134.5416
  448.2500   244.9384     2.5004   138.7053
  448.3750   247.3223     2.4983   144.5385
  448.5000   247.8040     2.4991   149.1689
  448.6250   247.6554     2.5044   149.6036
  448.7500   246.5930     2.5124   146.6442
  448.8750   243.3156     2.5208   142.8453
  449.0000   239.8857     2.5279   139.8032
  449.1250   236.9893     2.5326   136.4680
  449.2500   233.0009     2.5339   132.6445
  449.3750   228.8579     2.5329   129.5055
  449.5000   226.2016     2.5320   126.9754
  449.6250   225.0413     2.5321   124.9445
  449.7500   225.5503     2.5316   123.7601
  449.8750   228.2153     2.5300   124.6458
  450.0000   231.3942     2.5283   127.8658
  450.1250   234.4018     2.5268   131.3201
  450.2500   238.3399     2.5240   134.3807
  450.3750   242.4479     2.5190   137.8865
  450.5000   245.5514     2.5132   141.5127
  450.6250   247.1752     2.5102   143.3285
  450.7500   245.8838     2.5119   142.2151
  450.8750   242.0869     2.5164   140.4594
  451.0000   239.8176     2.5172   141.8153
  451.1250   239.7909     2.5101   145.7504
  451.2500   241.3943     2.4962   150.2903
  451.3750   245.1413     2.4832   153.4975
  451.5000   247.9585     2.4789   154.7150
  451.6250   245.9765     2.4888   151.9775
  451.7500   240.9492     2.5113   144.5882
  451.8750   234.9753     2.5386   135.0576
  452.0000   227.5740     2.5620   126.5643
  452.1250   222.3035     2.5757   121.0242
  452.2500   221.7749     2.5792   118.9939
  452.3750   224.3454     2.5725   121.2758
  452.5000   228.4753     2.5611   125.8829
  452.6250   233.7164     2.5507   130.1824
  452.7500   237.9075     2.5458   133.1522
  452.8750   240.7834     2.5460   135.6117
  453.0000   241.7738     2.5510   137.3027
  453.1250   240.1243     2.5590   136.4304
  453.2500   238.2333     2.5640   132.6543
  453.3750   237.3485     2.5585   127.0167
  453.5000   237.0259     2.5417   121.6744
  453.6250   238.3107     2.5215   118.6138
  453.7500   242.0938     2.5067   119.8900
  453.8750   246.3622     2.5010   125.0061
  454.0000   249.2902     2.5029   131.7556
  454.1250   250.2110     2.5082   136.2589
  454.2500   250.0477     2.5126   136.8803
  454.3750   249.4925     2.5146   133.9540
  454.5000   249.7893     2.5155   129.6517
  454.6250   251.2536     2.5171   126.9266
  454.7500   252.5996     2.5207   126.9281
  454.8750   251.6189     2.5270   128.2441
  455.0000   247.7165     2.5348   128.6335
  455.1250   241.7944     2.5422   127.2013
  455.2500   235.7940     2.5467   125.1455
  455.3750   231.1735     2.5475   123.1789
  455.5000   230.5203     2.5444   122.0400
  455.6250   233.1032     2.5401   122.8147
  455.7500   236.6241     2.5369   125.9997
  455.8750   241.1537     2.5363   130.0887
  456.0000   245.3585     2.5383   133.2122
  456.1250   246.1598     2.5442   136.2103
  456.2500   245.4599     2.5550   143.1515
  456.3750   244.7256     2.5671   156.2327
  456.5000   240.1627     2.5748   171.6973
  456.6250   233.8183     2.5758   177.7930
  456.7500   230.8963     2.5728   169.3641
  456.8750   230.5347     2.5675   150.8107
  457.0000   230.7462     2.5598   134.9269
  457.1250   233.1240     2.5498   126.7110
  457.2500   236.6333     2.5393   124.3344
  457.3750   238.4739     2.5306   123.0917
  457.5000   238.4906     2.5257   121.8020
  457.6250   237.2815     2.5267   119.8687
  457.7500   235.9507     2.5315   116.9015
  457.8750   235.9180     2.5366   113.1291
  458.0000   236.9928     2.5397   110.1330
  458.1250   238.6367     2.5415   109.8773
  458.2500   241.3473     2.5419   112.4200
  458.3750   243.9989     2.5386   114.8824
  458.5000   245.3594     2.5307   114.9618
  458.6250   245.5314     2.5196   112.2323
  458.7500   244.7179     2.5101   108.9238
  458.8750   242.9539     2.5057   106.0360
  459.0000   241.0143     2.5095   103.7315
  459.1250   239.1503     2.5185   102.2866
  459.2500   237.3260     2.5277   102.1206
  459.3750   236.0091     2.5307   103.1901
  459.5000   235.7850     2.5273   104.4929
  459.6250   237.1782     2.5195   105.5069
  459.7500   238.7879     2.5109   106.6393
  459.8750   238.9578     2.5030   107.2138
  460.0000   238.0306     2.4984   105.6548
  460.1250   237.0015     2.4992   101.4203
  460.2500   235.6857     2.5048    95.8857
  460.3750   234.7364     2.5126    91.7166
  460.5000   234.7214     2.5213    89.9696
  460.6250   234.0815     2.5313    89.9688
  460.7500   231.3452     2.5400    90.2401
  460.8750   227.8606     2.5437    89.0658
  461.0000   224.7910     2.5416    86.2271
  461.1250   223.1428     2.5375    83.4758
  461.2500   223.4353     2.5344    82.7991
  461.3750   225.1052     2.5319    85.2222
  461.5000   226.3278     2.5261    89.2583
  461.6250   226.6761     2.5154    92.7854
  461.7500   225.6970     2.5022    93.7257
  461.8750   222.5148     2.4930    91.5005
  462.0000   218.1049     2.4913    87.8070
  462.1250   214.4188     2.4961    85.0515
  462.2500   210.8390     2.5016    84.1079
  462.3750   207.7410     2.5052    84.4997
  462.5000   207.3908     2.5082    84.7286
  462.6250   207.9328     2.5113    84.4744
  462.7500   206.9219     2.5123    83.9456
  462.8750   207.1479     2.5087    83.7853
  463.0000   209.4460     2.5022    83.9719
  463.1250   210.6250     2.4946    83.9768
  463.2500   211.8680     2.4842    84.5963
  463.3750   215.2161     2.4687    86.6845
  463.5000   217.3095     2.4519    89.8996
  463.6250   217.8250     2.4433    92.2745
  463.7500   219.3644     2.4476    92.6488
  463.8750   221.0960     2.4633    91.6682
  464.0000   221.7896     2.4821    90.9549
  464.1250   221.6962     2.4982    90.9431
  464.2500   219.1710     2.5078    90.2432
  464.3750   214.7536     2.5113    87.3394
  464.5000   210.0964     2.5107    82.2408
  464.6250   205.9344     2.5091    77.8649
  464.7500   204.2605     2.5082    76.7689
  464.8750   207.8642     2.5070    79.7741
  465.0000   214.9296     2.5041    85.1148
  465.1250   223.2842     2.4996    91.6955
  465.2500   231.5617     2.4950    98.9308
  465.3750   238.0639     2.4908   105.0966
  465.5000   241.8780     2.4853   108.6051
  465.6250   242.9710     2.4778   109.3780
  465.7500   242.3056     2.4710   109.6128
  465.8750   240.7013     2.4684   110.1490
  466.0000   238.9557     2.4718   109.9332
  466.1250   237.8933     2.4810   108.6806
  466.2500   237.3819     2.4953   107.5364
  466.3750   236.6873     2.5108   108.0850
  466.5000   237.0613     2.5239   110.5177
  466.6250   239.0094     2.5309   113.8851
  466.7500   240.2907     2.5301   117.2561
  466.8750   241.0113     2.5201   119.7054
  467.0000   242.9754     2.5020   119.4858
  467.1250   244.9629     2.4838   116.8094
  467.2500   245.5463     2.4724   113.3578
  467.3750   245.5689     2.4702   111.3622
  467.5000   245.6485     2.4725   110.6235
  467.6250   245.0046     2.4744   109.7954
  467.7500   243.9368     2.4727   108.5171
  467.8750   243.5989     2.4686   107.7573
  468.0000   244.0526     2.4658   108.1660
  468.1250   244.7887     2.4666   109.1244
  468.2500   245.7502     2.4698   109.6895
  468.3750   246.3995     2.4701   109.1778
  468.5000   246.2926     2.4649   108.3097
  468.6250   245.6697     2.4562   107.9949
  468.7500   245.1289     2.4496   109.1042
  468.8750   245.2119     2.4477   110.4165
  469.0000   246.2327     2.4490   110.7357
  469.1250   247.7098     2.4513   110.2632
  469.2500   248.8247     2.4539   109.6892
  469.3750   249.1779     2.4577   108.9430
  469.5000   248.4963     2.4627   107.7087
  469.6250   246.3382     2.4662   106.3499
  469.7500   242.6119     2.4645   104.8219
  469.8750   237.9564     2.4594   101.8370
  470.0000   233.4460     2.4559    97.8455
  470.1250   231.8526     2.4591    95.9198
  470.2500   233.5841     2.4666    97.8645
  470.3750   237.5504     2.4739   102.6604
  470.5000   242.9194     2.4751   107.7425
  470.6250   247.2775     2.4689   112.3924
  470.7500   247.8217     2.4582   116.6648
  470.8750   245.9616     2.4507   119.3493
  471.0000   244.0582     2.4506   119.4865
  471.1250   242.7649     2.4585   117.2611
  471.2500   242.9038     2.4693   114.4879
  471.3750   244.4730     2.4793   112.5152
  471.5000   246.4456     2.4879   111.6129
  471.6250   247.9089     2.4979   111.2872
  471.7500   247.7816     2.5100   111.4134
  471.8750   245.5256     2.5188   112.6416
  472.0000   242.2314     2.5189   114.4047
  472.1250   238.4178     2.5085   115.1670
  472.2500   235.1195     2.4945   113.5845
  472.3750   233.1330     2.4845   110.2285
  472.5000   231.3141     2.4829   105.4145
  472.6250   227.9061     2.4884    99.8344
  472.7500   223.0402     2.4977    94.0034
  472.8750   216.7844     2.5080    88.0751
  473.0000   210.4043     2.5167    83.0011
  473.1250   207.4520     2.5222    81.5965
  473.2500   210.4728     2.5236    87.9426
  473.3750   216.9154     2.5226    99.9865
  473.5000   226.0099     2.5210   112.8420
  473.6250   235.3968     2.5211   121.2658
  473.7500   240.7254     2.5229   124.1810
  473.8750   240.5569     2.5248   121.7312
  474.0000   235.8462     2.5264   115.6589
  474.1250   228.2479     2.5281   108.3184
  474.2500   221.2456     2.5283   102.2945
  474.3750   218.3802     2.5267    99.4927
  474.5000   220.1224     2.5244   100.1255
  474.6250   225.4304     2.5230   104.2976
  474.7500   231.5899     2.5235   110.8566
  474.8750   237.2016     2.5265   118.0573
  475.0000   240.3239     2.5313   122.3908
  475.1250   239.9601     2.5346   122.4072
  475.2500   236.7652     2.5335   118.8007
  475.3750   232.7747     2.5281   113.9362
  475.5000   228.4972     2.5211   109.1378
  475.6250   223.1413     2.5154   103.6909
  475.7500   217.4757     2.5137    96.7421
  475.8750   212.7441     2.5167    88.9942
  476.0000   207.9236     2.5230    81.9776
  476.1250   202.4379     2.5283    77.6664
  476.2500   199.4491     2.5305    77.7075
  476.3750   202.1733     2.5317    84.1944
  476.5000   208.1566     2.5343    96.0158
  476.6250   215.7675     2.5368   110.1804
  476.7500   224.3408     2.5354   121.6081
  476.8750   231.8912     2.5299   127.9621
  477.0000   236.1206     2.5231   128.7939
  477.1250   236.7908     2.5186   125.8393
  477.2500   235.3497     2.5169   120.9485
  477.3750   233.5071     2.5178   115.9883
  477.5000   232.6866     2.5217   113.4269
  477.6250   232.4376     2.5282   114.2429
  477.7500   232.6262     2.5335   117.4209
  477.8750   234.0057     2.5336   119.7825
  478.0000   235.5303     2.5292   120.2055
  478.1250   235.5280     2.5256   120.2019
  478.2500   235.1152     2.5253   121.1081
  478.3750   235.4158     2.5273   122.2559
  478.5000   235.9187     2.5292   122.4844
  478.6250   235.4566     2.5307   122.4852
  478.7500   234.0441     2.5314   122.7189
  478.8750   232.8738     2.5298   122.0933
  479.0000   232.0639     2.5262   120.2377
  479.1250   231.6087     2.5233   118.4362
  479.2500   231.6535     2.5232   117.9884
  479.3750   231.9213     2.5242   117.9991
  479.5000   231.6516     2.5233   117.2934
  479.6250   229.4983     2.5211   115.4943
  479.7500   225.0547     2.5193   111.5108
  479.8750   220.9237     2.5199   104.8060
  480.0000   218.8856     2.5231    99.6931
  480.1250   218.5893     2.5294   101.5498
  480.2500   220.1783     2.5394   110.7178
  480.3750   223.6307     2.5503   121.3068
  480.5000   226.7957     2.5578   128.4038
  480.6250   227.7788     2.5594   131.6104
  480.7500   227.5609     2.5577   132.8799
  480.8750   227.6489     2.5567   134.1775
  481.0000   228.8296     2.5576   136.3249
  481.1250   231.2849     2.5606   139.1101
  481.2500   234.3084     2.5669   141.5436
  481.3750   237.1633     2.5742   142.9392
  481.5000   239.5311     2.5775   142.7048
  481.6250   241.1631     2.5731   141.5648
  481.7500   242.2129     2.5645   141.5622
  481.8750   242.5360     2.5567   143.5370
  482.0000   242.4084     2.5527   145.8110
  482.1250   241.9698     2.5526   146.8343
  482.2500   239.8145     2.5558   145.8644
  482.3750   236.1143     2.5607   142.6467
  482.5000   232.9750     2.5651   137.8420
  482.6250   231.2663     2.5659   134.7870
  482.7500   229.9027     2.5617   135.4429
  482.8750   229.3785     2.5543   138.2232
  483.0000   230.1540     2.5477   139.0926
  483.1250   230.2963     2.5437   136.6214
  483.2500   229.4760     2.5414   132.7071
  483.3750   229.9522     2.5392   130.1141
  483.5000   231.5505     2.5366   128.8540
  483.6250   232.5859     2.5320   127.6276
  483.7500   233.2511     2.5252   125.6799
  483.8750   233.6264     2.5184   123.5846
  484.0000   233.0476     2.5155   121.2371
  484.1250   231.8722     2.5163   117.2435
  484.2500   229.9850     2.5186   111.8352
  484.3750   228.2450     2.5192   107.2187
  484.5000   229.0853     2.5172   105.0437
  484.6250   232.0750     2.5137   106.1247
  484.7500   235.2218     2.5112   111.7938
  484.8750   239.0978     2.5104   121.2570
  485.0000   242.8490     2.5100   131.6062
  485.1250   243.2564     2.5069   137.6963
  485.2500   241.2510     2.4980   138.0708
  485.3750   240.0945     2.4811   134.6383
  485.5000   240.3912     2.4604   131.2326
  485.6250   240.7942     2.4436   129.0452
  485.7500   241.1650     2.4405   126.9440
  485.8750   241.7578     2.4524   123.4060
  486.0000   241.1760     2.4749   118.7300
  486.1250   239.4482     2.4958   115.3784
  486.2500   239.3553     2.5054   114.3427
  486.3750   240.8331     2.5023   114.0687
  486.5000   242.0939     2.4964   113.2054
  486.6250   243.6864     2.4969   113.3525
  486.7500   245.3543     2.5060   116.4479
  486.8750   245.3160     2.5177   121.4269
  487.0000   244.2001     2.5270   125.4170
  487.1250   243.0632     2.5311   127.1756
  487.2500   241.6565     2.5294   127.9173
  487.3750   240.2123     2.5212   128.1097
  487.5000   239.1652     2.5098   127.4810
  487.6250   238.1798     2.5027   125.7144
  487.7500   236.7231     2.5035   122.8390
  487.8750   235.1052     2.5080   120.6313
  488.0000   234.5608     2.5085   120.5121
  488.1250   235.3048     2.5015   122.4489
  488.2500   236.8212     2.4905   124.7191
  488.3750   239.0409     2.4810   125.7152
  488.5000   241.0153     2.4747   124.6476
  488.6250   241.5073     2.4700   122.0945
  488.7500   241.1106     2.4664   119.1387
  488.8750   240.4922     2.4648   116.8595
  489.0000   240.3142     2.4654   115.8158
  489.1250   241.3391     2.4675   116.3329
  489.2500   242.4944     2.4708   117.3516
  489.3750   241.8577     2.4740   116.9332
  489.5000   239.7261     2.4763   114.5733
  489.6250   237.4591     2.4767   111.5099
  489.7500   235.2379     2.4760   108.7804
  489.8750   234.0615     2.4752   106.8975
  490.0000   235.3366     2.4734   106.8322
  490.1250   237.5615     2.4704   108.4636
  490.2500   239.0098     2.4668   110.1267
  490.3750   240.1895     2.4642   110.2763
  490.5000   241.0930     2.4631   110.2390
  490.6250   240.5335     2.4633   112.0175
  490.7500   237.9973     2.4650   114.1369
  490.8750   234.0751     2.4688   114.1310
  491.0000   230.9080     2.4731   110.4578
  491.1250   229.2790     2.4762   105.3157
  491.2500   228.7873     2.4771   101.2674
  491.3750   229.0296     2.4768    98.6593
  491.5000   229.5636     2.4783    96.3522
  491.6250   229.9412     2.4837    93.8914
  491.7500   229.8587     2.4909    91.9332
  491.8750   230.0692     2.4945    91.1772
  492.0000   232.3226     2.4882    91.6031
  492.1250   235.8232     2.4749    92.2920
  492.2500   238.6239     2.4619    93.0831
  492.3750   240.6515     2.4575    95.3573
  492.5000   245.6732     2.4601    99.5784
  492.6250   255.9452     2.4645   104.6780
  492.7500   265.4925     2.4658   108.2522
  492.8750   269.1834     2.4651   109.7803
  493.0000   268.5308     2.4658   110.2757
  493.1250   264.7667     2.4691   111.6744
  493.2500   259.0842     2.4737   115.9411
  493.3750   258.0293     2.4790   125.3692
  493.5000   263.2638     2.4853   138.2026
  493.6250   269.2195     2.4936   150.2082
  493.7500   271.5014     2.5039   156.7842
  493.8750   269.8055     2.5148   158.5935
  494.0000   264.3465     2.5242   157.4030
  494.1250   258.6631     2.5304   154.5881
  494.2500   255.6739     2.5316   151.2796
  494.3750   253.9431     2.5246   147.5589
  494.5000   251.2525     2.5098   142.1473
  494.6250   247.9166     2.4943   133.8312
  494.7500   244.3858     2.4858   123.7036
  494.8750   241.2510     2.4862   115.7369
  495.0000   238.8962     2.4923   111.4896
  495.1250   237.4784     2.4989   109.9470
  495.2500   237.1745     2.5036   108.8125
  495.3750   237.5493     2.5077   107.4458
  495.5000   237.8464     2.5125   106.7569
  495.6250   238.3434     2.5157   107.3881
  495.7500   238.6282     2.5138   109.7454
  495.8750   237.2905     2.5060   113.2645
  496.0000   235.7939     2.4966   116.9211
  496.1250   237.0054     2.4903   120.6161
  496.2500   241.2660     2.4905   126.3652
  496.3750   247.3782     2.4959   135.6223
  496.5000   254.5735     2.5030   147.6563
  496.6250   259.8528     2.5079   157.7987
  496.7500   260.8182     2.5108   162.9208
  496.8750   256.9490     2.5139   162.4956
  497.0000   250.9681     2.5179   159.8537
  497.1250   245.4686     2.5222   156.6039
  497.2500   242.8639     2.5261   152.8548
  497.3750   242.9740     2.5306   148.5978
  497.5000   244.8157     2.5362   144.8201
  497.6250   246.7331     2.5402   141.7731
  497.7500   247.1280     2.5395   138.2590
  497.8750   245.2303     2.5323   134.3783
  498.0000   243.0566     2.5202   131.1892
  498.1250   242.2341     2.5068   128.2479
  498.2500   242.5337     2.4964   123.9719
  498.3750   243.8519     2.4912   118.4539
  498.5000   246.0031     2.4899   113.2598
  498.6250   247.1013     2.4891   109.5364
  498.7500   246.7753     2.4855   107.2379
  498.8750   245.9234     2.4782   107.0022
  499.0000   244.5686     2.4688   108.5520
  499.1250   242.9683     2.4605   109.5352
  499.2500   242.6645     2.4557   109.4380
  499.3750   245.4136     2.4545   110.2095
  499.5000   249.9486     2.4553   111.8082
  499.6250   253.2703     2.4572   112.1647
  499.7500   254.2299     2.4605   110.6987
  499.8750   253.5052     2.4653   109.6028
  500.0000   250.6306     2.4697   110.6472
  500.1250   247.3642     2.4712   111.6931
  500.2500   246.7458     2.4699   111.2883
  500.3750   249.0153     2.4688   110.5698
  500.5000   251.3201     2.4692   111.4587
  500.6250   252.9840     2.4694   113.6520
  500.7500   253.4728     2.4667   113.9326
  500.8750   252.2754     2.4620   110.7478
  501.0000   249.7341     2.4588   105.5502
  501.1250   247.0787     2.4603   102.3414
  501.2500   245.6598     2.4653   102.5243
  501.3750   246.3502     2.4706   105.1324
  501.5000   247.8385     2.4727   108.0120
  501.6250   249.3181     2.4723   110.8831
  501.7500   250.6470     2.4722   113.2530
  501.8750   251.2041     2.4733   113.7862
  502.0000   250.7301     2.4732   112.2622
  502.1250   250.0161     2.4686   110.4386
  502.2500   249.5475     2.4603   109.5906
  502.3750   248.7651     2.4520   109.3035
  502.5000   247.4189     2.4471   108.0071
  502.6250   246.6233     2.4443   106.1299
  502.7500   246.8032     2.4428   104.7976
  502.8750   247.0578     2.4443   104.2266
  503.0000   247.3334     2.4514   104.0105
  503.1250   247.3762     2.4615   103.9849
  503.2500   246.2610     2.4670   104.0848
  503.3750   244.6632     2.4655   104.4805
  503.5000   244.3337     2.4610   104.4787
  503.6250   245.0525     2.4584   104.1395
  503.7500   246.2875     2.4568   104.0934
  503.8750   248.0511     2.4533   104.5115
  504.0000   249.6650     2.4485   105.0062
  504.1250   249.6921     2.4447   105.5373
  504.2500   247.6113     2.4414   106.1110
  504.3750   244.7105     2.4374   106.1892
  504.5000   242.4718     2.4325   104.8587
  504.6250   241.2565     2.4278   103.1174
  504.7500   241.5066     2.4237   101.9536
  504.8750   243.8429     2.4220   101.6421
  505.0000   246.3907     2.4250   102.3600
  505.1250   247.5044     2.4332   104.9632
  505.2500   246.9579     2.4446   108.9234
  505.3750   246.0713     2.4554   111.6814
  505.5000   246.1881     2.4628   112.1118
  505.6250   247.6763     2.4651   111.9945
  505.7500   250.0293     2.4623   112.8876
  505.8750   253.4567     2.4557   114.7508
  506.0000   256.2930     2.4495   116.1527
  506.1250   255.7847     2.4461   116.4223
  506.2500   251.9858     2.4455   114.6044
  506.3750   248.6884     2.4460   111.4860
  506.5000   247.2632     2.4472   109.2236
  506.6250   247.7434     2.4495   109.9457
  506.7500   249.8455     2.4515   112.2959
  506.8750   252.7867     2.4507   114.0219
  507.0000   254.6429     2.4480   113.4716
  507.1250   254.1511     2.4468   111.0258
  507.2500   251.9497     2.4498   108.2750
  507.3750   251.7378     2.4563   107.8739
  507.5000   253.7021     2.4626   109.5004
  507.6250   254.6241     2.4641   110.6155
  507.7500   254.5368     2.4603   110.1311
  507.8750   254.7395     2.4549   109.4711
  508.0000   253.4424     2.4514   110.1197
  508.1250   250.8718     2.4495   110.8044
  508.2500   250.1631     2.4491   110.7879
  508.3750   252.7491     2.4534   110.3679
  508.5000   255.5173     2.4626   110.4171
  508.6250   256.9630     2.4732   111.9984
  508.7500   258.1628     2.4794   115.0316
  508.8750   258.5226     2.4797   117.2387
  509.0000   257.2349     2.4744   116.6450
  509.1250   257.7372     2.4666   114.1456
  509.2500   260.5447     2.4620   112.4835
  509.3750   262.2189     2.4654   113.2517
  509.5000   262.4949     2.4752   115.4955
  509.6250   262.1310     2.4866   117.4858
  509.7500   260.2417     2.4946   118.0458
  509.8750   258.5052     2.4958   118.0464
  510.0000   259.6414     2.4846   118.4793
  510.1250   264.2530     2.4555   117.8759
  510.2500   269.9257     2.4131   113.4684
  510.3750   275.0449     2.3651   102.8646
  510.5000   279.7090     2.3208    87.2317
  510.6250   283.5172     2.2866    70.5374
  510.7500   285.1010     2.2683    57.4580
  510.8750   286.5427     2.2634    50.2208
  511.0000   289.6300     2.2640    47.8480
  511.1250   292.1031     2.2651    48.0102
  511.2500   292.2354     2.2689    48.4867
  511.3750   291.6393     2.2777    49.0821
  511.5000   290.4465     2.2862    50.4877
  511.6250   288.2971     2.2860    52.2806
  511.7500   287.1301     2.2754    53.2617
  511.8750   288.1630     2.2589    52.6338
  512.0000   290.1451     2.2435    51.2922
  512.1250   292.2496     2.2350    50.6452
  512.2500   293.9997     2.2349    51.4322
  512.3750   295.6451     2.2398    52.7612
  512.5000   297.0146     2.2457    53.2628
  512.6250   297.3770     2.2486    52.5681
  512.7500   297.0212     2.2466    51.6480
  512.8750   296.5089     2.2402    51.6056
  513.0000   295.9717     2.2345    51.7367
  513.1250   295.9712     2.2315    51.2362
  513.2500   297.0274     2.2275    50.3089
  513.3750   298.7488     2.2174    50.2877
  513.5000   300.2306     2.2010    52.2219
  513.6250   300.3824     2.1818    55.2299
  513.7500   300.0157     2.1650    57.4206
  513.8750   299.6205     2.1598    57.7009
  514.0000   298.2574     2.1712    56.8853
  514.1250   296.9136     2.1934    55.9624
  514.2500   297.3573     2.2139    54.8249
  514.3750   298.3980     2.2249    53.0690
  514.5000   299.0602     2.2270    50.9988
  514.6250   298.1425     2.2250    49.9955
  514.7500   296.0506     2.2241    50.3727
  514.8750   294.6704     2.2250    50.8546
  515.0000   293.4294     2.2259    49.6936
  515.1250   292.2338     2.2242    47.3745
  515.2500   293.9101     2.2170    45.8697
  515.3750   297.7619     2.2009    46.1889
  515.5000   301.4010     2.1748    46.8083
  515.6250   305.3983     2.1420    45.8714
  515.7500   309.4811     2.1180    43.6399
  515.8750   311.8656     2.1159    41.9671
  516.0000   309.8827     2.1441    43.3506
  516.1250   303.5526     2.1919    47.8168
  516.2500   295.4400     2.2473    54.2737
  516.3750   288.1302     2.2945    60.4215
  516.5000   281.5167     2.3241    64.4412
  516.6250   277.3513     2.3331    66.2047
  516.7500   277.9206     2.3264    66.6373
  516.8750   280.9496     2.3118    66.2156
  517.0000   282.8906     2.2969    64.7376
  517.1250   282.5580     2.2929    62.5779
  517.2500   280.1372     2.3063    61.2711
  517.3750   273.6991     2.3353    62.4767
  517.5000   264.3289     2.3632    65.4158
  517.6250   257.2647     2.3798    69.3208
  517.7500   256.8064     2.3892    74.6406
  517.8750   259.1807     2.4056    83.0711
  518.0000   262.0417     2.4321    94.8481
  518.1250   264.0274     2.4605   105.8470
  518.2500   262.1053     2.4852   112.4438
  518.3750   253.8916     2.5096   114.2816
  518.5000   243.7528     2.5343   114.7605
  518.6250   237.3649     2.5506   116.2013
  518.7500   236.4668     2.5496   118.4053
  518.8750   239.0814     2.5372   119.6917
  519.0000   243.9108     2.5238   119.1606
  519.1250   247.6607     2.5155   116.7852
  519.2500   246.8249     2.5141   113.9374
  519.3750   241.4400     2.5218   111.9432
  519.5000   234.4410     2.5401   111.2163
  519.6250   229.6193     2.5621   110.9291
  519.7500   228.9069     2.5799   111.4167
  519.8750   231.2996     2.5894   114.8511
  520.0000   234.7898     2.5940   121.3374
  520.1250   237.4528     2.5962   127.5849
  520.2500   237.4690     2.5955   128.9176
  520.3750   236.1912     2.5889   125.7835
  520.5000   236.0501     2.5730   120.9859
  520.6250   237.4999     2.5479   116.3056
  520.7500   240.5093     2.5180   111.1885
  520.8750   244.0948     2.4906   106.3668
  521.0000   245.4296     2.4707   103.9094
  521.1250   244.7478     2.4582   104.1726
  521.2500   244.8556     2.4499   104.2977
  521.3750   245.1074     2.4425   102.1553
  521.5000   244.6783     2.4339    98.4885
  521.6250   245.6010     2.4224    95.4246
  521.7500   247.1512     2.4091    92.9993
  521.8750   246.8889     2.3983    89.9468
  522.0000   246.3967     2.3945    85.8571
  522.1250   247.1000     2.3977    81.8075
  522.2500   247.0765     2.4043    79.2003
  522.3750   246.2068     2.4095    78.7655
  522.5000   245.7157     2.4123    80.3047
  522.6250   246.0295     2.4139    82.0351
  522.7500   248.6092     2.4176    82.7802
  522.8750   253.3501     2.4262    83.6107
  523.0000   256.5089     2.4392    86.8427
  523.1250   259.0175     2.4486    91.2741
  523.2500   263.4166     2.4450    92.9193
  523.3750   266.7656     2.4260    89.1022
  523.5000   269.1771     2.3951    80.9447
  523.6250   274.7547     2.3552    70.5245
  523.7500   281.4029     2.3123    60.1639
  523.8750   286.3173     2.2725    51.2305
  524.0000   290.7904     2.2420    45.3530
  524.1250   294.2270     2.2212    42.0243
  524.2500   294.1234     2.2101    40.7329
  524.3750   291.7857     2.2084    41.2813
  524.5000   289.1065     2.2166    43.4741
  524.6250   284.4203     2.2399    48.2647
  524.7500   277.5764     2.2840    57.4243
  524.8750   271.0705     2.3451    70.6726
  525.0000   264.5456     2.4112    85.7009
  525.1250   256.9915     2.4631    97.5946
  525.2500   251.2610     2.4920   103.2680
  525.3750   250.4522     2.4983   102.1382
  525.5000   251.7939     2.4961    98.9716
  525.6250   253.2734     2.4927    97.4449
  525.7500   256.7443     2.4858    98.4056
  525.8750   261.7789     2.4681    98.3546
  526.0000   265.8535     2.4356    94.2730
  526.1250   268.5230     2.3960    86.0891
  526.2500   269.7442     2.3646    77.5934
  526.3750   267.8130     2.3548    72.9736
  526.5000   263.7335     2.3649    72.8302
  526.6250   259.3472     2.3786    74.1503
  526.7500   255.7382     2.3796    74.4839
  526.8750   254.1054     2.3698    74.0104
  527.0000   253.8177     2.3605    73.1854
  527.1250   253.4191     2.3593    71.9024
  527.2500   253.2717     2.3613    70.4575
  527.3750   253.5443     2.3633    69.6235
  527.5000   254.7540     2.3671    70.1918
  527.6250   257.2174     2.3757    72.2744
  527.7500   258.6451     2.3876    75.5337
  527.8750   257.0395     2.3969    78.1977
  528.0000   254.1893     2.4007    78.8383
  528.1250   250.7194     2.4006    77.0530
  528.2500   247.2593     2.4006    74.5452
  528.3750   245.7759     2.4022    73.2813
  528.5000   246.3187     2.4039    73.9590
  528.6250   246.5496     2.4066    75.0655
  528.7500   245.1955     2.4156    75.5415
  528.8750   241.5230     2.4416    77.6149
  529.0000   237.1545     2.4855    84.6194
  529.1250   232.9638     2.5400    96.2397
  529.2500   228.8926     2.5891   107.1112
  529.3750   226.3196     2.6224   113.2690
  529.5000   225.4011     2.6373   114.7578
  529.6250   224.0265     2.6396   115.4147
  529.7500   223.2682     2.6352   117.4274
  529.8750   225.6364     2.6245   120.8616
  530.0000   229.6892     2.6062   123.7488
  530.1250   233.7884     2.5797   123.8945
  530.2500   237.2477     2.5462   117.5676
  530.3750   238.5088     2.5129   104.9012
  530.5000   236.2605     2.4871    89.3442
  530.6250   232.2654     2.4745    78.1196
  530.7500   230.0445     2.4706    75.8411
  530.8750   231.2662     2.4687    82.6059
  531.0000   235.7241     2.4649    93.1204
  531.1250   241.8800     2.4619   102.3667
  531.2500   247.5072     2.4631   108.0633
  531.3750   251.0079     2.4676   111.3797
  531.5000   252.7523     2.4734   113.9723
  531.6250   253.4995     2.4775   115.8310
  531.7500   253.8792     2.4782   116.6378
  531.8750   253.5963     2.4761   116.6132
  532.0000   251.9544     2.4745   116.3066
  532.1250   249.5583     2.4741   116.0497
  532.2500   246.9412     2.4724   115.8114
  532.3750   244.5130     2.4685   115.7101
  532.5000   243.0364     2.4642   115.2480
  532.6250   243.2482     2.4595   113.0552
  532.7500   244.4544     2.4509   108.2021
  532.8750   245.0396     2.4367   101.4398
  533.0000   244.2264     2.4197    94.3631
  533.1250   242.6515     2.4060    88.4839
  533.2500   240.6603     2.4001    84.3135
  533.3750   239.0453     2.4034    82.5547
  533.5000   238.8718     2.4123    83.6692
  533.6250   240.1331     2.4247    88.0593
  533.7500   242.0877     2.4391    94.1021
  533.8750   243.6005     2.4514    99.2305
  534.0000   243.9816     2.4570   102.2602
  534.1250   243.5779     2.4550   103.5498
  534.2500   243.1439     2.4507   104.1109
  534.3750   243.8367     2.4486   103.8135
  534.5000   246.2094     2.4485   103.0281
  534.6250   248.3558     2.4490   102.4913
  534.7500   248.5341     2.4513   103.0457
  534.8750   247.4682     2.4571   105.0294
  535.0000   245.6447     2.4655   107.8606
  535.1250   243.1442     2.4724   110.2697
  535.2500   241.2166     2.4762   110.6364
  535.3750   241.0131     2.4778   108.6832
  535.5000   242.0046     2.4790   106.6781
  535.6250   242.2848     2.4803   106.9138
  535.7500   241.4299     2.4821   110.0272
  535.8750   241.1889     2.4848   113.9988
  536.0000   241.6986     2.4875   116.7786
  536.1250   241.9484     2.4896   117.1579
  536.2500   241.6378     2.4935   115.3070
  536.3750   239.5834     2.5016   112.3517
  536.5000   234.2624     2.5143   108.5677
  536.6250   228.8585     2.5287   104.7511
  536.7500   224.4160     2.5435   102.3896
  536.8750   219.8948     2.5578   103.3307
  537.0000   218.3069     2.5688   106.8006
  537.1250   220.7784     2.5722   110.9300
  537.2500   223.2088     2.5654   114.1526
  537.3750   225.8425     2.5515   116.3985
  537.5000   230.2615     2.5342   117.4886
  537.6250   233.7946     2.5194   117.8845
  537.7500   235.7107     2.5111   118.2400
  537.8750   237.1649     2.5111   119.2153
  538.0000   237.6705     2.5153   120.9230
  538.1250   237.2032     2.5187   122.2106
  538.2500   236.3481     2.5187   120.9776
  538.3750   234.1881     2.5208   117.1180
  538.5000   231.5809     2.5293   112.5033
  538.6250   231.0229     2.5414   110.5074
  538.7500   231.2921     2.5484   111.4515
  538.8750   231.8216     2.5464   113.6969
  539.0000   233.8167     2.5403   115.1881
  539.1250   235.6838     2.5359   115.6142
  539.2500   236.7746     2.5324   115.3710
  539.3750   237.8704     2.5243   115.0609
  539.5000   237.4872     2.5117   113.9450
  539.6250   235.8186     2.5035   110.2427
  539.7500   234.7654     2.5070   104.3466
  539.8750   233.3409     2.5177    98.4252
  540.0000   232.0053     2.5204    94.6031
  540.1250   232.1647     2.5096    91.1505
  540.2500   232.8342     2.4921    86.1919
  540.3750   233.7410     2.4798    81.5339
  540.5000   235.7047     2.4755    81.0351
  540.6250   238.3519     2.4777    87.0731
  540.7500   241.6601     2.4838    97.4184
  540.8750   245.5365     2.4916   107.9023
  541.0000   248.3331     2.4957   114.8407
  541.1250   249.2150     2.4924   116.7226
  541.2500   249.1135     2.4830   115.0324
  541.3750   248.9562     2.4734   113.0042
  541.5000   248.5683     2.4710   112.7921
  541.6250   247.7884     2.4779   113.5973
  541.7500   247.7314     2.4884   113.4756
  541.8750   248.9023     2.4958   112.5435
  542.0000   249.9471     2.4986   111.9909
  542.1250   249.8535     2.4971   112.0234
  542.2500   249.5319     2.4928   111.3415
  542.3750   249.2028     2.4898   109.5042
  542.5000   248.3981     2.4943   108.8811
  542.6250   247.5915     2.5047   110.7554
  542.7500   247.7148     2.5100   113.6399
  542.8750   248.7858     2.5039   114.0452
  543.0000   250.2785     2.4903   111.5994
  543.1250   251.7382     2.4739   109.0289
  543.2500   252.9604     2.4571   107.7766
  543.3750   253.1436     2.4417   105.9343
  543.5000   251.4815     2.4314   100.9170
  543.6250   248.7113     2.4244    93.4688
  543.7500   246.1480     2.4166    86.1629
  543.8750   245.2414     2.4080    82.4268
  544.0000   245.9346     2.4011    83.9685
  544.1250   247.1306     2.3995    91.2255
  544.2500   247.7239     2.4060   100.5449
  544.3750   247.1865     2.4211   107.7557
  544.5000   245.0763     2.4407   110.2176
  544.6250   242.9051     2.4519   109.9877
  544.7500   242.3354     2.4447   109.0746
  544.8750   243.7851     2.4162   107.7596
  545.0000   246.2389     2.3791   105.4665
  545.1250   248.7179     2.3516   102.6995
  545.2500   249.6425     2.3535   101.3296
  545.3750   248.7571     2.3836   101.9977
  545.5000   246.7267     2.4277   103.5795
  545.6250   244.9448     2.4630   104.0839
  545.7500   244.4793     2.4791   102.4480
  545.8750   245.5122     2.4711    97.6504
  546.0000   246.8311     2.4454    89.7378
  546.1250   247.6850     2.4114    79.6979
  546.2500   247.3021     2.3829    69.9658
  546.3750   245.6606     2.3681    62.8252
  546.5000   243.6055     2.3657    59.4859
  546.6250   243.2825     2.3705    60.2466
  546.7500   244.7201     2.3835    64.4593
  546.8750   246.0187     2.4106    71.8643
  547.0000   246.1702     2.4476    80.9415
  547.1250   245.4679     2.4801    90.1488
  547.2500   244.4683     2.4954    97.7199
  547.3750   245.4673     2.4966   102.2871
  547.5000   248.5742     2.4921   103.9560
  547.6250   251.0499     2.4893   103.3192
  547.7500   250.9033     2.4947   102.0596
  547.8750   246.6681     2.5125   100.9902
  548.0000   238.4264     2.5389    99.9238
  548.1250   230.8951     2.5592    98.7448
  548.2500   227.1688     2.5641    98.2166
  548.3750   227.0520     2.5604    99.5641
  548.5000   228.6466     2.5626   102.4602
  548.6250   230.5689     2.5756   105.2820
  548.7500   231.7006     2.5900   107.0020
  548.8750   231.5049     2.5967   108.8186
  549.0000   230.4542     2.5936   110.9131
  549.1250   230.9156     2.5836   111.4653
  549.2500   232.9130     2.5657   109.4708
  549.3750   235.1679     2.5342   105.1973
  549.5000   238.6236     2.4934   100.4823
  549.6250   243.2855     2.4529    96.6243
  549.7500   246.5193     2.4248    94.3535
  549.8750   248.0445     2.4099    92.4542
  550.0000   248.9699     2.4026    89.3470
  550.1250   249.7604     2.3926    84.9124
  550.2500   251.1810     2.3742    80.1785
  550.3750   253.5437     2.3472    75.1627
  550.5000   256.1144     2.3179    69.2611
  550.6250   259.5020     2.2908    63.3885
  550.7500   262.9967     2.2682    59.5286
  550.8750   264.1339     2.2517    58.1637
  551.0000   263.7167     2.2454    58.7220
  551.1250   263.6384     2.2530    59.8739
  551.2500   263.1932     2.2668    61.1042
  551.3750   262.3956     2.2779    62.4498
  551.5000   263.0190     2.2808    63.4430
  551.6250   265.4613     2.2801    63.3317
  551.7500   267.7834     2.2817    61.9246
  551.8750   266.8947     2.2896    61.0308
  552.0000   263.8578     2.3066    62.1861
  552.1250   260.2605     2.3358    65.9364
  552.2500   255.4183     2.3738    71.7488
  552.3750   250.5434     2.4131    78.6936
  552.5000   248.3069     2.4413    85.6877
  552.6250   247.8381     2.4534    91.3306
  552.7500   247.7690     2.4523    94.4892
  552.8750   247.5330     2.4454    95.0678
  553.0000   247.3626     2.4367    93.9790
  553.1250   247.4705     2.4244    91.8312
  553.2500   247.1248     2.4085    88.3435
  553.3750   246.5942     2.3941    83.3780
  553.5000   246.5290     2.3893    78.3635
  553.6250   246.1569     2.4009    76.2085
  553.7500   245.2499     2.4293    78.5525
  553.8750   244.5414     2.4679    85.1624
  554.0000   243.5953     2.5018    92.5320
  554.1250   242.0155     2.5215    98.2069
  554.2500   240.7042     2.5247   101.1665
  554.3750   240.0709     2.5199   102.7628
  554.5000   239.8748     2.5123   103.7402
  554.6250   240.2988     2.5018   104.0038
  554.7500   241.4464     2.4849   103.3048
  554.8750   243.0345     2.4570   100.7910
  555.0000   245.2683     2.4168    94.5942
  555.1250   248.5535     2.3703    84.0779
  555.2500   252.5185     2.3277    71.0375
  555.3750   256.2472     2.2986    60.4293
  555.5000   259.2984     2.2837    54.9054
  555.6250   260.9210     2.2785    54.4104
  555.7500   260.9589     2.2779    55.8621
  555.8750   259.8615     2.2833    58.1142
  556.0000   258.5902     2.2960    61.3869
  556.1250   257.7145     2.3106    65.1929
  556.2500   257.2350     2.3217    67.9067
  556.3750   256.8534     2.3298    68.0755
  556.5000   256.2166     2.3396    66.9122
  556.6250   254.7589     2.3540    67.2044
  556.7500   252.3108     2.3703    71.1031
  556.8750   249.4557     2.3837    77.1887
  557.0000   247.3796     2.3887    81.6220
  557.1250   246.9661     2.3859    81.6167
  557.2500   247.9887     2.3789    77.6026
  557.3750   250.0765     2.3701    72.3354
  557.5000   252.9220     2.3582    68.0856
  557.6250   255.2175     2.3431    64.8895
  557.7500   255.6460     2.3296    62.0428
  557.8750   255.6270     2.3232    59.6854
  558.0000   255.5078     2.3273    59.3299
  558.1250   254.6090     2.3408    62.3329
  558.2500   254.1859     2.3584    67.6594
  558.3750   254.5200     2.3716    73.1603
  558.5000   254.4064     2.3733    76.5735
  558.6250   254.8002     2.3647    77.5934
  558.7500   256.8589     2.3510    76.6017
  558.8750   259.2543     2.3398    74.7718
  559.0000   260.4587     2.3355    73.1496
  559.1250   259.5417     2.3381    72.0896
  559.2500   258.0598     2.3400    70.8433
  559.3750   256.6417     2.3355    68.6054
  559.5000   254.3207     2.3308    65.8020
  559.6250   252.4540     2.3394    64.5658
  559.7500   252.4111     2.3684    67.3399
  559.8750   251.5433     2.4064    74.8819
  560.0000   248.9176     2.4379    84.9051
  560.1250   246.8230     2.4542    93.5319
  560.2500   245.5789     2.4608    98.0738
  560.3750   243.9172     2.4641    99.1863
  560.5000   242.3798     2.4673    99.0906
  560.6250   241.7221     2.4704    98.6823
  560.7500   241.5596     2.4730    97.1803
  560.8750   241.5053     2.4738    94.9208
  561.0000   241.4665     2.4710    93.4046
  561.1250   241.5055     2.4626    93.2322
  561.2500   241.9030     2.4503    93.1528
  561.3750   242.8951     2.4369    92.8811
  561.5000   244.9030     2.4242    92.7680
  561.6250   247.6043     2.4117    91.5945
  561.7500   249.6079     2.3984    88.2834
  561.8750   250.5763     2.3839    83.1591
  562.0000   252.3077     2.3687    78.4637
  562.1250   254.1184     2.3535    75.2603
  562.2500   253.7662     2.3387    73.0003
  562.3750   253.3666     2.3255    70.6922
  562.5000   254.2753     2.3153    68.4049
  562.6250   254.5694     2.3095    66.8464
  562.7500   254.5505     2.3063    66.0404
  562.8750   256.0756     2.3022    65.2386
  563.0000   258.3747     2.2934    63.9286
  563.1250   259.9470     2.2804    61.9789
  563.2500   261.2045     2.2690    59.2952
  563.3750   263.2677     2.2690    56.7454
  563.5000   264.7976     2.2830    56.1295
  563.6250   264.0760     2.3049    59.0123
  563.7500   262.8874     2.3202    62.8666
  563.8750   261.3601     2.3218    64.4688
  564.0000   258.9163     2.3110    62.3940
  564.1250   258.3172     2.2956    58.8913
  564.2500   261.3736     2.2784    56.2982
  564.3750   265.7359     2.2597    55.3575
  564.5000   269.2627     2.2418    54.7694
  564.6250   271.5987     2.2290    53.5688
  564.7500   273.0145     2.2238    52.0979
  564.8750   272.8071     2.2231    51.1749
  565.0000   271.4016     2.2227    51.0072
  565.1250   272.0917     2.2225    50.7246
  565.2500   274.6826     2.2252    50.0024
  565.3750   275.6875     2.2309    49.5158
  565.5000   275.6151     2.2347    49.6348
  565.6250   275.8987     2.2325    50.1079
  565.7500   276.0126     2.2248    49.9556
  565.8750   275.9079     2.2165    48.5297
  566.0000   276.0761     2.2120    46.2483
  566.1250   276.0270     2.2134    44.8213
  566.2500   274.6288     2.2197    45.6265
  566.3750   271.0567     2.2273    48.9192
  566.5000   267.5324     2.2322    52.8229
  566.6250   265.9161     2.2336    55.7862
  566.7500   265.9105     2.2323    56.6021
  566.8750   266.7988     2.2302    55.8900
  567.0000   268.1079     2.2289    54.8131
  567.1250   268.0194     2.2306    54.4762
  567.2500   266.5473     2.2358    55.0082
  567.3750   264.7409     2.2431    56.0423
  567.5000   263.8929     2.2464    56.6626
  567.6250   265.6904     2.2401    55.7662
  567.7500   270.6077     2.2209    52.5451
  567.8750   276.0976     2.1965    48.0345
  568.0000   280.9210     2.1776    43.9703
  568.1250   284.2445     2.1723    41.6430
  568.2500   285.2361     2.1765    40.7055
  568.3750   285.0072     2.1843    40.5999
  568.5000   285.0655     2.1907    41.2302
  568.6250   284.8133     2.1943    42.2922
  568.7500   283.8760     2.1967    43.5678
  568.8750   282.1699     2.2026    44.6311
  569.0000   278.9249     2.2120    45.6444
  569.1250   274.4260     2.2213    47.1212
  569.2500   271.2938     2.2240    48.9738
  569.3750   270.5807     2.2188    50.4161
  569.5000   271.9808     2.2070    50.6371
  569.6250   274.9681     2.1929    49.8291
  569.7500   278.8780     2.1798    49.1500
  569.8750   282.0139     2.1704    49.3220
  570.0000   283.9729     2.1631    49.3034
  570.1250   286.0486     2.1537    48.3053
  570.2500   289.0114     2.1428    46.9873
  570.3750   291.1033     2.1366    46.6467
  570.5000   291.3349     2.1391    47.1775
  570.6250   290.2546     2.1505    46.9472
  570.7500   287.7871     2.1679    45.3429
  570.8750   284.0477     2.1884    43.1351
  571.0000   281.1278     2.2061    42.1401
  571.1250   279.6921     2.2166    43.0234
  571.2500   279.0982     2.2150    45.0526
  571.3750   278.6373     2.2021    46.9995
  571.5000   278.4595     2.1818    48.8583
  571.6250   278.9942     2.1615    50.5293
  571.7500   279.4380     2.1487    50.8830
  571.8750   279.6242     2.1459    49.5051
  572.0000   280.9868     2.1470    47.4145
  572.1250   283.1675     2.1445    45.7252
  572.2500   285.3072     2.1358    44.8126
  572.3750   287.7317     2.1237    45.0982
  572.5000   289.8553     2.1137    46.3113
  572.6250   289.9371     2.1126    47.1017
  572.7500   288.2827     2.1249    46.1973
  572.8750   286.1776     2.1485    44.3585
  573.0000   284.6320     2.1761    43.1265
  573.1250   284.0964     2.1955    42.9943
  573.2500   284.1967     2.2024    43.9057
  573.3750   282.7863     2.2028    45.9484
  573.5000   278.9560     2.2072    48.5172
  573.6250   273.6119     2.2193    51.1369
  573.7500   268.8324     2.2326    53.7817
  573.8750   266.0894     2.2362    56.3918
  574.0000   266.5013     2.2228    58.4211
  574.1250   269.4573     2.1929    59.3313
  574.2500   273.2245     2.1546    59.1112
  574.3750   275.8413     2.1219    57.4522
  574.5000   276.8315     2.1056    54.0266
  574.6250   277.4649     2.1067    49.7894
  574.7500   279.2095     2.1211    46.9843
  574.8750   281.3308     2.1390    45.9704
  575.0000   282.7692     2.1535    45.3856
  575.1250   283.5597     2.1603    44.0193
  575.2500   284.2859     2.1615    42.3669
  575.3750   284.4203     2.1610    41.0620
  575.5000   283.5338     2.1634    40.1622
  575.6250   282.9796     2.1687    39.9733
  575.7500   284.6345     2.1751    40.8797
  575.8750   288.3071     2.1816    41.9576
  576.0000   291.5995     2.1902    42.0946
  576.1250   292.7891     2.2015    41.3732
  576.2500   292.5119     2.2130    41.3263
  576.3750   290.1674     2.2225    42.3000
  576.5000   285.0140     2.2289    43.1439
  576.6250   280.5911     2.2318    43.1499
  576.7500   279.1470     2.2316    42.5835
  576.8750   279.0822     2.2317    41.8736
  577.0000   278.4805     2.2352    41.4856
  577.1250   276.8026     2.2419    41.9401
  577.2500   274.0321     2.2468    43.2234
  577.3750   271.1100     2.2454    44.5866
  577.5000   269.3571     2.2355    45.0697
  577.6250   269.5856     2.2191    44.4306
  577.7500   271.8498     2.1998    43.2538
  577.8750   275.4714     2.1834    42.6007
  578.0000   279.0142     2.1741    43.0864
  578.1250   281.8236     2.1723    44.2982
  578.2500   283.7881     2.1746    45.0133
  578.3750   285.1034     2.1770    44.7862
  578.5000   285.1893     2.1787    44.1482
  578.6250   284.0696     2.1804    43.8430
  578.7500   282.6345     2.1819    44.0048
  578.8750   280.8196     2.1814    44.2288
  579.0000   279.3912     2.1774    43.5855
  579.1250   279.3915     2.1718    42.0070
  579.2500   279.9992     2.1684    40.3979
  579.3750   280.2934     2.1703    39.6769
  579.5000   280.6573     2.1788    40.2407
  579.6250   280.4760     2.1928    41.7066
  579.7500   279.5645     2.2069    43.1756
  579.8750   278.4307     2.2169    44.1310
  580.0000   277.1941     2.2226    44.4388
  580.1250   275.8863     2.2276    44.7192
  580.2500   274.7295     2.2331    45.4459
  580.3750   273.9164     2.2367    46.6443
  580.5000   273.8104     2.2386    48.2159
  580.6250   273.4727     2.2402    49.6580
  580.7500   271.4484     2.2402    50.2642
  580.8750   269.0725     2.2362    49.5729
  581.0000   268.4074     2.2281    47.2201
  581.1250   268.5439     2.2223    44.0628
  581.2500   269.1462     2.2236    41.3784
  581.3750   270.1939     2.2308    40.7567
  581.5000   270.2764     2.2353    41.8664
  581.6250   269.3739     2.2305    43.0707
  581.7500   268.6352     2.2178    42.6194
  581.8750   268.1754     2.2049    41.0021
  582.0000   268.9925     2.1968    39.3060
  582.1250   271.2070     2.1938    37.9929
  582.2500   272.8105     2.1945    36.5605
  582.3750   272.8859     2.1985    35.1447
  582.5000   272.5955     2.2045    34.9806
  582.6250   272.0014     2.2095    36.5760
  582.7500   271.1373     2.2115    38.7701
  582.8750   270.8723     2.2124    40.2859
  583.0000   271.3019     2.2137    41.4715
  583.1250   271.7842     2.2145    42.9286
  583.2500   272.2840     2.2148    44.2686
  583.3750   272.4489     2.2160    44.5126
  583.5000   271.6070     2.2199    43.3416
  583.6250   270.8059     2.2261    41.9801
  583.7500   271.0324     2.2347    41.9003
  583.8750   271.1138     2.2439    43.1809
  584.0000   270.6554     2.2497    44.7663
  584.1250   270.3459     2.2490    45.4853
  584.2500   269.5421     2.2459    45.3662
  584.3750   267.6676     2.2442    44.8065
  584.5000   265.8852     2.2443    43.9659
  584.6250   265.0694     2.2452    43.4303
  584.7500   265.2872     2.2476    43.6956
  584.8750   266.4286     2.2506    44.5992
  585.0000   267.7551     2.2516    45.6930
  585.1250   268.3555     2.2505    46.8846
  585.2500   267.8463     2.2509    48.2865
  585.3750   266.3899     2.2538    49.7217
  585.5000   265.0581     2.2573    50.4416
  585.6250   265.1727     2.2583    49.8800
  585.7500   266.3580     2.2556    48.6169
  585.8750   267.7314     2.2498    47.6196
  586.0000   269.0711     2.2447    46.7910
  586.1250   269.5990     2.2425    45.9048
  586.2500   268.6288     2.2424    45.2128
  586.3750   267.4216     2.2420    44.8089
  586.5000   266.7899     2.2408    44.5423
  586.6250   266.6848     2.2405    44.4309
  586.7500   267.2992     2.2404    45.0697
  586.8750   268.5109     2.2368    46.4683
  587.0000   269.8859     2.2267    47.4619
  587.1250   271.6579     2.2113    47.5103
  587.2500   273.8405     2.1927    46.5172
  587.3750   276.6228     2.1751    44.7859
  587.5000   280.4550     2.1621    43.1133
  587.6250   284.2219     2.1551    42.7105
  587.7500   286.5999     2.1516    43.4161
  587.8750   287.3693     2.1508    44.0693
  588.0000   286.3252     2.1542    43.6351
  588.1250   284.1167     2.1610    43.1961
  588.2500   281.7511     2.1687    44.2240
  588.3750   280.2892     2.1746    45.9001
  588.5000   280.3705     2.1791    46.1625
  588.6250   281.2939     2.1832    44.3554
  588.7500   281.5926     2.1884    42.7272
  588.8750   281.2775     2.1962    42.8343
  589.0000   280.1870     2.2061    44.1710
  589.1250   278.6939     2.2146    45.7341
  589.2500   278.2144     2.2182    48.0096
  589.3750   279.4437     2.2141    51.3988
  589.5000   281.5647     2.2039    54.7704
  589.6250   283.9394     2.1920    57.1423
  589.7500   285.4677     2.1857    58.6605
  589.8750   285.7884     2.1872    59.9162
  590.0000   285.1411     2.1928    60.8232
  590.1250   284.1373     2.1963    60.9456
  590.2500   283.4910     2.1967    59.9433
  590.3750   283.6984     2.1940    57.6345
  590.5000   284.2880     2.1886    55.4154
  590.6250   284.9521     2.1833    54.4010
  590.7500   285.1252     2.1842    54.9157
  590.8750   284.2511     2.1904    55.4064
  591.0000   282.8292     2.1983    54.7081
  591.1250   281.4338     2.2039    52.8231
  591.2500   279.9454     2.2066    50.2662
  591.3750   279.1968     2.2078    47.2977
  591.5000   279.6083     2.2118    44.7544
  591.6250   279.7793     2.2212    43.1743
  591.7500   278.2501     2.2358    42.9881
  591.8750   274.7928     2.2501    43.7162
  592.0000   270.7995     2.2582    45.0223
  592.1250   268.3450     2.2513    46.8115
  592.2500   267.6554     2.2305    47.8255
  592.3750   270.0916     2.2030    46.8160
  592.5000   276.6206     2.1831    44.1178
  592.6250   281.9928     2.1768    41.9197
  592.7500   283.1643     2.1809    41.3080
  592.8750   282.2693     2.1860    41.9467
  593.0000   280.5144     2.1881    43.4430
  593.1250   277.9382     2.1861    45.9987
  593.2500   276.8968     2.1820    48.4086
  593.3750   277.9180     2.1801    49.1732
  593.5000   279.1142     2.1847    48.6069
  593.6250   279.9592     2.1918    48.3069
  593.7500   282.0473     2.1957    47.9562
  593.8750   286.1497     2.1929    46.6778
  594.0000   289.6432     2.1872    45.3960
  594.1250   291.2288     2.1825    44.9284
  594.2500   290.9908     2.1824    44.4950
  594.3750   287.9601     2.1873    43.3939
  594.5000   283.2344     2.1952    42.4120
  594.6250   280.9314     2.2034    42.1882
  594.7500   280.4498     2.2102    42.1156
  594.8750   279.8970     2.2124    41.8289
  595.0000   280.0967     2.2081    41.3975
  595.1250   280.3381     2.2018    40.5320
  595.2500   279.4925     2.2016    39.2219
  595.3750   278.0613     2.2093    38.4963
  595.5000   276.2500     2.2222    39.0608
  595.6250   274.8526     2.2334    40.4536
  595.7500   274.1850     2.2369    41.5570
  595.8750   273.5679     2.2313    42.3153
  596.0000   273.8681     2.2241    43.2322
  596.1250   274.8676     2.2247    44.2580
  596.2500   274.2460     2.2375    45.3443
  596.3750   271.6326     2.2575    46.8355
  596.5000   269.0005     2.2766    48.6961
  596.6250   266.8894     2.2861    50.0436
  596.7500   265.2754     2.2819    50.6322
  596.8750   265.6203     2.2637    51.3270
  597.0000   269.0234     2.2369    52.5620
  597.1250   272.8610     2.2128    53.9026
  597.2500   275.3693     2.1962    55.4486
  597.3750   277.0030     2.1856    57.0362
  597.5000   278.1995     2.1770    57.3368
  597.6250   278.0956     2.1675    55.6179
  597.7500   277.6445     2.1579    53.3918
  597.8750   278.6465     2.1530    51.9728
  598.0000   280.2046     2.1580    51.3312
  598.1250   280.1317     2.1716    51.0171
  598.2500   279.0453     2.1874    51.1916
  598.3750   278.5659     2.1971    51.7506
  598.5000   278.5133     2.1980    52.1183
  598.6250   278.6750     2.1923    52.0733
  598.7500   279.9779     2.1852    51.4907
  598.8750   281.6873     2.1808    50.2242
  599.0000   281.6265     2.1805    48.7564
  599.1250   279.8956     2.1822    48.4069
  599.2500   278.8118     2.1821    49.2821
  599.3750   278.4794     2.1790    50.4900
  599.5000   278.2702     2.1756    51.1232
  599.6250   279.2951     2.1747    51.5096
  599.7500   281.1104     2.1777    52.5438
  599.8750   281.0264     2.1824    53.8364
  600.0000   279.2485     2.1869    54.3679
  600.1250   277.8595     2.1895    53.6781
  600.2500   276.9752     2.1900    53.1354
  600.3750   276.3025     2.1888    53.5115
  600.5000   276.8344     2.1865    54.0949
  600.6250   278.0063     2.1857    53.6600
  600.7500   277.8173     2.1882    52.1562
  600.8750   275.7167     2.1936    51.0636
  601.0000   273.2468     2.2005    51.4259
  601.1250   271.0454     2.2085    53.0573
  601.2500   269.4064     2.2155    54.5457
  601.3750   269.6119     2.2186    55.4780
  601.5000   272.5891     2.2173    56.3041
  601.6250   275.6219     2.2173    56.7767
  601.7500   276.4766     2.2218    56.3050
  601.8750   275.0025     2.2279    55.3056
  602.0000   272.8060     2.2300    55.5793
  602.1250   270.4524     2.2259    57.3153
  602.2500   269.2817     2.2142    58.0715
  602.3750   271.2728     2.1981    57.1128
  602.5000   275.7593     2.1838    55.4605
  602.6250   277.8797     2.1785    55.0135
  602.7500   276.8758     2.1831    55.8968
  602.8750   275.1694     2.1935    56.7509
  603.0000   273.0900     2.2026    56.5136
  603.1250   271.0152     2.2080    55.3857
  603.2500   271.7467     2.2117    54.4125
  603.3750   274.1114     2.2169    54.5414
  603.5000   275.3381     2.2222    55.2554
  603.6250   274.8094     2.2255    54.9192
  603.7500   273.7713     2.2265    52.9759
  603.8750   272.8427     2.2257    50.3794
  604.0000   272.6941     2.2227    48.7917
  604.1250   273.7904     2.2178    48.4258
  604.2500   275.9124     2.2138    48.6064
  604.3750   277.4575     2.2146    48.8574
  604.5000   277.3698     2.2204    49.2362
  604.6250   275.7571     2.2282    49.6866
  604.7500   273.5345     2.2339    50.2027
  604.8750   271.1822     2.2366    51.2974
  605.0000   270.0539     2.2370    52.8122
  605.1250   270.5390     2.2377    53.9830
  605.2500   271.3386     2.2402    54.5984
  605.3750   271.2095     2.2439    55.1100
  605.5000   270.4679     2.2454    55.4900
  605.6250   269.5886     2.2430    54.5064
  605.7500   269.2472     2.2379    51.6643
  605.8750   269.5170     2.2341    48.7684
  606.0000   269.6087     2.2360    47.7877
  606.1250   268.8577     2.2441    48.8502
  606.2500   267.2954     2.2547    50.6597
  606.3750   265.5310     2.2627    52.3031
  606.5000   264.8538     2.2666    53.8391
  606.6250   266.0006     2.2677    55.0861
  606.7500   268.4700     2.2684    55.6338
  606.8750   270.4040     2.2706    55.7618
  607.0000   270.6949     2.2746    55.7447
  607.1250   269.4416     2.2794    55.7577
  607.2500   267.1822     2.2838    55.6438
  607.3750   264.7754     2.2860    55.6000
  607.5000   263.4438     2.2847    56.3890
  607.6250   263.0354     2.2793    58.0026
  607.7500   263.2447     2.2712    59.2919
  607.8750   263.9060     2.2643    59.1747
  608.0000   264.0519     2.2600    58.0451
  608.1250   263.1067     2.2565    57.1918
  608.2500   262.8265     2.2506    56.8654
  608.3750   264.2320     2.2416    56.3915
  608.5000   266.4297     2.2320    55.2619
  608.6250   268.0423     2.2264    53.5774
  608.7500   268.2396     2.2306    51.2889
  608.8750   266.4178     2.2453    49.3125
  609.0000   263.2127     2.2616    49.0506
  609.1250   260.7337     2.2676    51.2685
  609.2500   260.7518     2.2589    54.1738
  609.3750   263.2004     2.2396    56.2420
  609.5000   267.3599     2.2171    57.1538
  609.6250   270.6143     2.2002    57.3968
  609.7500   271.3157     2.1930    56.6173
  609.8750   270.8175     2.1955    54.5542
  610.0000   270.6844     2.2000    52.3793
  610.1250   270.5796     2.2006    50.9557
  610.2500   271.4613     2.1950    49.8616
  610.3750   273.6897     2.1889    48.7483
  610.5000   275.2376     2.1912    48.4414
  610.6250   275.0071     2.2058    49.4471
  610.7500   273.7379     2.2269    51.0320
  610.8750   271.3978     2.2450    52.4212
  611.0000   268.9104     2.2537    53.2863
  611.1250   267.6993     2.2522    53.8908
  611.2500   267.7701     2.2433    54.6229
  611.3750   267.8448     2.2364    55.7931
  611.5000   267.4443     2.2386    57.3113
  611.6250   266.5001     2.2496    58.9222
  611.7500   265.6044     2.2593    60.9953
  611.8750   265.7624     2.2589    63.3151
  612.0000   267.9870     2.2467    64.4631
  612.1250   271.8044     2.2272    63.8718
  612.2500   275.7008     2.2073    61.7241
  612.3750   278.2244     2.1959    59.2165
  612.5000   278.8518     2.1952    57.0139
  612.6250   277.8115     2.1991    56.0374
  612.7500   277.0333     2.1994    56.7511
  612.8750   277.1238     2.1960    58.3874
  613.0000   277.7133     2.1891    59.6142
  613.1250   279.2200     2.1795    59.8548
  613.2500   281.4386     2.1712    59.5660
  613.3750   281.9852     2.1719    59.8954
  613.5000   280.5675     2.1816    60.8857
  613.6250   278.6960     2.1966    61.9384
  613.7500   276.7271     2.2128    62.5185
  613.8750   274.3676     2.2289    62.3942
  614.0000   272.8314     2.2419    61.5308
  614.1250   272.2516     2.2495    60.4934
  614.2500   271.2035     2.2529    59.7353
  614.3750   269.9049     2.2523    59.5578
  614.5000   270.0379     2.2471    59.7334
  614.6250   271.6759     2.2372    59.9424
  614.7500   274.0261     2.2262    60.1628
  614.8750   276.4541     2.2176    60.5667
  615.0000   278.1610     2.2120    61.1360
  615.1250   278.3371     2.2077    61.4020
  615.2500   277.7322     2.2045    60.8831
  615.3750   277.8510     2.2038    59.6267
  615.5000   279.1754     2.2067    58.4879
  615.6250   280.5647     2.2132    58.2697
  615.7500   280.7609     2.2226    59.2465
  615.8750   279.9798     2.2328    60.6125
  616.0000   278.6691     2.2418    61.4963
  616.1250   277.3937     2.2464    61.3350
  616.2500   277.0996     2.2469    61.0623
  616.3750   277.9269     2.2445    61.5278
  616.5000   278.6431     2.2398    62.6034
  616.6250   278.6270     2.2336    62.9825
  616.7500   278.0153     2.2264    61.8145
  616.8750   277.1970     2.2204    60.6835
  617.0000   276.7109     2.2169    60.7779
  617.1250   276.9901     2.2172    61.3926
  617.2500   277.5337     2.2212    60.9459
  617.3750   277.9257     2.2279    59.6486
  617.5000   278.1804     2.2345    58.8293
  617.6250   278.5383     2.2375    58.4607
  617.7500   278.8853     2.2359    57.9822
  617.8750   279.0420     2.2323    57.5296
  618.0000   279.0055     2.2307    57.3494
  618.1250   278.3118     2.2329    57.7430
  618.2500   276.9642     2.2368    58.4927
  618.3750   276.0107     2.2397    59.4403
  618.5000   275.5558     2.2387    60.3360
  618.6250   274.9601     2.2341    60.6283
  618.7500   274.5056     2.2285    60.2747
  618.8750   274.2958     2.2238    59.7319
  619.0000   274.0132     2.2205    59.1624
  619.1250   274.0268     2.2192    58.7955
  619.2500   274.4736     2.2203    58.8071
  619.3750   275.0134     2.2225    59.3414
  619.5000   275.6210     2.2246    60.4059
  619.6250   275.8316     2.2276    60.9526
  619.7500   275.2957     2.2316    60.2153
  619.8750   274.1816     2.2348    58.8127
  620.0000   272.8170     2.2355    57.9356
  620.1250   271.4093     2.2350    57.8846
  620.2500   270.4476     2.2355    57.8166
  620.3750   270.3721     2.2384    56.8591
  620.5000   271.3416     2.2435    55.4596
  620.6250   273.1104     2.2491    54.4334
  620.7500   274.6324     2.2517    54.5143
  620.8750   275.1695     2.2496    55.7603
  621.0000   274.5308     2.2456    57.0639
  621.1250   273.3855     2.2456    57.3704
  621.2500   272.2491     2.2512    57.1468
  621.3750   271.6547     2.2574    57.9343
  621.5000   272.1523     2.2580    60.2052
  621.6250   273.8277     2.2511    62.7849
  621.7500   275.5623     2.2420    63.9363
  621.8750   276.7409     2.2354    63.4285
  622.0000   277.7151     2.2321    61.7727
  622.1250   278.8708     2.2285    60.0740
  622.2500   279.9365     2.2231    59.4407
  622.3750   280.6899     2.2180    60.1193
  622.5000   281.2576     2.2165    60.8317
  622.6250   281.2579     2.2190    60.7670
  622.7500   280.1089     2.2236    59.9996
  622.8750   278.1640     2.2284    59.6291
  623.0000   275.9136     2.2319    60.2341
  623.1250   274.1026     2.2328    61.5224
  623.2500   273.2878     2.2307    62.6331
  623.3750   273.6667     2.2263    62.2194
  623.5000   274.8957     2.2226    60.3469
  623.6250   276.5652     2.2216    58.4889
  623.7500   277.9641     2.2228    58.2147
  623.8750   278.6362     2.2243    59.3145
  624.0000   278.6652     2.2265    60.7337
  624.1250   278.3234     2.2318    61.7729
  624.2500   277.7835     2.2398    62.4052
  624.3750   277.0677     2.2470    63.1701
  624.5000   276.1565     2.2497    64.6464
  624.6250   274.9215     2.2501    66.3326
  624.7500   273.5399     2.2546    67.1652
  624.8750   271.7735     2.2721    66.6856
  625.0000   268.0327     2.3068    66.2197
  625.1250   262.4691     2.3551    68.2812
  625.2500   257.4148     2.3963    73.0585
  625.3750   252.9628     2.4103    78.0282
  625.5000   250.8038     2.3849    80.2535
  625.6250   253.5447     2.3396    79.6454
  625.7500   259.3358     2.2941    77.3526
  625.8750   264.3778     2.2643    74.5855
  626.0000   268.2674     2.2516    71.5947
  626.1250   270.2982     2.2526    69.1314
  626.2500   269.5125     2.2616    67.9653
  626.3750   267.0322     2.2760    67.7463
  626.5000   263.6211     2.2944    68.5077
  626.6250   260.6960     2.3100    69.8615
  626.7500   259.7460     2.3143    70.9273
  626.8750   260.5744     2.3054    70.8086
  627.0000   261.1832     2.2986    69.5451
  627.1250   260.2181     2.3081    68.0947
  627.2500   256.5752     2.3371    68.0281
  627.3750   251.4139     2.3674    69.8678
  627.5000   246.0371     2.3838    73.0518
  627.6250   242.2741     2.3829    75.2705
  627.7500   241.7257     2.3751    75.3754
  627.8750   243.7747     2.3678    74.1736
  628.0000   245.3928     2.3660    73.0068
  628.1250   245.5482     2.3710    71.9220
  628.2500   244.9301     2.3797    70.9284
  628.3750   245.0115     2.3810    70.4459
  628.5000   245.9847     2.3696    70.9125
  628.6250   247.4157     2.3490    71.5456
  628.7500   249.6925     2.3310    70.7403
  628.8750   252.3000     2.3203    68.0529
  629.0000   253.3864     2.3141    64.9965
  629.1250   253.2249     2.3090    63.8326
  629.2500   252.8894     2.3069    64.7420
  629.3750   252.3606     2.3109    65.7701
  629.5000   251.6468     2.3173    66.3452
  629.6250   251.3645     2.3208    67.1332
  629.7500   251.1349     2.3206    68.1411
  629.8750   250.2410     2.3205    68.2803
  630.0000   249.4896     2.3237    67.1387
  630.1250   249.5628     2.3290    66.2374
  630.2500   249.7208     2.3335    66.3504
  630.3750   249.7766     2.3345    67.2296
  630.5000   250.2228     2.3325    68.0057
  630.6250   250.6730     2.3297    69.0431
  630.7500   250.5573     2.3284    70.7169
  630.8750   250.1578     2.3291    72.1329
  631.0000   249.7143     2.3312    72.0354
  631.1250   249.0925     2.3320    70.6888
  631.2500   248.2245     2.3295    69.5588
  631.3750   247.4824     2.3243    69.2804
  631.5000   247.1030     2.3207    69.0245
  631.6250   246.7551     2.3213    68.5082
  631.7500   246.5795     2.3263    68.1540
  631.8750   246.8157     2.3353    68.7888
  632.0000   247.2471     2.3496    70.6805
  632.1250   247.6692     2.3671    73.7270
  632.2500   247.8304     2.3781    77.0182
  632.3750   248.0181     2.3744    78.8017
  632.5000   249.7201     2.3591    78.1240
  632.6250   252.6188     2.3471    76.0260
  632.7500   255.1244     2.3531    74.3980
  632.8750   256.5933     2.3806    75.7644
  633.0000   256.8955     2.4135    80.6550
  633.1250   256.2043     2.4223    87.0860
  633.2500   256.2924     2.3944    89.8450
  633.3750   257.6975     2.3459    86.5968
  633.5000   260.3228     2.3038    79.5467
  633.6250   263.8892     2.2786    73.4756
  633.7500   267.0359     2.2676    69.8115
  633.8750   268.0817     2.2648    67.6969
  634.0000   268.2512     2.2660    66.4494
  634.1250   268.4509     2.2722    66.1539
  634.2500   267.6227     2.2869    66.4161
  634.3750   264.9709     2.3147    67.4168
  634.5000   260.6502     2.3584    70.1024
  634.6250   254.7668     2.4051    74.0965
  634.7500   247.6736     2.4347    77.5994
  634.8750   241.7524     2.4287    78.2745
  635.0000   239.2937     2.3977    76.4648
  635.1250   240.4142     2.3583    74.0100
  635.2500   244.5078     2.3239    72.7530
  635.3750   250.1549     2.2972    72.5663
  635.5000   255.8912     2.2785    72.2438
  635.6250   260.1805     2.2689    70.3442
  635.7500   262.6987     2.2680    67.4733
  635.8750   263.1929     2.2745    64.8127
  636.0000   261.7211     2.2826    63.1575
  636.1250   259.3115     2.2875    62.5232
  636.2500   256.8874     2.2868    62.5437
  636.3750   254.9102     2.2820    62.7072
  636.5000   254.5033     2.2758    62.5366
  636.6250   257.0589     2.2713    62.1119
  636.7500   260.9177     2.2690    62.8014
  636.8750   264.4748     2.2673    64.7040
  637.0000   267.5215     2.2629    66.5639
  637.1250   269.8742     2.2551    67.0644
  637.2500   270.3070     2.2468    65.8388
  637.3750   268.8691     2.2426    63.8381
  637.5000   267.6795     2.2432    62.3352
  637.6250   268.3107     2.2451    62.5694
  637.7500   270.3483     2.2443    63.8393
  637.8750   272.7942     2.2417    64.0994
  638.0000   274.5888     2.2420    62.8057
  638.1250   274.2885     2.2468    62.2294
  638.2500   271.7338     2.2529    63.6465
  638.3750   269.1145     2.2557    65.6395
  638.5000   267.8400     2.2549    65.9463
  638.6250   267.7236     2.2525    64.6302
  638.7500   269.0537     2.2500    63.4812
  638.8750   270.8862     2.2483    63.4730
  639.0000   271.2449     2.2483    64.4545
  639.1250   270.3347     2.2500    65.4443
  639.2500   269.6957     2.2512    65.5365
  639.3750   269.2231     2.2492    64.8363
  639.5000   268.7962     2.2435    64.8629
  639.6250   269.5139     2.2378    66.0651
  639.7500   271.3227     2.2379    67.2611
  639.8750   272.4849     2.2434    67.2077
  640.0000   273.2088     2.2505    66.3275
  640.1250   273.7647     2.2538    66.3208
  640.2500   273.0406     2.2525    67.2558
  640.3750   271.3549     2.2477    67.9964
  640.5000   270.0099     2.2417    67.4794
  640.6250   269.1981     2.2363    65.9010
  640.7500   269.3801     2.2329    64.0887
  640.8750   270.4098     2.2316    63.0107
  641.0000   271.2341     2.2311    63.4050
  641.1250   271.8444     2.2298    65.5520
  641.2500   272.6703     2.2273    68.0253
  641.3750   273.0351     2.2250    69.3424
  641.5000   272.5690     2.2244    68.8470
  641.6250   272.2124     2.2251    68.0926
  641.7500   271.8497     2.2261    67.7265
  641.8750   270.5466     2.2278    67.2804
  642.0000   269.0107     2.2297    66.6761
  642.1250   268.3055     2.2302    65.9156
  642.2500   268.4435     2.2276    65.1295
  642.3750   269.0310     2.2229    64.0787
  642.5000   269.4995     2.2207    63.0320
  642.6250   269.0377     2.2250    62.7945
  642.7500   267.8279     2.2352    63.1961
  642.8750   266.3199     2.2472    63.5561
  643.0000   264.9040     2.2571    63.8620
  643.1250   264.3147     2.2647    64.2362
  643.2500   264.9253     2.2715    65.0732
  643.3750   265.5711     2.2771    66.1144
  643.5000   265.4269     2.2804    66.2616
  643.6250   264.2802     2.2813    65.0543
  643.7500   262.3567     2.2817    63.5982
  643.8750   259.8783     2.2826    63.1840
  644.0000   257.6745     2.2841    63.8318
  644.1250   256.2581     2.2862    64.3856
  644.2500   255.1365     2.2895    64.6551
  644.3750   254.0519     2.2944    65.5478
  644.5000   253.6070     2.2997    66.9611
  644.6250   253.6325     2.3025    67.7160
  644.7500   253.7775     2.3015    66.7746
  644.8750   254.8250     2.2960    64.8381
  645.0000   256.7660     2.2862    64.0216
  645.1250   258.8956     2.2759    64.8930
  645.2500   261.1688     2.2704    66.3491
  645.3750   262.9158     2.2728    66.1447
  645.5000   263.6457     2.2794    64.0354
  645.6250   263.3387     2.2847    61.7367
  645.7500   261.5382     2.2870    61.2289
  645.8750   258.8779     2.2879    62.8326
  646.0000   257.3158     2.2868    65.8524
  646.1250   257.1872     2.2810    68.5231
  646.2500   258.0761     2.2692    69.4081
  646.3750   260.0683     2.2539    67.6733
  646.5000   262.5465     2.2408    64.4008
  646.6250   264.7929     2.2339    60.8279
  646.7500   266.5523     2.2329    58.0631
  646.8750   268.2488     2.2319    56.5343
  647.0000   270.1844     2.2266    56.6711
  647.1250   272.3135     2.2171    57.7767
  647.2500   274.4722     2.2082    58.9347
  647.3750   276.2284     2.2035    59.8779
  647.5000   277.3745     2.2028    60.3956
  647.6250   277.9731     2.2036    60.3737
  647.7500   277.7035     2.2032    59.8317
  647.8750   276.8905     2.2005    58.8840
  648.0000   276.0557     2.1959    57.9215
  648.1250   275.3579     2.1909    57.2965
  648.2500   275.0493     2.1867    57.3236
  648.3750   275.6481     2.1836    58.1672
  648.5000   277.1060     2.1814    58.7604
  648.6250   278.8463     2.1801    58.5019
  648.7500   280.4359     2.1806    57.3144
  648.8750   281.6214     2.1828    56.0783
  649.0000   282.0120     2.1857    55.6481
  649.1250   281.2504     2.1875    56.0293
  649.2500   280.2677     2.1872    56.5688
  649.3750   279.8678     2.1858    56.9030
  649.5000   279.9073     2.1860    57.0145
  649.6250   279.8906     2.1895    57.1590
  649.7500   279.6489     2.1956    57.2323
  649.8750   278.8312     2.2018    57.4590
  650.0000   277.4524     2.2056    58.4060
  650.1250   276.0551     2.2059    60.0192
  650.2500   275.3531     2.2029    61.2179
  650.3750   275.6696     2.1977    61.6403
  650.5000   276.7628     2.1920    61.8229
  650.6250   277.9097     2.1867    62.2391
  650.7500   279.1127     2.1815    62.4082
  650.8750   280.3709     2.1760    61.2217
  651.0000   281.2847     2.1713    59.1522
  651.1250   282.3226     2.1682    57.2621
  651.2500   283.9056     2.1662    56.5228
  651.3750   284.8358     2.1650    56.8788
  651.5000   284.6019     2.1664    57.7716
  651.6250   284.0000     2.1733    58.9517
  651.7500   282.8233     2.1850    60.6078
  651.8750   280.6508     2.1990    62.6151
  652.0000   278.4049     2.2101    64.5021
  652.1250   277.0450     2.2150    65.9325
  652.2500   277.1699     2.2145    66.0908
  652.3750   278.0241     2.2144    64.9819
  652.5000   278.6010     2.2187    63.4301
  652.6250   278.7455     2.2259    62.7730
  652.7500   278.6174     2.2302    63.0316
  652.8750   278.0505     2.2280    63.4626
  653.0000   277.8855     2.2204    63.2558
  653.1250   278.9578     2.2117    62.2522
  653.2500   280.9009     2.2047    60.3757
  653.3750   282.5224     2.2003    58.5933
  653.5000   283.2275     2.1976    58.1231
  653.6250   283.1275     2.1951    58.9199
  653.7500   282.9190     2.1920    59.5931
  653.8750   282.6928     2.1887    59.6718
  654.0000   282.2514     2.1864    59.1195
  654.1250   282.0082     2.1855    58.4083
  654.2500   282.1985     2.1858    57.9466
  654.3750   282.5273     2.1865    58.1848
  654.5000   282.8719     2.1866    58.7068
  654.6250   283.4364     2.1852    58.6473
  654.7500   284.2006     2.1824    57.9342
  654.8750   284.9772     2.1787    57.3877
  655.0000   285.7751     2.1743    57.2662
  655.1250   286.4925     2.1695    57.0958
  655.2500   286.8063     2.1662    56.6429
  655.3750   286.6683     2.1672    56.1770
  655.5000   286.3603     2.1724    55.7662
  655.6250   285.7002     2.1793    55.4587
  655.7500   284.5554     2.1847    55.5174
  655.8750   283.5330     2.1873    55.7475
  656.0000   282.5624     2.1880    55.6950
  656.1250   280.8400     2.1899    55.5004
  656.2500   278.6953     2.1939    55.6846
  656.3750   277.3153     2.1986    56.5413
  656.5000   277.2460     2.2008    57.7665
  656.6250   278.0028     2.2011    58.8596
  656.7500   279.1615     2.2014    58.8816
  656.8750   280.0234     2.2032    57.2932
  657.0000   279.8522     2.2062    54.9971
  657.1250   278.2761     2.2093    54.0241
  657.2500   276.5601     2.2109    54.6557
  657.3750   275.6115     2.2099    55.8419
  657.5000   275.2122     2.2086    56.3956
  657.6250   274.7512     2.2102    56.5037
  657.7500   273.6811     2.2167    56.9751
  657.8750   271.1251     2.2262    57.7142
  658.0000   267.9022     2.2355    57.6274
  658.1250   265.9050     2.2430    56.7612
  658.2500   265.2247     2.2507    56.3953
  658.3750   264.2039     2.2613    56.6997
  658.5000   262.1550     2.2733    56.6645
  658.6250   260.4742     2.2791    55.9155
  658.7500   260.0530     2.2753    55.2581
  658.8750   261.3654     2.2660    55.5197
  659.0000   264.1830     2.2597    56.5922
  659.1250   267.5839     2.2601    58.3383
  659.2500   269.3962     2.2660    59.9569
  659.3750   268.7853     2.2733    60.7974
  659.5000   266.4976     2.2797    61.6079
  659.6250   264.5492     2.2853    63.9358
  659.7500   263.6621     2.2911    67.0419
  659.8750   263.6793     2.2964    68.4350
  660.0000   264.3640     2.2993    66.7898
  660.1250   265.2731     2.3000    63.7225
  660.2500   265.6870     2.2993    61.5123
  660.3750   265.7629     2.2981    61.1254
  660.5000   265.7538     2.2973    62.2764
  660.6250   265.2762     2.2975    64.5204
  660.7500   264.3567     2.2985    66.9517
  660.8750   263.6270     2.3007    68.7796
  661.0000   263.4135     2.3047    69.7227
  661.1250   263.1841     2.3101    70.0999
  661.2500   262.7039     2.3151    70.3210
  661.3750   262.3829     2.3172    71.1924
  661.5000   262.3489     2.3164    72.9175
  661.6250   262.6882     2.3156    75.1615
  661.7500   263.5623     2.3163    76.6897
  661.8750   264.6591     2.3175    76.7551
  662.0000   265.6747     2.3162    75.9787
  662.1250   266.9239     2.3123    76.0341
  662.2500   268.0257     2.3067    77.3222
  662.3750   268.3257     2.3004    78.5006
  662.5000   268.7420     2.2944    78.4073
  662.6250   269.6951     2.2896    77.3759
  662.7500   270.4311     2.2844    75.4498
  662.8750   271.1424     2.2781    72.0890
  663.0000   272.3211     2.2716    67.7688
  663.1250   273.2899     2.2686    64.9828
  663.2500   273.4928     2.2713    65.1831
  663.3750   272.9076     2.2793    67.5690
  663.5000   271.9321     2.2880    69.5312
  663.6250   270.8972     2.2944    70.1258
  663.7500   269.9363     2.2968    69.8437
  663.8750   269.2392     2.2981    70.0422
  664.0000   269.0717     2.2989    70.7069
  664.1250   269.3242     2.2966    70.9300
  664.2500   269.7577     2.2903    70.3442
  664.3750   270.3318     2.2812    69.5955
  664.5000   270.9330     2.2731    70.1527
  664.6250   271.5398     2.2668    71.3725
  664.7500   272.0880     2.2610    71.2207
  664.8750   272.5049     2.2550    69.3583
  665.0000   272.8893     2.2497    67.3009
  665.1250   273.0470     2.2469    66.6392
  665.2500   273.0194     2.2460    66.3900
  665.3750   273.2377     2.2463    65.3627
  665.5000   273.7885     2.2470    64.0394
  665.6250   274.3567     2.2474    63.7955
  665.7500   274.8557     2.2464    65.0430
  665.8750   275.1512     2.2442    66.8021
  666.0000   274.9707     2.2421    67.9619
  666.1250   274.0498     2.2409    68.1889
  666.2500   272.8606     2.2402    67.8672
  666.3750   272.1388     2.2396    67.5077
  666.5000   271.9754     2.2393    67.5139
  666.6250   271.8413     2.2385    67.5479
  666.7500   271.7903     2.2369    66.9130
  666.8750   272.0926     2.2347    65.2739
  667.0000   272.5589     2.2336    63.3808
  667.1250   273.0544     2.2340    61.3897
  667.2500   273.5806     2.2362    59.7902
  667.3750   274.1279     2.2399    59.6123
  667.5000   274.5269     2.2448    61.2596
  667.6250   274.5267     2.2486    62.8660
  667.7500   274.1434     2.2509    62.8614
  667.8750   273.2545     2.2552    61.8421
  668.0000   271.7555     2.2647    61.6113
  668.1250   270.0453     2.2773    62.7110
  668.2500   268.6007     2.2863    64.1962
  668.3750   267.4920     2.2887    64.4962
  668.5000   267.0781     2.2871    63.8153
  668.6250   267.6484     2.2860    63.4548
  668.7500   268.3045     2.2850    63.9750
  668.8750   268.3752     2.2814    64.8830
  669.0000   268.1113     2.2755    65.3393
  669.1250   267.8930     2.2717    65.6858
  669.2500   267.5617     2.2736    66.0790
  669.3750   267.1610     2.2794    66.0868
  669.5000   266.8717     2.2863    65.9032
  669.6250   266.4856     2.2921    66.4019
  669.7500   265.8674     2.2953    67.4898
  669.8750   265.2114     2.2960    67.9340
  670.0000   264.7800     2.2970    67.0619
  670.1250   264.2739     2.3006    66.2774
  670.2500   263.2302     2.3057    66.8825
  670.3750   261.8541     2.3082    68.8813
  670.5000   260.3888     2.3098    70.6828
  670.6250   258.6462     2.3150    71.9708
  670.7500   257.4404     2.3254    72.9018
  670.8750   257.1318     2.3367    73.0880
  671.0000   256.9704     2.3430    72.5822
  671.1250   256.9084     2.3422    71.9720
  671.2500   257.3823     2.3347    71.4086
  671.3750   259.0908     2.3192    69.9743
  671.5000   262.9807     2.2955    67.3553
  671.6250   268.7236     2.2650    64.6499
  671.7500   274.9211     2.2322    62.6247
  671.8750   280.7044     2.2043    61.2964
  672.0000   284.7880     2.1851    60.9431
  672.1250   285.6919     2.1756    61.3944
  672.2500   284.6692     2.1726    61.5370
  672.3750   283.2160     2.1735    60.5994
  672.5000   282.1560     2.1756    59.6517
  672.6250   281.7377     2.1779    59.7678
  672.7500   281.9454     2.1814    60.3159
  672.8750   282.4315     2.1873    59.6303
  673.0000   282.9490     2.1942    58.2067
  673.1250   283.0269     2.1996    57.7783
  673.2500   282.5023     2.2040    58.4120
  673.3750   281.5069     2.2108    58.9265
  673.5000   279.9535     2.2237    58.6299
  673.6250   277.6581     2.2399    58.7538
  673.7500   274.9824     2.2532    59.9438
  673.8750   272.8968     2.2571    61.1620
  674.0000   271.6731     2.2535    61.9797
  674.1250   271.2094     2.2477    62.4176
  674.2500   271.4268     2.2451    62.4941
  674.3750   272.0265     2.2470    62.5299
  674.5000   272.5098     2.2521    62.7150
  674.6250   272.8948     2.2566    62.4182
  674.7500   273.3817     2.2570    61.0183
  674.8750   273.8119     2.2521    59.4179
  675.0000   273.9593     2.2471    59.3687
  675.1250   273.7520     2.2472    60.7893
  675.2500   272.9566     2.2543    62.0145
  675.3750   271.4935     2.2640    62.7588
  675.5000   269.6405     2.2721    64.0743
  675.6250   267.7790     2.2774    65.5683
  675.7500   266.0684     2.2808    65.8331
  675.8750   264.9535     2.2810    64.7165
  676.0000   264.9555     2.2762    64.1756
  676.1250   266.0448     2.2668    64.7302
  676.2500   268.0549     2.2553    65.3973
  676.3750   270.6238     2.2444    65.2245
  676.5000   273.3288     2.2346    64.0977
  676.6250   275.5848     2.2263    62.1681
  676.7500   277.2799     2.2206    59.8521
  676.8750   278.3165     2.2191    58.1862
  677.0000   278.5361     2.2220    58.1498
  677.1250   278.0478     2.2270    58.5267
  677.2500   277.1543     2.2321    58.1673
  677.3750   276.4017     2.2374    57.5306
  677.5000   275.9148     2.2432    57.6384
  677.6250   275.5265     2.2487    58.8264
  677.7500   275.1262     2.2530    60.1195
  677.8750   274.4923     2.2567    61.1299
  678.0000   273.0280     2.2616    62.2478
  678.1250   271.0308     2.2665    63.4857
  678.2500   269.6208     2.2683    64.5202
  678.3750   269.4906     2.2653    65.4958
  678.5000   269.7201     2.2601    66.5460
  678.6250   270.0437     2.2543    67.3338
  678.7500   270.8380     2.2497    67.3122
  678.8750   271.4620     2.2470    66.9301
  679.0000   271.5915     2.2460    67.2378
  679.1250   272.3944     2.2430    67.7193
  679.2500   274.1031     2.2370    66.8154
  679.3750   275.9632     2.2292    64.0414
  679.5000   277.6367     2.2224    61.5488
  679.6250   278.7759     2.2175    60.7168
  679.7500   278.7184     2.2156    60.6738
  679.8750   277.9698     2.2171    60.1790
  680.0000   276.9333     2.2204    59.4736
  680.1250   275.7580     2.2210    59.3188
  680.2500   275.0407     2.2173    60.0485
  680.3750   275.0240     2.2109    61.4606
  680.5000   275.4073     2.2062    62.3792
  680.6250   276.1240     2.2065    61.8124
  680.7500   276.6843     2.2132    59.8153
  680.8750   276.3475     2.2242    58.5320
  681.0000   275.0807     2.2362    59.4652
  681.1250   273.2531     2.2446    62.1264
  681.2500   271.8546     2.2458    64.2201
  681.3750   271.6604     2.2379    64.2754
  681.5000   272.7491     2.2247    61.9988
  681.6250   274.4851     2.2131    59.1910
  681.7500   276.2554     2.2074    57.4905
  681.8750   277.1319     2.2057    57.4090
  682.0000   276.9194     2.2049    58.3437
  682.1250   276.3736     2.2043    59.1942
  682.2500   276.2304     2.2050    58.8056
  682.3750   276.1436     2.2068    57.3703
  682.5000   275.9416     2.2081    56.3956
  682.6250   276.0849     2.2074    56.8578
  682.7500   276.3242     2.2053    57.9823
  682.8750   276.1633     2.2039    57.9324
  683.0000   276.0915     2.2035    56.8280
  683.1250   276.2897     2.2036    55.7871
  683.2500   276.1512     2.2049    55.3747
  683.3750   275.6762     2.2081    55.2537
  683.5000   275.2734     2.2117    55.0004
  683.6250   274.7725     2.2138    54.3630
  683.7500   274.1084     2.2151    53.5359
  683.8750   273.7673     2.2168    52.9349
  684.0000   273.8635     2.2182    53.1208
  684.1250   274.2427     2.2180    54.2072
  684.2500   274.8381     2.2182    55.1107
  684.3750   275.2348     2.2228    55.0535
  684.5000   274.6567     2.2339    54.6891
  684.6250   272.5772     2.2492    55.7467
  684.7500   270.0872     2.2623    58.1259
  684.8750   268.0510     2.2686    60.1749
  685.0000   266.4606     2.2690    60.4062
  685.1250   265.6436     2.2689    59.8479
  685.2500   265.8813     2.2719    60.1260
  685.3750   266.0442     2.2780    61.4736
  685.5000   265.7364     2.2842    63.0354
  685.6250   265.4981     2.2884    64.3103
  685.7500   265.4590     2.2902    65.7566
  685.8750   265.6833     2.2898    67.6348
  686.0000   266.2136     2.2871    69.6842
  686.1250   266.7350     2.2812    71.8020
  686.2500   267.5204     2.2705    73.9306
  686.3750   269.3785     2.2548    74.7985
  686.5000   272.0294     2.2375    73.6610
  686.6250   274.6007     2.2223    70.5266
  686.7500   276.5427     2.2124    66.8510
  686.8750   277.8176     2.2073    64.2434
  687.0000   278.0367     2.2054    63.4484
  687.1250   277.6577     2.2052    64.0531
  687.2500   277.6714     2.2074    65.4086
  687.3750   278.2434     2.2134    66.5296
  687.5000   278.4295     2.2214    66.4288
  687.6250   277.5467     2.2296    64.9673
  687.7500   275.5062     2.2363    63.8177
  687.8750   273.4222     2.2391    64.8990
  688.0000   272.3744     2.2347    67.9083
  688.1250   273.0904     2.2242    70.1879
  688.2500   275.2584     2.2136    70.3307
  688.3750   278.1061     2.2081    68.4673
  688.5000   280.6152     2.2094    65.5887
  688.6250   281.9584     2.2172    62.7021
  688.7500   281.5968     2.2299    61.1010
  688.8750   280.3978     2.2422    61.0789
  689.0000   278.7905     2.2510    61.9451
  689.1250   276.9451     2.2562    62.9381
  689.2500   275.4206     2.2607    63.9527
  689.3750   274.0573     2.2643    64.7886
  689.5000   272.7161     2.2666    64.8242
  689.6250   271.6235     2.2684    64.2359
  689.7500   270.3874     2.2702    63.6365
  689.8750   268.8848     2.2716    63.6513
  690.0000   267.8407     2.2726    64.0264
  690.1250   267.5005     2.2744    64.4607
  690.2500   267.3664     2.2779    65.1124
  690.3750   267.3483     2.2815    66.0030
  690.5000   267.6306     2.2836    66.8321
  690.6250   268.0078     2.2844    66.6940
  690.7500   268.1252     2.2851    65.1224
  690.8750   267.9647     2.2870    62.2903
  691.0000   267.7373     2.2896    59.3110
  691.1250   267.0677     2.2918    57.8772
  691.2500   265.6531     2.2945    58.8378
  691.3750   263.7787     2.2987    61.0274
  691.5000   261.4539     2.3049    63.6561
  691.6250   259.3225     2.3121    66.1580
  691.7500   258.0853     2.3199    67.8935
  691.8750   257.3619     2.3271    67.4537
  692.0000   257.5627     2.3293    65.4544
  692.1250   259.8382     2.3220    63.6509
  692.2500   263.3520     2.3045    62.5026
  692.3750   266.4624     2.2858    60.8274
  692.5000   269.3096     2.2726    58.4921
  692.6250   271.3571     2.2678    56.8035
  692.7500   272.1873     2.2669    56.5402
  692.8750   272.4414     2.2651    57.3007
  693.0000   272.7755     2.2599    58.2458
  693.1250   273.1522     2.2522    59.2493
  693.2500   273.1904     2.2460    60.0700
  693.3750   272.4027     2.2444    59.8491
  693.5000   271.1491     2.2472    58.4267
  693.6250   270.2158     2.2510    56.8147
  693.7500   270.1229     2.2501    56.4530
  693.8750   271.3555     2.2432    57.3142
  694.0000   273.6646     2.2345    57.9117
  694.1250   275.6233     2.2287    57.4608
  694.2500   276.7673     2.2265    56.2036
  694.3750   277.6201     2.2231    54.6099
  694.5000   278.4856     2.2150    53.0327
  694.6250   279.2907     2.2019    51.4391
  694.7500   280.3022     2.1884    49.9520
  694.8750   281.6651     2.1795    48.6448
  695.0000   282.7009     2.1794    47.7821
  695.1250   282.7968     2.1866    47.7327
  695.2500   282.0882     2.1970    48.3537
  695.3750   280.4337     2.2091    49.1346
  695.5000   277.6184     2.2257    50.0446
  695.6250   273.5848     2.2494    51.6815
  695.7500   268.6182     2.2772    55.0207
  695.8750   263.7050     2.3013    59.7114
  696.0000   259.8442     2.3170    64.5908
  696.1250   257.7398     2.3251    68.3624
  696.2500   257.4832     2.3292    70.5783
  696.3750   258.7713     2.3298    71.0484
  696.5000   260.4106     2.3273    70.4033
  696.6250   262.0558     2.3258    69.6092
  696.7500   262.3780     2.3335    69.7872
  696.8750   258.7574     2.3558    72.0039
  697.0000   252.7035     2.3942    77.8047
  697.1250   249.0274     2.4500    89.6007
  697.2500   245.8630     2.5151   104.0200
  697.3750   240.5761     2.5781   114.4894
  697.5000   235.6104     2.6223   115.7031
  697.6250   232.0680     2.6466   110.7200
  697.7500   227.6538     2.6577   104.3033
  697.8750   222.1326     2.6619    99.6295
  698.0000   217.8759     2.6576    96.0747
  698.1250   216.0713     2.6413    92.8826
  698.2500   214.6165     2.6211    89.3743
  698.3750   212.6635     2.6089    86.0867
  698.5000   213.2131     2.6156    85.8566
  698.6250   216.4009     2.6337    89.4217
  698.7500   218.7692     2.6491    95.2093
  698.8750   220.3709     2.6484    99.6436
  699.0000   223.0794     2.6363   100.1021
  699.1250   223.5829     2.6223    95.9013
  699.2500   220.8833     2.6130    88.7479
  699.3750   218.6292     2.6061    81.8232
  699.5000   216.8189     2.5960    78.0947
  699.6250   214.2862     2.5799    78.1791
  699.7500   212.8418     2.5622    80.1741
  699.8750   212.8866     2.5508    81.5235
  700.0000   212.9240     2.5473    80.5365
  700.1250   217.0209     2.5481    78.0787
  700.2500   231.5436     2.5503    77.6445
  700.3750   249.9137     2.5545    82.1077
  700.5000   267.0030     2.5610    91.7533
  700.6250   278.0967     2.5626   102.4819
  700.7500   276.1027     2.5474   108.5848
  700.8750   263.4694     2.5054   106.9682
  701.0000   252.4448     2.4442    98.9260
  701.1250   243.9083     2.3858    88.4444
  701.2500   239.8587     2.3513    79.8041
  701.3750   242.5986     2.3438    74.9022
  701.5000   244.7327     2.3535    72.5261
  701.6250   241.2608     2.3682    70.4681
  701.7500   237.5765     2.3798    67.8109
  701.8750   234.9242     2.3871    66.0760
  702.0000   231.4578     2.3926    67.7132
  702.1250   228.1281     2.4003    73.1827
  702.2500   226.4746     2.4131    82.5433
  702.3750   224.9155     2.4340    92.6687
  702.5000   223.3219     2.4656    99.1902
  702.6250   224.5570     2.5102   100.5885
  702.7500   227.2114     2.5583   100.8136
  702.8750   230.4886     2.5964   104.6314
  703.0000   237.9938     2.6143   112.6869
  703.1250   246.7168     2.6189   119.2341
  703.2500   251.2009     2.6191   120.8995
  703.3750   249.5441     2.6222   116.8475
  703.5000   242.2350     2.6307   110.0440
  703.6250   229.6280     2.6425   103.0069
  703.7500   215.4438     2.6494    96.9935
  703.8750   205.4978     2.6464    92.2520
  704.0000   205.9589     2.6328    89.8019
  704.1250   213.7203     2.6150    90.8216
  704.2500   220.0935     2.6007    94.6524
  704.3750   225.2696     2.5968    98.7878
  704.5000   230.5025     2.6032   101.0831
  704.6250   231.4336     2.6153   102.9569
  704.7500   228.8605     2.6263   106.5867
  704.8750   227.4537     2.6297   110.0056
  705.0000   225.6687     2.6182   109.1429
  705.1250   223.6129     2.5777   100.9042
  705.2500   225.7211     2.5081    89.1140
  705.3750   233.7170     2.4213    78.3662
  705.5000   246.1906     2.3420    72.1671
  705.6250   259.9657     2.2832    70.2189
  705.7500   271.4789     2.2469    71.0349
  705.8750   278.3053     2.2245    71.9727
  706.0000   281.7667     2.2083    71.0635
  706.1250   283.9798     2.1953    68.0414
  706.2500   285.5705     2.1855    65.0851
  706.3750   285.9499     2.1808    63.5563
  706.5000   285.2273     2.1814    63.2964
  706.6250   284.7399     2.1830    62.4163
  706.7500   284.9830     2.1820    60.1070
  706.8750   285.4752     2.1786    58.2159
  707.0000   285.6009     2.1770    58.1034
  707.1250   285.2422     2.1791    58.8682
  707.2500   284.0127     2.1829    58.5852
  707.3750   281.9740     2.1858    57.5509
  707.5000   280.8881     2.1874    57.2222
  707.6250   282.0145     2.1888    57.9315
  707.7500   283.4350     2.1920    58.4509
  707.8750   283.5609     2.2015    58.1744
  708.0000   282.1000     2.2229    57.8848
  708.1250   275.7703     2.2632    58.8491
  708.2500   261.4398     2.3309    63.2220
  708.3750   244.6079     2.4165    71.1841
  708.5000   229.3234     2.4983    80.4828
  708.6250   217.9020     2.5400    86.8186
  708.7500   212.9692     2.5341    88.5592
  708.8750   215.5012     2.4960    87.6301
  709.0000   221.1747     2.4546    89.0043
  709.1250   226.5906     2.4241    94.2983
  709.2500   230.2812     2.4077   101.2792
  709.3750   231.9701     2.4011   106.0456
  709.5000   232.7066     2.4007   107.5895
  709.6250   233.6790     2.4041   107.4157
  709.7500   234.8536     2.4071   107.6124
  709.8750   236.0165     2.4081   108.5768
  710.0000   236.9408     2.4108   109.5897
  710.1250   236.1886     2.4208   109.9205
  710.2500   231.8252     2.4406   108.8596
  710.3750   224.8857     2.4640   106.0237
  710.5000   217.8959     2.4822   101.2137
  710.6250   212.7708     2.4902    94.7491
  710.7500   211.4976     2.4934    89.2014
  710.8750   214.8271     2.4970    87.1139
  711.0000   222.2580     2.4973    89.6388
  711.1250   230.8988     2.4866    93.6552
  711.2500   237.9785     2.4643    95.4139
  711.3750   242.1351     2.4368    91.5586
  711.5000   244.3509     2.4141    83.4434
  711.6250   244.0193     2.4028    74.8390
  711.7500   243.1311     2.4052    71.2678
  711.8750   244.3270     2.4112    73.4748
  712.0000   246.6778     2.4041    78.2583
  712.1250   249.5076     2.3752    79.9811
  712.2500   253.2596     2.3376    77.2727
  712.3750   255.9217     2.3091    72.0625
  712.5000   256.8301     2.2955    67.5788
  712.6250   257.7554     2.2909    65.0805
  712.7500   258.7239     2.2874    64.4755
  712.8750   259.5272     2.2799    65.2163
  713.0000   261.2959     2.2685    67.0049
  713.1250   263.9943     2.2566    68.5553
  713.2500   266.3418     2.2488    68.6659
  713.3750   268.1544     2.2473    67.5658
  713.5000   269.2970     2.2512    66.3090
  713.6250   269.1197     2.2585    65.3991
  713.7500   266.6306     2.2721    65.0970
  713.8750   261.7199     2.2956    65.9085
  714.0000   256.3567     2.3240    67.9147
  714.1250   252.6768     2.3415    70.4944
  714.2500   250.6201     2.3378    72.5650
  714.3750   250.8500     2.3184    73.4259
  714.5000   254.3975     2.2953    72.2281
  714.6250   258.3217     2.2758    69.6938
  714.7500   260.5317     2.2614    67.1728
  714.8750   261.4973     2.2522    65.6821
  715.0000   262.3300     2.2464    64.7492
  715.1250   263.0426     2.2433    64.0483
  715.2500   263.3253     2.2429    64.1318
  715.3750   263.1860     2.2463    64.8964
  715.5000   262.8714     2.2543    65.1904
  715.6250   262.6174     2.2629    64.2727
  715.7500   262.4527     2.2676    62.9124
  715.8750   262.6111     2.2659    62.5822
  716.0000   263.0424     2.2619    63.4563
  716.1250   263.0040     2.2595    64.6341
  716.2500   262.0687     2.2604    65.2384
  716.3750   261.2202     2.2633    65.7386
  716.5000   260.6693     2.2674    66.8828
  716.6250   260.2528     2.2712    68.5188
  716.7500   260.4708     2.2728    69.8624
  716.8750   261.5270     2.2695    71.0852
  717.0000   263.7363     2.2588    72.9575
  717.1250   267.6362     2.2417    74.5513
  717.2500   272.8973     2.2218    74.2710
  717.3750   278.2301     2.2049    72.7161
  717.5000   282.6544     2.1941    71.1057
  717.6250   284.2959     2.1921    69.6541
  717.7500   282.9271     2.1974    68.0472
  717.8750   279.4550     2.2077    66.6536
  718.0000   275.3065     2.2185    66.0976
  718.1250   271.6269     2.2266    66.0978
  718.2500   269.2276     2.2315    66.5727
  718.3750   268.5380     2.2341    67.6149
  718.5000   269.2050     2.2348    68.5790
  718.6250   269.9894     2.2330    68.6399
  718.7500   270.0536     2.2283    67.8402
  718.8750   271.4230     2.2223    66.6472
  719.0000   274.4713     2.2177    65.5617
  719.1250   275.7009     2.2174    64.6055
  719.2500   275.8539     2.2218    63.4728
  719.3750   276.6557     2.2289    62.1789
  719.5000   275.1445     2.2355    60.8591
  719.6250   271.3844     2.2412    60.1883
  719.7500   269.1213     2.2467    60.6946
  719.8750   268.2679     2.2522    61.9281
  720.0000   267.9527     2.2563    63.6330
  720.1250   268.3497     2.2572    65.2688
  720.2500   268.8665     2.2576    66.3168
  720.3750   267.6621     2.2652    66.8591
  720.5000   262.3043     2.2887    68.1874
  720.6250   253.6686     2.3287    71.0442
  720.7500   246.1068     2.3735    74.7174
  720.8750   241.3025     2.4011    77.4276
  721.0000   239.3380     2.4007    78.3543
  721.1250   242.2850     2.3778    77.4511
  721.2500   248.2217     2.3519    75.8662
  721.3750   252.3749     2.3349    74.6826
  721.5000   252.3905     2.3309    74.3674
  721.6250   250.7197     2.3361    74.3002
  721.7500   248.3113     2.3463    73.8259
  721.8750   244.8536     2.3574    72.4558
  722.0000   241.8655     2.3684    70.2484
  722.1250   241.1805     2.3778    68.4377
  722.2500   241.8392     2.3824    68.8557
  722.3750   243.2720     2.3806    71.7150
  722.5000   245.1904     2.3754    75.0475
  722.6250   245.9080     2.3745    76.3957
  722.7500   244.6025     2.3815    75.1280
  722.8750   242.0074     2.3938    72.5813
  723.0000   239.2474     2.4037    71.2630
  723.1250   236.4651     2.4056    72.5432
  723.2500   234.0112     2.3992    74.8504
  723.3750   233.8875     2.3866    75.9806
  723.5000   236.7986     2.3677    75.1444
  723.6250   239.8218     2.3450    73.6800
  723.7500   242.9213     2.3247    72.5124
  723.8750   247.2869     2.3138    71.7564
  724.0000   250.2096     2.3123    71.2122
  724.1250   250.1580     2.3181    71.1539
  724.2500   249.0086     2.3294    71.9895
  724.3750   248.1803     2.3419    73.6451
  724.5000   247.5708     2.3513    75.5994
  724.6250   246.9789     2.3552    76.9097
  724.7500   246.4975     2.3566    77.3231
  724.8750   246.5423     2.3576    76.8651
  725.0000   247.5383     2.3588    75.6910
  725.1250   248.4171     2.3609    74.5585
  725.2500   247.3427     2.3645    75.0833
  725.3750   245.0230     2.3695    77.5695
  725.5000   242.4935     2.3757    80.4767
  725.6250   239.6564     2.3813    81.8314
  725.7500   237.7644     2.3844    81.8866
  725.8750   238.3819     2.3847    81.2842
  726.0000   240.7182     2.3852    80.1046
  726.1250   243.0371     2.3866    78.6326
  726.2500   244.7251     2.3869    77.8665
  726.3750   245.5449     2.3840    78.3387
  726.5000   245.5354     2.3797    79.3845
  726.6250   244.7888     2.3761    80.1427
  726.7500   243.5301     2.3732    80.3023
  726.8750   241.9940     2.3714    79.7795
  727.0000   240.5176     2.3744    78.2225
  727.1250   239.8631     2.3823    76.5489
  727.2500   240.4967     2.3903    75.7833
  727.3750   241.6543     2.3906    76.2301
  727.5000   242.7482     2.3831    76.8806
  727.6250   244.3508     2.3737    77.2921
  727.7500   246.4320     2.3699    78.1616
  727.8750   248.1402     2.3729    79.8803
  728.0000   249.8928     2.3786    82.0372
  728.1250   251.9784     2.3810    83.8211
  728.2500   252.8639     2.3783    84.9065
  728.3750   252.3148     2.3719    84.7031
  728.5000   252.0333     2.3634    82.7191
  728.6250   251.3012     2.3529    79.4221
  728.7500   249.9201     2.3408    76.0239
  728.8750   249.9855     2.3300    73.6978
  729.0000   250.9674     2.3226    72.7761
  729.1250   251.3329     2.3186    72.1253
  729.2500   251.9830     2.3161    71.6892
  729.3750   252.7582     2.3149    72.4169
  729.5000   252.2546     2.3178    74.1527
  729.6250   250.7413     2.3251    75.6448
  729.7500   248.7343     2.3338    76.2503
  729.8750   246.5517     2.3384    76.8969
  730.0000   244.7130     2.3381    78.2885
  730.1250   244.1657     2.3363    79.3112
  730.2500   245.0883     2.3356    78.6913
  730.3750   246.8523     2.3352    76.4921
  730.5000   248.5240     2.3346    74.2154
  730.6250   249.6355     2.3365    73.3032
  730.7500   249.9193     2.3420    73.7565
  730.8750   249.4202     2.3468    73.6765
  731.0000   248.6965     2.3441    72.1781
  731.1250   248.2129     2.3319    70.1737
  731.2500   248.4582     2.3188    69.0099
  731.3750   249.6733     2.3139    68.6302
  731.5000   250.7630     2.3058    68.4092
  731.6250   250.1062     2.2862    68.1110
  731.7500   248.4819     2.2791    68.0970
  731.8750   247.1266     2.2986    68.7994
  732.0000   245.5835     2.3266    70.6080
  732.1250   244.3503     2.3451    74.3206
  732.2500   244.4756     2.3424    78.7624
  732.3750   245.7859     2.3292    80.6349
  732.5000   249.4026     2.3193    78.5000
  732.6250   254.9827     2.3217    74.9270
  732.7500   258.9403     2.3320    73.2381
  732.8750   259.9557     2.3439    74.1644
  733.0000   259.2977     2.3543    75.2654
  733.1250   256.0272     2.3626    75.2420
  733.2500   249.3234     2.3674    74.8546
  733.3750   243.2784     2.3690    75.6821
  733.5000   240.3242     2.3692    78.0946
  733.6250   239.3144     2.3689    80.5328
  733.7500   239.7166     2.3664    81.3815
  733.8750   243.1665     2.3582    80.6090
  734.0000   249.1811     2.3414    78.7523
  734.1250   255.5328     2.3194    75.9456
  734.2500   260.7382     2.2985    72.2847
  734.3750   263.0659     2.2847    69.0777
  734.5000   263.3800     2.2774    67.3700
  734.6250   264.0657     2.2731    66.6290
  734.7500   265.0766     2.2690    65.7824
  734.8750   265.8576     2.2654    65.0591
  735.0000   267.6137     2.2631    64.7510
  735.1250   269.8690     2.2636    64.3460
  735.2500   270.7877     2.2682    64.0366
  735.3750   269.9292     2.2772    64.8514
  735.5000   268.5736     2.2874    66.4327
  735.6250   266.9668     2.2950    67.1273
  735.7500   265.4867     2.2959    66.2155
  735.8750   264.8955     2.2890    64.9487
  736.0000   265.2527     2.2746    64.2653
  736.1250   265.9207     2.2588    63.9735
  736.2500   266.4664     2.2502    63.6310
  736.3750   265.5603     2.2582    63.4725
  736.5000   262.6427     2.2798    64.0303
  736.6250   259.2064     2.3054    65.5108
  736.7500   256.6371     2.3231    67.6888
  736.8750   254.7586     2.3321    69.6731
  737.0000   253.9244     2.3347    71.2422
  737.1250   254.1353     2.3326    72.7422
  737.2500   254.3918     2.3281    74.3893
  737.3750   254.2322     2.3256    75.7663
  737.5000   253.6256     2.3276    76.5210
  737.6250   253.0484     2.3315    77.5683
  737.7500   253.4433     2.3323    79.1499
  737.8750   254.7151     2.3277    79.6668
  738.0000   256.1580     2.3191    78.6116
  738.1250   257.7503     2.3086    77.0473
  738.2500   259.4156     2.2992    75.7452
  738.3750   260.5552     2.2921    74.3592
  738.5000   261.2142     2.2866    72.7311
  738.6250   262.2732     2.2815    71.2395
  738.7500   263.6691     2.2772    69.5589
  738.8750   264.7048     2.2747    67.5240
  739.0000   265.6078     2.2728    66.1228
  739.1250   266.4276     2.2704    65.9038
  739.2500   266.4393     2.2697    66.2468
  739.3750   265.7106     2.2738    66.5269
  739.5000   265.1568     2.2804    66.6858
  739.6250   265.2502     2.2819    66.6900
  739.7500   265.9658     2.2739    66.1187
  739.8750   267.5654     2.2580    64.9832
  740.0000   270.0893     2.2421    63.9473
  740.1250   272.4247     2.2322    63.4721
  740.2500   272.6883     2.2322    63.1036
  740.3750   271.5206     2.2381    62.1521
  740.5000   270.2974     2.2441    60.7365
  740.6250   269.3919     2.2444    59.6578
  740.7500   269.1354     2.2383    59.3818
  740.8750   270.3421     2.2295    59.9813
  741.0000   271.8946     2.2242    61.0956
  741.1250   272.2352     2.2246    62.1909
  741.2500   271.3441     2.2293    63.1529
  741.3750   270.6101     2.2327    64.4381
  741.5000   270.3460     2.2312    65.7745
  741.6250   270.3679     2.2256    65.9045
  741.7500   270.7998     2.2197    64.4017
  741.8750   271.3481     2.2163    62.3991
  742.0000   271.1476     2.2169    61.5795
  742.1250   270.5207     2.2205    61.6658
  742.2500   270.2967     2.2242    61.4576
  742.3750   270.8519     2.2240    60.4070
  742.5000   272.1108     2.2198    59.4533
  742.6250   273.5859     2.2132    59.5455
  742.7500   274.5536     2.2081    60.0876
  742.8750   274.8972     2.2066    60.4398
  743.0000   274.5760     2.2096    60.8012
  743.1250   273.7783     2.2148    62.0827
  743.2500   272.8873     2.2204    64.1893
  743.3750   272.3811     2.2242    65.3177
  743.5000   272.4757     2.2245    64.6668
  743.6250   272.8937     2.2203    63.3521
  743.7500   273.1214     2.2144    62.5221
  743.8750   273.4157     2.2110    61.6265
  744.0000   273.8306     2.2131    60.3933
  744.1250   273.5768     2.2187    60.3200
  744.2500   273.0355     2.2249    61.8159
  744.3750   273.3120     2.2296    63.1804
  744.5000   273.7459     2.2317    63.1655
  744.6250   273.6914     2.2312    62.5773
  744.7500   274.1017     2.2290    62.5594
  744.8750   275.1611     2.2262    63.4720
  745.0000   275.7666     2.2240    64.9218
  745.1250   275.4302     2.2251    65.9643
  745.2500   274.9578     2.2300    65.8706
  745.3750   274.2467     2.2372    64.4924
  745.5000   272.3618     2.2446    62.7391
  745.6250   269.5832     2.2528    61.6239
  745.7500   267.2705     2.2620    61.8926
  745.8750   266.2797     2.2696    62.9448
  746.0000   265.8932     2.2719    63.6893
  746.1250   265.9365     2.2659    63.2588
  746.2500   267.3143     2.2547    62.1659
  746.3750   269.6183     2.2418    61.1574
  746.5000   271.3013     2.2297    60.6431
  746.6250   272.2096     2.2198    60.6477
  746.7500   272.6219     2.2151    61.1769
  746.8750   272.7258     2.2177    61.7177
  747.0000   272.5888     2.2248    62.0210
  747.1250   272.2664     2.2315    61.9906
  747.2500   272.5798     2.2351    61.5347
  747.3750   273.6773     2.2360    60.9768
  747.5000   274.3895     2.2337    61.1553
  747.6250   274.5274     2.2273    62.4974
  747.7500   274.8426     2.2188    64.3597
  747.8750   275.1044     2.2128    64.6341
  748.0000   275.1990     2.2110    62.6507
  748.1250   275.5531     2.2120    59.7627
  748.2500   275.3540     2.2138    58.5285
  748.3750   274.4280     2.2175    59.4740
  748.5000   273.4851     2.2251    61.2534
  748.6250   272.3330     2.2356    61.8934
  748.7500   271.2593     2.2456    61.8632
  748.8750   271.2762     2.2519    62.6262
  749.0000   271.7936     2.2549    64.0814
  749.1250   272.0046     2.2555    64.9053
  749.2500   272.1380     2.2538    64.4453
  749.3750   271.9610     2.2519    64.2237
  749.5000   270.7864     2.2533    64.9145
  749.6250   268.7322     2.2623    65.5158
  749.7500   266.5775     2.2769    65.8545
  749.8750   264.3644     2.2921    66.4846
  750.0000   262.4501     2.3022    67.4179
  750.1250   261.1845     2.3065    67.9506
  750.2500   259.9495     2.3074    68.0592
  750.3750   258.2644     2.3098    68.6259
  750.5000   256.9148     2.3150    69.7386
  750.6250   256.2847     2.3210    70.6803
  750.7500   255.7025     2.3240    71.2803
  750.8750   255.1061     2.3236    71.9876
  751.0000   254.6093     2.3232    73.1358
  751.1250   253.4181     2.3260    73.9605
  751.2500   251.4002     2.3315    73.9087
  751.3750   249.7727     2.3369    73.4421
  751.5000   249.1041     2.3401    73.5394
  751.6250   248.6512     2.3410    74.2018
  751.7500   247.2148     2.3394    74.2134
  751.8750   246.0010     2.3328    72.7142
  752.0000   247.4602     2.3171    69.4343
  752.1250   250.6853     2.2940    65.6015
  752.2500   254.2821     2.2697    62.6580
  752.3750   259.3352     2.2505    61.3757
  752.5000   264.4382     2.2378    61.3243
  752.6250   266.6798     2.2308    61.8140
  752.7500   266.4520     2.2296    61.8639
  752.8750   266.5580     2.2312    61.3845
  753.0000   267.2615     2.2313    60.7110
  753.1250   268.0125     2.2269    60.2122
  753.2500   268.3183     2.2204    60.1783
  753.3750   267.4656     2.2174    61.0973
  753.5000   265.6048     2.2212    63.3349
  753.6250   263.2333     2.2296    66.2176
  753.7500   260.9351     2.2394    68.3160
  753.8750   259.9560     2.2493    69.2037
  754.0000   260.6149     2.2597    69.5320
  754.1250   261.5819     2.2692    69.4333
  754.2500   261.2174     2.2752    68.8353
  754.3750   259.7939     2.2779    67.9869
  754.5000   258.4913     2.2803    67.4237
  754.6250   257.4264     2.2841    67.8097
  754.7500   256.9896     2.2887    69.0807
  754.8750   257.8751     2.2917    70.6268
  755.0000   259.0952     2.2909    72.1895
  755.1250   260.1379     2.2848    72.8964
  755.2500   261.7506     2.2764    72.0005
  755.3750   263.6079     2.2690    69.9154
  755.5000   265.4804     2.2654    67.4784
  755.6250   266.9406     2.2669    65.6867
  755.7500   266.1047     2.2761    64.9335
  755.8750   261.7860     2.2972    65.5882
  756.0000   255.8965     2.3262    67.8200
  756.1250   248.9630     2.3576    71.3103
  756.2500   241.9222     2.3853    75.0412
  756.3750   237.5647     2.4047    78.3270
  756.5000   237.4348     2.4110    80.4707
  756.6250   239.2079     2.4065    80.6807
  756.7500   241.0490     2.3993    78.7735
  756.8750   243.0705     2.3940    75.4779
  757.0000   244.1540     2.3884    72.7590
  757.1250   242.8740     2.3820    71.0784
  757.2500   240.9676     2.3783    70.0295
  757.3750   240.8019     2.3776    69.2680
  757.5000   241.1283     2.3781    68.7743
  757.6250   240.3506     2.3803    68.8467
  757.7500   239.9423     2.3848    69.7157
  757.8750   240.8374     2.3882    71.5168
  758.0000   241.6738     2.3873    73.1533
  758.1250   241.4077     2.3862    73.4102
  758.2500   240.5743     2.3906    72.3038
  758.3750   240.0706     2.3969    71.0224
  758.5000   239.8848     2.3954    70.0780
  758.6250   240.6822     2.3785    69.4548
  758.7500   243.8671     2.3513    68.8785
  758.8750   249.2206     2.3192    68.0384
  759.0000   254.3690     2.2889    66.9168
  759.1250   256.7689     2.2681    66.2150
  759.2500   255.9344     2.2636    66.1368
  759.3750   253.6643     2.2786    66.1442
  759.5000   251.3454     2.3060    66.6810
  759.6250   248.9088     2.3370    68.3437
  759.7500   247.3958     2.3629    69.8825
  759.8750   247.5709     2.3794    69.6578
  760.0000   248.4773     2.3840    68.4683
  760.1250   248.6931     2.3802    68.7392
  760.2500   248.3330     2.3739    70.3135
  760.3750   247.9612     2.3704    70.8269
  760.5000   247.5008     2.3698    69.8172
  760.6250   246.5291     2.3704    68.3139
  760.7500   245.4640     2.3723    67.1815
  760.8750   244.7713     2.3758    66.1939
  761.0000   243.9037     2.3807    65.3750
  761.1250   242.5717     2.3862    65.3455
  761.2500   241.7785     2.3907    66.4771
  761.3750   242.0832     2.3919    68.5871
  761.5000   242.4170     2.3899    70.4894
  761.6250   242.3436     2.3880    70.9972
  761.7500   242.1880     2.3914    69.9755
  761.8750   241.5412     2.4009    69.0448
  762.0000   240.2524     2.4130    69.4588
  762.1250   239.1404     2.4228    71.4547
  762.2500   238.2553     2.4288    73.6569
  762.3750   236.9617     2.4341    75.1075
  762.5000   234.3760     2.4469    76.0733
  762.6250   229.4400     2.4714    77.1125
  762.7500   221.0137     2.5078    77.4784
  762.8750   210.3712     2.5496    75.7692
  763.0000   199.9691     2.5865    72.2800
  763.1250   191.2341     2.6063    68.8586
  763.2500   186.6073     2.6017    67.8449
  763.3750   188.6116     2.5754    69.9184
  763.5000   196.3778     2.5366    75.3533
  763.6250   205.3493     2.5016    82.2624
  763.7500   214.2604     2.4790    88.5475
  763.8750   221.4180     2.4697    93.7467
  764.0000   225.5209     2.4638   101.0115
  764.1250   227.8683     2.4534   114.4939
  764.2500   230.6505     2.4362   136.0781
  764.3750   234.0523     2.4168   160.7829
  764.5000   237.3002     2.4010   180.3833
  764.6250   239.5265     2.3922   187.8963
  764.7500   240.7892     2.3878   183.7556
  764.8750   241.1598     2.3850   171.3713
  765.0000   240.7398     2.3828   156.3047
  765.1250   240.2254     2.3829   140.6141
  765.2500   240.5470     2.3862   125.6513
  765.3750   241.5163     2.3906   113.5753
  765.5000   242.7853     2.3941   106.5634
  765.6250   243.8844     2.3946   106.8471
  765.7500   244.3255     2.3923   112.0039
  765.8750   243.5962     2.3882   117.3529
  766.0000   241.6900     2.3851   116.7303
  766.1250   239.5941     2.3849   110.0457
  766.2500   238.0241     2.3878   101.2406
  766.3750   237.1104     2.3935    94.3055
  766.5000   236.8620     2.4015    89.5680
  766.6250   236.2278     2.4106    86.3480
  766.7500   234.0240     2.4174    84.2252
  766.8750   231.2841     2.4211    82.7744
  767.0000   229.6767     2.4244    81.1534
  767.1250   228.4425     2.4300    79.9171
  767.2500   228.2804     2.4348    80.1189
  767.3750   231.0924     2.4309    81.5071
  767.5000   234.6457     2.4173    82.3011
  767.6250   236.5601     2.4006    81.0296
  767.7500   237.4227     2.3899    78.4165
  767.8750   237.7306     2.3862    76.5116
  768.0000   238.4426     2.3845    76.5535
  768.1250   242.0210     2.3765    78.1753
  768.2500   248.1870     2.3582    81.2276
  768.3750   255.1035     2.3295    85.5982
  768.5000   261.7728     2.2996    89.1745
  768.6250   266.6652     2.2764    89.8518
  768.7500   268.1735     2.2649    87.0874
  768.8750   267.8883     2.2614    83.3422
  769.0000   267.4533     2.2619    80.2008
  769.1250   266.7371     2.2632    77.6399
  769.2500   265.0965     2.2645    75.2549
  769.3750   264.2418     2.2646    73.6436
  769.5000   266.3078     2.2600    72.8961
  769.6250   269.5856     2.2499    72.3527
  769.7500   272.7085     2.2389    71.3006
  769.8750   275.8323     2.2343    69.9423
  770.0000   276.7956     2.2385    68.6489
  770.1250   274.0882     2.2494    67.9398
  770.2500   270.6206     2.2615    67.9145
  770.3750   267.2470     2.2720    68.6711
  770.5000   264.4819     2.2800    70.1123
  770.6250   263.2013     2.2870    72.0197
  770.7500   262.7321     2.2925    73.6288
  770.8750   262.3319     2.2942    73.7273
  771.0000   262.0225     2.2929    72.1779
  771.1250   260.8714     2.2932    70.2832
  771.2500   259.1327     2.2983    69.4274
  771.3750   258.3071     2.3049    69.6415
  771.5000   258.9286     2.3059    70.5694
  771.6250   260.2539     2.3005    71.6229
  771.7500   262.1061     2.2924    72.6509
  771.8750   263.8713     2.2850    73.5207
  772.0000   264.5716     2.2785    74.4588
  772.1250   263.8564     2.2733    75.6467
  772.2500   262.4541     2.2724    77.2578
  772.3750   261.5595     2.2759    79.8667
  772.5000   262.0863     2.2816    85.1120
  772.6250   263.7918     2.2848    94.3623
  772.7500   265.9405     2.2839   107.5650
  772.8750   267.7904     2.2804   122.2629
  773.0000   268.1628     2.2779   133.1255
  773.1250   267.4135     2.2767   137.5444
  773.2500   266.7528     2.2738   136.0818
  773.3750   266.2389     2.2677   133.2276
  773.5000   266.1242     2.2602   130.9538
  773.6250   267.4369     2.2556   127.5306
  773.7500   269.0644     2.2544   121.3191
  773.8750   269.2784     2.2550   113.5585
  774.0000   268.7238     2.2539   106.6901
  774.1250   269.2180     2.2478   100.1244
  774.2500   270.6021     2.2360    91.7042
  774.3750   271.5906     2.2243    82.1683
  774.5000   272.2313     2.2194    74.2237
  774.6250   272.3487     2.2243    69.7152
  774.7500   271.8974     2.2326    67.2578
  774.8750   271.2624     2.2371    65.9442
  775.0000   270.5606     2.2329    65.1756
  775.1250   270.8294     2.2233    64.5125
  775.2500   272.2519     2.2143    63.8921
  775.3750   272.7678     2.2117    63.6501
  775.5000   272.2661     2.2142    63.5840
  775.6250   272.1919     2.2173    63.2463
  775.7500   272.9910     2.2170    62.5704
  775.8750   274.4069     2.2138    62.1751
  776.0000   276.3406     2.2113    62.4213
  776.1250   277.6745     2.2114    63.0783
  776.2500   277.7338     2.2138    63.8035
  776.3750   276.7147     2.2164    64.7727
  776.5000   275.5360     2.2169    65.5617
  776.6250   274.9981     2.2155    65.4418
  776.7500   275.3880     2.2154    64.6864
  776.8750   275.6822     2.2194    64.3230
  777.0000   275.5119     2.2280    64.1196
  777.1250   274.8127     2.2380    63.1831
  777.2500   273.4613     2.2446    61.8794
  777.3750   272.2749     2.2439    61.0700
  777.5000   272.1888     2.2391    60.6504
  777.6250   272.3006     2.2357    59.8312
  777.7500   271.8940     2.2375    58.6862
  777.8750   271.5032     2.2432    58.7746
  778.0000   271.0904     2.2517    60.7563
  778.1250   269.8173     2.2613    63.6909
  778.2500   267.5261     2.2697    66.3466
  778.3750   264.6427     2.2762    68.2021
  778.5000   262.2170     2.2831    69.6430
  778.6250   260.3372     2.2916    71.3274
  778.7500   258.6715     2.3007    73.3760
  778.8750   257.1236     2.3095    75.8440
  779.0000   254.8899     2.3197    78.4915
  779.1250   251.4873     2.3327    79.9903
  779.2500   248.6180     2.3447    79.3808
  779.3750   247.3434     2.3500    76.8240
  779.5000   248.3516     2.3437    73.9177
  779.6250   251.2509     2.3307    72.3229
  779.7500   254.7358     2.3175    72.0533
  779.8750   257.3328     2.3092    72.0499
  780.0000   258.9189     2.3043    71.2325
  780.1250   259.5319     2.3002    69.2502
  780.2500   259.8876     2.2958    66.9237
  780.3750   260.5392     2.2919    64.9082
  780.5000   261.2838     2.2882    63.3906
  780.6250   262.1870     2.2819    62.3493
  780.7500   263.5161     2.2729    61.7577
  780.8750   264.5790     2.2645    61.3879
  781.0000   264.6793     2.2590    60.8258
  781.1250   264.5845     2.2546    60.0391
  781.2500   265.0152     2.2505    59.4435
  781.3750   265.3226     2.2471    59.4803
  781.5000   265.5802     2.2442    59.8190
  781.6250   266.3136     2.2418    59.7240
  781.7500   266.8393     2.2427    59.1377
  781.8750   266.6484     2.2484    59.0195
  782.0000   266.0916     2.2550    60.3933
  782.1250   265.3904     2.2600    62.8320
  782.2500   264.7304     2.2650    65.2931
  782.3750   264.4484     2.2711    67.2207
  782.5000   264.7325     2.2754    68.8488
  782.6250   265.6858     2.2753    70.7471
  782.7500   266.4419     2.2738    73.1227
  782.8750   266.2925     2.2748    75.8036
  783.0000   265.5222     2.2803    77.9922
  783.1250   264.9094     2.2868    79.4034
  783.2500   264.3776     2.2913    80.1278
  783.3750   263.9717     2.2931    80.0368
  783.5000   263.9906     2.2932    78.7195
  783.6250   263.9041     2.2931    76.0146
  783.7500   262.8384     2.2941    73.7831
  783.8750   261.5854     2.2956    73.5806
  784.0000   261.7537     2.2946    75.1398
  784.1250   263.2100     2.2894    76.7683
  784.2500   265.0996     2.2797    77.7381
  784.3750   267.0570     2.2668    77.5004
  784.5000   268.6454     2.2532    76.3314
  784.6250   269.1690     2.2416    74.4869
  784.7500   268.6878     2.2348    72.4927
  784.8750   268.1386     2.2324    70.8773
  785.0000   268.2536     2.2337    69.9285
  785.1250   269.1653     2.2360    69.2461
  785.2500   270.3790     2.2363    68.1222
  785.3750   271.6178     2.2320    66.4830
  785.5000   272.8137     2.2249    65.6436
  785.6250   273.7596     2.2184    66.1616
  785.7500   274.2177     2.2160    68.0485
  785.8750   274.3461     2.2168    70.5008
  786.0000   274.6197     2.2192    72.8307
  786.1250   275.5792     2.2225    74.1865
  786.2500   276.6072     2.2272    74.7489
  786.3750   276.9395     2.2347    74.9138
  786.5000   276.2419     2.2455    74.6441
  786.6250   274.4583     2.2590    74.2074
  786.7500   271.6996     2.2735    74.9151
  786.8750   268.9592     2.2853    77.3607
  787.0000   267.6115     2.2913    79.6335
  787.1250   268.6844     2.2899    79.5515
  787.2500   270.6263     2.2836    77.9816
  787.3750   272.0653     2.2746    76.2711
  787.5000   273.4654     2.2650    74.6522
  787.6250   274.5546     2.2583    72.9709
  787.7500   273.9926     2.2560    72.4504
  787.8750   272.4495     2.2563    74.0218
  788.0000   271.5690     2.2563    75.8796
  788.1250   271.3203     2.2553    76.1665
  788.2500   271.6651     2.2539    74.6701
  788.3750   272.7512     2.2524    72.4902
  788.5000   274.6684     2.2515    70.8008
  788.6250   277.1748     2.2517    70.6394
  788.7500   278.9201     2.2520    71.7311
  788.8750   279.3372     2.2504    72.4133
  789.0000   280.4871     2.2480    71.9108
  789.1250   282.3584     2.2468    70.8283
  789.2500   283.5038     2.2475    70.4295
  789.3750   284.6953     2.2484    70.4225
  789.5000   286.4530     2.2486    69.7839
  789.6250   287.8722     2.2494    68.4484
  789.7500   288.9428     2.2508    67.3558
  789.8750   290.4424     2.2504    67.0637
  790.0000   292.6682     2.2472    67.4144
  790.1250   294.7672     2.2435    67.6064
  790.2500   295.4634     2.2434    67.1540
  790.3750   294.0508     2.2481    66.7072
  790.5000   291.0333     2.2538    67.3905
  790.6250   288.3713     2.2534    69.5924
  790.7500   287.2883     2.2453    71.5513
  790.8750   287.6678     2.2341    71.9031
  791.0000   289.5255     2.2287    71.2175
  791.1250   291.7396     2.2336    71.2948
  791.2500   292.3806     2.2480    72.6922
  791.3750   291.0795     2.2650    74.5084
  791.5000   288.9528     2.2779    76.1773
  791.6250   286.4431     2.2828    78.3201
  791.7500   284.1834     2.2810    81.0675
  791.8750   282.3540     2.2756    83.0966
  792.0000   280.3382     2.2688    82.4056
  792.1250   278.3988     2.2623    79.8120
  792.2500   277.4058     2.2567    77.3938
  792.3750   277.8489     2.2532    76.8733
  792.5000   279.6789     2.2533    77.4659
  792.6250   282.8428     2.2567    77.9454
  792.7500   285.7358     2.2595    77.0945
  792.8750   286.2135     2.2581    75.0460
  793.0000   284.2365     2.2515    72.5852
  793.1250   281.1310     2.2429    70.6976
  793.2500   277.0951     2.2354    69.2821
  793.3750   273.7701     2.2306    68.1501
  793.5000   273.3446     2.2291    67.4358
  793.6250   274.0049     2.2311    67.3986
  793.7500   273.9075     2.2357    68.0775
  793.8750   274.2792     2.2399    68.5226
  794.0000   274.8929     2.2428    68.2862
  794.1250   274.6570     2.2457    67.8285
  794.2500   274.3529     2.2481    67.7893
  794.3750   274.7860     2.2472    68.5012
  794.5000   276.5081     2.2423    69.4042
  794.6250   279.1017     2.2376    69.8148
  794.7500   281.3620     2.2372    69.4149
  794.8750   282.8202     2.2411    68.7970
  795.0000   283.7790     2.2475    69.5291
  795.1250   283.4533     2.2541    72.8564
  795.2500   282.0137     2.2583    77.7638
  795.3750   280.9644     2.2584    82.4479
  795.5000   280.7118     2.2549    85.0866
  795.6250   280.2852     2.2510    86.1263
  795.7500   280.2722     2.2490    86.3345
  795.8750   280.9878     2.2505    86.2224
  796.0000   280.7211     2.2554    86.0500
  796.1250   279.2054     2.2630    86.3144
  796.2500   278.3307     2.2713    87.6927
  796.3750   278.5310     2.2780    89.7566
  796.5000   279.2091     2.2799    91.5466
  796.6250   280.3020     2.2758    92.2359
  796.7500   281.4409     2.2682    92.2348
  796.8750   281.2098     2.2626    93.0359
  797.0000   279.3550     2.2633    95.2666
  797.1250   276.7691     2.2691    98.1949
  797.2500   274.9829     2.2743   100.7477
  797.3750   274.4817     2.2738   103.0711
  797.5000   274.5176     2.2680   104.9692
  797.6250   274.3648     2.2622   105.3555
  797.7500   274.1462     2.2598   104.2027
  797.8750   273.7430     2.2604   102.6730
  798.0000   273.4560     2.2590   101.5948
  798.1250   273.7272     2.2532   100.5441
  798.2500   274.3593     2.2458    99.2570
  798.3750   275.0654     2.2420    98.2619
  798.5000   275.7756     2.2426    97.8587
  798.6250   276.2923     2.2458    98.1630
  798.7500   276.7397     2.2494    98.3572
  798.8750   277.0049     2.2531    97.5214
  799.0000   277.2114     2.2563    95.5124
  799.1250   277.4702     2.2584    93.3218
  799.2500   276.9174     2.2599    91.9803
  799.3750   275.4542     2.2619    92.2063
  799.5000   274.1397     2.2648    93.5731
  799.6250   273.0814     2.2685    95.3302
  799.7500   272.4288     2.2734    96.7304
  799.8750   272.8382     2.2786    97.4649
  800.0000   274.2147     2.2805    97.6261
  800.1250   276.0581     2.2764    97.2996
  800.2500   278.4984     2.2675    97.2646
  800.3750   281.1707     2.2592    98.9586
  800.5000   283.4010     2.2544   101.7659
  800.6250   285.1916     2.2519   104.1401
  800.7500   286.4967     2.2491   104.6981
  800.8750   286.7582     2.2452   104.0381
  801.0000   286.4364     2.2399   103.4687
  801.1250   286.1668     2.2351   104.4384
  801.2500   285.2564     2.2327   108.1684
  801.3750   284.2330     2.2338   115.0317
  801.5000   283.9376     2.2376   121.8927
  801.6250   283.0740     2.2428   125.5789
  801.7500   281.2951     2.2491   124.7267
  801.8750   279.5095     2.2553   122.0649
  802.0000   277.2581     2.2609   119.0200
  802.1250   275.1577     2.2659   114.8504
  802.2500   274.2556     2.2700   109.7846
  802.3750   274.1255     2.2718   105.6359
  802.5000   274.1948     2.2710   103.3364
  802.6250   274.4681     2.2685   101.9955
  802.7500   274.2602     2.2652   100.2654
  802.8750   273.0282     2.2619    97.5908
  803.0000   271.6899     2.2588    95.2238
  803.1250   271.4834     2.2559    94.5176
  803.2500   271.9129     2.2532    95.3828
  803.3750   272.2304     2.2512    96.4508
  803.5000   272.4943     2.2508    96.0917
  803.6250   272.6371     2.2522    95.1020
  803.7500   272.0757     2.2551    94.5898
  803.8750   271.0551     2.2584    95.3064
  804.0000   270.4135     2.2611    96.9795
  804.1250   270.3560     2.2630    98.3571
  804.2500   270.5506     2.2654    98.7285
  804.3750   270.5429     2.2701    98.7843
  804.5000   269.8160     2.2795    99.0826
  804.6250   268.4102     2.2925    99.0856
  804.7500   266.4479     2.3055    98.7429
  804.8750   264.5837     2.3134    99.5061
  805.0000   264.2482     2.3147   101.9554
  805.1250   265.4548     2.3107   104.8510
  805.2500   266.9766     2.3039   105.8857
  805.3750   268.5537     2.2976   104.7718
  805.5000   269.8934     2.2930   102.5212
  805.6250   269.9769     2.2902   100.6094
  805.7500   269.4981     2.2889    99.3489
  805.8750   269.2513     2.2892    98.2439
  806.0000   268.5166     2.2913    97.1566
  806.1250   267.4945     2.2951    96.7276
  806.2500   267.0016     2.2996    96.5807
  806.3750   266.3774     2.3033    96.1220
  806.5000   265.4665     2.3054    95.5621
  806.6250   264.9942     2.3069    95.3562
  806.7500   264.6080     2.3085    95.2965
  806.8750   264.2334     2.3093    94.8160
  807.0000   264.4291     2.3080    94.0581
  807.1250   264.7979     2.3070    93.7131
  807.2500   265.1606     2.3097    93.7610
  807.3750   265.1644     2.3154    93.7804
  807.5000   263.9476     2.3198    93.1431
  807.6250   262.0516     2.3207    91.6674
  807.7500   261.1350     2.3203    90.6503
  807.8750   260.8021     2.3201    90.7616
  808.0000   260.4930     2.3188    91.5299
  808.1250   260.4238     2.3163    92.4995
  808.2500   260.3250     2.3145    94.4065
  808.3750   259.8610     2.3154    97.3101
  808.5000   259.3028     2.3178   100.0398
  808.6250   258.7728     2.3208   102.5583
  808.7500   258.4039     2.3246   106.8948
  808.8750   257.4131     2.3298   113.1626
  809.0000   254.8293     2.3364   117.8642
  809.1250   251.9102     2.3414   117.0438
  809.2500   250.0544     2.3407   111.2718
  809.3750   249.4647     2.3308   103.3089
  809.5000   250.0705     2.3163    96.7162
  809.6250   251.6524     2.3037    92.7518
  809.7500   253.2018     2.2986    91.5744
  809.8750   254.0302     2.2992    91.5954
  810.0000   254.7340     2.3009    91.5769
  810.1250   258.4319     2.2965    91.8552
  810.2500   265.0041     2.2859    92.9987
  810.3750   270.0401     2.2773    94.9834
  810.5000   270.8823     2.2824    98.4074
  810.6250   268.4482     2.3029   104.4739
  810.7500   261.0240     2.3329   113.3328
  810.8750   252.4015     2.3601   121.7935
  811.0000   249.6035     2.3777   127.5107
  811.1250   253.8677     2.3815   129.6628
  811.2500   259.3372     2.3749   128.5679
  811.3750   264.2670     2.3621   123.3610
  811.5000   266.6488     2.3486   113.1990
  811.6250   264.9298     2.3381   101.0586
  811.7500   260.6736     2.3315    90.5878
  811.8750   258.2957     2.3270    84.3350
  812.0000   258.8105     2.3206    81.2206
  812.1250   260.9515     2.3089    79.7363
  812.2500   263.6263     2.2919    79.1065
  812.3750   266.4826     2.2726    78.7162
  812.5000   268.6761     2.2560    77.5980
  812.6250   270.0407     2.2459    75.9959
  812.7500   270.3200     2.2447    75.9794
  812.8750   269.1087     2.2560    79.3472
  813.0000   267.3694     2.2778    83.6223
  813.1250   263.7587     2.3063    85.9974
  813.2500   256.4878     2.3337    85.0976
  813.3750   249.4760     2.3544    82.2822
  813.5000   245.3174     2.3660    78.9915
  813.6250   243.6423     2.3685    76.4071
  813.7500   245.8947     2.3620    74.8545
  813.8750   251.7395     2.3474    74.2125
  814.0000   255.3645     2.3341    74.7564
  814.1250   255.3325     2.3317    77.4946
  814.2500   252.8857     2.3464    83.1204
  814.3750   248.7627     2.3699    90.0391
  814.5000   244.3881     2.3914    96.5985
  814.6250   242.8725     2.4021   102.1054
  814.7500   243.5651     2.4059   106.7341
  814.8750   243.6010     2.4076   110.0814
  815.0000   242.9007     2.4073   111.1294
  815.1250   244.5453     2.3999   109.0414
  815.2500   247.7698     2.3808   103.0632
  815.3750   249.8696     2.3535    94.9436
  815.5000   253.1304     2.3267    87.8182
  815.6250   259.1263     2.3081    84.7182
  815.7500   264.4541     2.2969    84.8300
  815.8750   268.7902     2.2870    85.2446
  816.0000   273.8922     2.2719    83.3880
  816.1250   277.9168     2.2531    80.3291
  816.2500   279.5448     2.2369    78.6666
  816.3750   279.0774     2.2328    81.2062
  816.5000   276.0842     2.2431    86.0385
  816.6250   271.0548     2.2659    89.3644
  816.7500   265.7689     2.2947    88.4828
  816.8750   260.3743     2.3219    84.9057
  817.0000   256.9997     2.3376    80.9517
  817.1250   258.2681     2.3317    77.6476
  817.2500   262.8204     2.3058    74.7965
  817.3750   268.8408     2.2703    72.9465
  817.5000   274.2502     2.2412    72.4782
  817.6250   277.0047     2.2255    73.5175
  817.7500   276.1898     2.2269    76.4114
  817.8750   272.8438     2.2402    80.7876
  818.0000   267.8041     2.2589    85.5658
  818.1250   263.5811     2.2745    88.8621
  818.2500   261.5413     2.2839    89.7680
  818.3750   260.9608     2.2881    88.1891
  818.5000   261.0479     2.2908    85.6055
  818.6250   261.6984     2.2945    83.6038
  818.7500   261.3484     2.3011    83.2406
  818.8750   259.1435     2.3107    83.9228
  819.0000   257.2390     2.3193    84.2423
  819.1250   257.4971     2.3194    83.2289
  819.2500   258.6096     2.3107    81.6844
  819.3750   260.1225     2.2977    80.3209
  819.5000   262.4446     2.2867    79.3112
  819.6250   264.4633     2.2798    78.3141
  819.7500   264.4186     2.2770    77.9647
  819.8750   261.8042     2.2774    79.3202
  820.0000   258.5818     2.2809    81.3407
  820.1250   256.6281     2.2861    81.6766
  820.2500   256.0000     2.2881    79.8793
  820.3750   256.4476     2.2847    77.9146
  820.5000   258.5417     2.2794    77.5212
  820.6250   261.0343     2.2786    78.3559
  820.7500   261.7980     2.2826    79.4940
  820.8750   261.0435     2.2847    81.1229
  821.0000   261.2314     2.2797    83.0542
  821.1250   262.1623     2.2687    83.6525
  821.2500   262.8392     2.2563    81.8471
  821.3750   263.9244     2.2467    79.2225
  821.5000   264.8377     2.2423    77.8474
  821.6250   264.4072     2.2431    78.9766
  821.7500   263.7376     2.2475    81.5353
  821.8750   263.8569     2.2533    84.3677
  822.0000   264.1616     2.2590    86.6881
  822.1250   263.6162     2.2657    88.3905
  822.2500   260.6726     2.2782    90.2691
  822.3750   255.9289     2.3012    94.7731
  822.5000   251.2183     2.3371   104.5096
  822.6250   247.5769     2.3847   121.0264
  822.7500   244.6520     2.4325   139.5300
  822.8750   243.4588     2.4682   153.6760
  823.0000   245.5539     2.4819   158.0481
  823.1250   248.4567     2.4768   153.2820
  823.2500   249.0095     2.4583   141.6354
  823.3750   248.7836     2.4350   126.6092
  823.5000   249.7759     2.4118   110.9770
  823.6250   250.4195     2.3901    97.7539
  823.7500   248.8250     2.3717    88.3796
  823.8750   246.2271     2.3609    82.4027
  824.0000   244.7898     2.3636    79.0357
  824.1250   243.3200     2.3765    77.7020
  824.2500   240.7663     2.3945    78.7691
  824.3750   240.9675     2.4098    82.1848
  824.5000   245.4484     2.4159    86.7623
  824.6250   251.2680     2.4081    90.7165
  824.7500   256.1731     2.3887    92.5833
  824.8750   259.3178     2.3670    92.3956
  825.0000   259.2797     2.3531    90.7103
  825.1250   258.5338     2.3518    88.6897
  825.2500   258.5642     2.3609    87.0013
  825.3750   257.6610     2.3750    86.4766
  825.5000   256.2418     2.3879    86.9183
  825.6250   254.2310     2.3982    87.7835
  825.7500   249.8646     2.4042    88.4168
  825.8750   245.8184     2.4029    87.9392
  826.0000   243.9151     2.3934    86.0816
  826.1250   243.2709     2.3808    84.1740
  826.2500   244.9503     2.3702    83.6759
  826.3750   248.2127     2.3618    84.9174
  826.5000   249.5914     2.3514    87.5279
  826.6250   250.1368     2.3387    91.4838
  826.7500   251.5741     2.3284    96.4786
  826.8750   252.2278     2.3253   101.5279
  827.0000   252.0381     2.3288   106.4172
  827.1250   252.6541     2.3346   110.9268
  827.2500   252.8757     2.3410   114.3596
  827.3750   251.2082     2.3495   115.7589
  827.5000   249.1206     2.3592   114.5436
  827.6250   247.9415     2.3645   110.5186
  827.7500   247.4539     2.3598   103.4355
  827.8750   249.0284     2.3457    95.6195
  828.0000   252.5678     2.3293    90.3757
  828.1250   255.6701     2.3166    88.9871
  828.2500   257.0229     2.3100    88.9593
  828.3750   257.8353     2.3067    88.0774
  828.5000   259.1254     2.3029    86.5693
  828.6250   260.1252     2.2992    86.2803
  828.7500   260.1588     2.2979    87.2791
  828.8750   259.6771     2.3012    88.2702
  829.0000   258.7147     2.3057    88.5206
  829.1250   257.2511     2.3086    88.5359
  829.2500   256.6202     2.3098    88.7164
  829.3750   257.0197     2.3119    88.7957
  829.5000   257.1271     2.3161    88.7714
  829.6250   256.4155     2.3212    88.4252
  829.7500   254.8611     2.3269    87.1762
  829.8750   250.3569     2.3362    85.1208
  830.0000   243.5311     2.3513    83.1581
  830.1250   238.7596     2.3677    82.0381
  830.2500   238.9973     2.3703    82.3541
  830.3750   242.5972     2.3522    83.3884
  830.5000   248.1991     2.3224    84.3647
  830.6250   252.1467     2.3026    84.3670
  830.7500   253.0470     2.3010    83.8907
  830.8750   251.4192     2.3103    83.3001
  831.0000   247.9230     2.3150    82.3048
  831.1250   246.7073     2.3098    80.8821
  831.2500   250.7773     2.2983    79.6484
  831.3750   255.7031     2.2875    79.1159
  831.5000   259.0002     2.2799    79.1549
  831.6250   261.4094     2.2766    79.4704
  831.7500   262.2246     2.2772    79.3473
  831.8750   262.1041     2.2809    78.2593
  832.0000   263.1908     2.2867    76.8610
  832.1250   264.9417     2.2926    76.4385
  832.2500   266.0783     2.2962    77.2173
  832.3750   265.9366     2.2973    77.9276
  832.5000   264.0549     2.2995    77.0877
  832.6250   260.0016     2.3050    74.4608
  832.7500   255.0768     2.3121    71.8262
  832.8750   251.3841     2.3169    71.0589
  833.0000   250.3904     2.3178    72.3125
  833.1250   251.5419     2.3162    73.6872
  833.2500   253.5040     2.3144    74.2354
  833.3750   254.9076     2.3150    74.3040
  833.5000   254.9925     2.3192    74.5880
  833.6250   254.3527     2.3273    74.9759
  833.7500   254.0549     2.3367    75.1749
  833.8750   254.4589     2.3413    75.0566
  834.0000   256.3811     2.3355    74.8253
  834.1250   260.0555     2.3200    74.7285
  834.2500   263.7570     2.3027    74.7762
  834.3750   266.3332     2.2882    74.9586
  834.5000   267.8075     2.2771    76.0077
  834.6250   268.5710     2.2691    78.6897
  834.7500   269.2884     2.2659    81.8228
  834.8750   269.9621     2.2661    83.1968
  835.0000   270.1908     2.2667    82.5763
  835.1250   270.4023     2.2665    80.9378
  835.2500   270.2194     2.2686    79.9481
  835.3750   268.2537     2.2755    79.8047
  835.5000   265.3227     2.2845    80.1365
  835.6250   263.8925     2.2888    80.3122
  835.7500   264.2454     2.2848    79.1162
  835.8750   264.5524     2.2774    76.6125
  836.0000   264.7311     2.2731    74.2177
  836.1250   266.2389     2.2725    73.3356
  836.2500   268.1041     2.2701    74.0179
  836.3750   268.7657     2.2642    75.0306
  836.5000   269.6288     2.2584    75.3869
  836.6250   271.3203     2.2559    75.2332
  836.7500   271.5251     2.2560    74.5814
  836.8750   269.7151     2.2566    73.3919
  837.0000   268.4941     2.2556    72.0005
  837.1250   268.0700     2.2512    71.0545
  837.2500   267.9526     2.2443    70.9540
  837.3750   268.7890     2.2401    70.8017
  837.5000   269.3556     2.2440    70.0954
  837.6250   267.1859     2.2551    69.6951
  837.7500   263.4244     2.2671    70.4902
  837.8750   260.4043     2.2748    73.0551
  838.0000   258.7659     2.2806    77.3420
  838.1250   258.4860     2.2888    82.4736
  838.2500   259.3946     2.3002    85.6552
  838.3750   260.8915     2.3092    85.2585
  838.5000   262.2702     2.3119    82.4216
  838.6250   262.6290     2.3079    80.5906
  838.7500   262.7958     2.3025    81.2137
  838.8750   263.8051     2.3004    83.1094
  839.0000   264.9524     2.3041    84.5623
  839.1250   265.0556     2.3105    85.2167
  839.2500   264.0595     2.3158    85.1112
  839.3750   263.1187     2.3176    85.1731
  839.5000   262.4944     2.3160    86.2132
  839.6250   261.6705     2.3125    88.6007
  839.7500   260.7012     2.3096    91.1427
  839.8750   259.8895     2.3072    92.4566
  840.0000   259.3812     2.3026    92.0598
  840.1250   259.7415     2.2948    90.9858
  840.2500   261.7802     2.2864    90.0751
  840.3750   265.1022     2.2828    90.6495
  840.5000   267.8721     2.2866    92.7882
  840.6250   268.2334     2.2976    95.4896
  840.7500   266.0195     2.3111    97.7359
  840.8750   262.6675     2.3218    99.4085
  841.0000   258.2915     2.3251   100.9684
  841.1250   254.1399     2.3210   103.6045
  841.2500   253.2743     2.3115   108.5473
  841.3750   255.6422     2.2993   118.2961
  841.5000   256.9630     2.2901   133.9151
  841.6250   256.9833     2.2884   156.0050
  841.7500   256.8207     2.2943   185.4623
  841.8750   255.5945     2.3000   221.0377
  842.0000   253.8459     2.2989   263.4393
  842.1250   254.3217     2.2908   314.8708
  842.2500   257.3359     2.2810   373.6415
  842.3750   260.8095     2.2739   433.2746
  842.5000   262.5043     2.2721   480.1286
  842.6250   262.5476     2.2772   504.0461
  842.7500   261.1175     2.2890   497.5731
  842.8750   258.6525     2.3028   467.6376
  843.0000   256.5903     2.3143   422.4911
  843.1250   256.3740     2.3201   369.9417
  843.2500   256.6413     2.3220   318.4726
  843.3750   256.0370     2.3226   276.7835
  843.5000   254.9803     2.3238   262.3690
  843.6250   254.2937     2.3246   286.6531
  843.7500   253.2597     2.3228   353.0707
  843.8750   251.9910     2.3170   442.3271
  844.0000   252.4418     2.3080   531.6777
  844.1250   254.8067     2.2966   608.3139
  844.2500   256.9074     2.2843   670.2031
  844.3750   258.8460     2.2732   714.7126
  844.5000   260.8902     2.2666   732.1531
  844.6250   261.7064     2.2653   723.0743
  844.7500   261.2840     2.2677   693.6279
  844.8750   260.8203     2.2687   656.0576
  845.0000   260.5301     2.2646   622.9796
  845.1250   260.4166     2.2559   597.8757
  845.2500   260.4232     2.2480   578.0296
  845.3750   260.3858     2.2431   562.3547
  845.5000   260.9117     2.2406   555.6581
  845.6250   261.7264     2.2400   562.0371
  845.7500   261.9945     2.2434   577.8233
  845.8750   262.1085     2.2531   594.9892
  846.0000   261.9103     2.2642   605.4641
  846.1250   260.5196     2.2706   607.2922
  846.2500   259.3219     2.2680   602.3866
  846.3750   259.6316     2.2613   593.7008
  846.5000   260.3544     2.2552   579.0745
  846.6250   260.7290     2.2536   554.2806
  846.7500   261.3193     2.2549   524.1287
  846.8750   261.9210     2.2571   497.0080
  847.0000   261.8922     2.2582   475.5800
  847.1250   261.5574     2.2576   451.0746
  847.2500   261.6576     2.2553   413.6218
  847.3750   262.0622     2.2530   365.6586
  847.5000   261.9289     2.2541   317.6012
  847.6250   260.7907     2.2630   281.7246
  847.7500   259.1930     2.2789   265.4261
  847.8750   257.2917     2.2977   273.1249
  848.0000   254.6565     2.3130   304.7510
  848.1250   251.6858     2.3213   346.7999
  848.2500   249.3182     2.3223   394.3589
  848.3750   248.0285     2.3166   460.4154
  848.5000   248.1463     2.3044   569.5772
  848.6250   251.0528     2.2854   747.8358
  848.7500   256.4320     2.2649   987.2495
  848.8750   262.4473     2.2488  1250.9196
  849.0000   268.0708     2.2405  1497.2795
  849.1250   272.1837     2.2390  1696.6642
  849.2500   273.6489     2.2434  1832.3531
  849.3750   272.7983     2.2531  1881.8140
  849.5000   271.3981     2.2658  1856.3982
  849.6250   269.8474     2.2795  1766.0588
  849.7500   268.5354     2.2921  1622.8477
  849.8750   267.8539     2.3011  1448.3116
  850.0000   267.6262     2.3059  1257.2996
  850.1250   267.6941     2.3056  1064.7302
  850.2500   268.1533     2.2974   883.2110
  850.3750   269.1234     2.2790   735.9381
  850.5000   270.5075     2.2581   644.9725
  850.6250   271.8026     2.2455   615.0496
  850.7500   272.3539     2.2469   639.3266
  850.8750   272.0545     2.2546   687.0553
  851.0000   270.8470     2.2605   741.2339
  851.1250   269.0828     2.2615   791.8910
  851.2500   267.3720     2.2619   831.3666
  851.3750   265.6875     2.2660   849.5272
  851.5000   264.0812     2.2758   839.7905
  851.6250   262.8065     2.2895   808.6237
  851.7500   261.7524     2.3043   755.5228
  851.8750   260.8071     2.3164   674.0998
  852.0000   260.5247     2.3231   567.4065
  852.1250   261.4145     2.3223   449.8943
  852.2500   262.0740     2.3169   344.6616
  852.3750   261.5669     2.3092   262.6543
  852.5000   261.0964     2.3014   207.2734
  852.6250   261.1970     2.2950   169.9180
  852.7500   261.0506     2.2902   145.8010
  852.8750   261.2317     2.2864   130.7719
  853.0000   262.2750     2.2830   120.5135
  853.1250   263.0907     2.2806   114.1825
  853.2500   262.8409     2.2814   110.8345
  853.3750   261.8963     2.2851   108.3512
  853.5000   260.3863     2.2906   105.8186
  853.6250   258.7332     2.2958   103.7958
  853.7500   257.3334     2.2988   102.9557
  853.8750   256.3328     2.2977   102.6483
  854.0000   255.6910     2.2947   101.3842
  854.1250   255.2180     2.2934    99.1685
  854.2500   254.6960     2.2965    96.9549
  854.3750   254.2942     2.3007    95.7540
  854.5000   254.1543     2.3022    96.2374
  854.6250   254.2535     2.3016    97.3533
  854.7500   254.6278     2.3043    97.6293
  854.8750   255.3371     2.3146    97.7478
  855.0000   255.9168     2.3293   100.3900
  855.1250   256.4613     2.3394   107.0908
  855.2500   258.4724     2.3383   117.5239
  855.3750   261.7526     2.3286   127.0333
  855.5000   264.7374     2.3155   130.6074
  855.6250   267.7464     2.3025   124.5027
  855.7500   270.6488     2.2905   114.0677
  855.8750   271.7248     2.2813   105.6366
  856.0000   271.4057     2.2790   102.7246
  856.1250   271.0541     2.2829   102.4906
  856.2500   270.0582     2.2895   102.5142
  856.3750   268.7158     2.2942   101.9578
  856.5000   267.3621     2.2962   100.8670
  856.6250   265.5626     2.2960    99.1118
  856.7500   264.4687     2.2928    96.3847
  856.8750   264.3078     2.2877    92.7546
  857.0000   264.0343     2.2858    89.5789
  857.1250   263.7232     2.2904    87.7514
  857.2500   263.4960     2.2994    86.5047
  857.3750   262.4031     2.3075    84.7770
  857.5000   260.9014     2.3130    82.7642
  857.6250   259.9148     2.3176    81.8220
  857.7500   259.5950     2.3229    82.5723
  857.8750   259.4344     2.3279    83.6845
  858.0000   259.3588     2.3305    84.2229
  858.1250   259.3631     2.3283    84.0444
  858.2500   259.5356     2.3216    83.2715
  858.3750   260.3540     2.3128    82.0947
  858.5000   261.8601     2.3067    81.0285
  858.6250   263.5873     2.3051    80.9982
  858.7500   265.2606     2.3061    81.5220
  858.8750   266.6797     2.3059    80.5883
  859.0000   267.7418     2.3047    78.0107
  859.1250   268.6809     2.3062    76.2537
  859.2500   269.5260     2.3122    76.8225
  859.3750   269.5788     2.3215    78.8756
  859.5000   268.0084     2.3286    80.2034
  859.6250   265.8312     2.3281    80.0182
  859.7500   264.3695     2.3189    78.3157
  859.8750   263.5547     2.3082    76.2675
  860.0000   263.2735     2.3057    75.1600
  860.1250   263.8001     2.3182    75.9350
  860.2500   263.2125     2.3393    77.5236
  860.3750   260.6715     2.3561    78.6523
  860.5000   258.5321     2.3530    78.6986
  860.6250   258.6801     2.3326    78.4182
  860.7500   260.9837     2.3067    78.5846
  860.8750   264.9650     2.2898    79.5009
  861.0000   268.9436     2.2843    80.2449
  861.1250   271.1295     2.2868    79.8681
  861.2500   270.8777     2.2898    78.9254
  861.3750   269.1416     2.2893    78.6080
  861.5000   267.5638     2.2851    79.0804
  861.6250   267.8220     2.2809    79.8489
  861.7500   269.2969     2.2797    80.8697
  861.8750   270.3011     2.2825    82.2204
  862.0000   270.5084     2.2869    82.8404
  862.1250   270.3547     2.2909    82.3536
  862.2500   269.7242     2.2902    82.2233
  862.3750   269.1604     2.2825    82.9544
  862.5000   269.8314     2.2706    83.2647
  862.6250   271.7728     2.2643    81.8807
  862.7500   273.4436     2.2694    80.3089
  862.8750   273.7644     2.2843    80.1327
  863.0000   272.4288     2.2989    80.6599
  863.1250   269.6497     2.3075    80.4845
  863.2500   266.2828     2.3099    79.4967
  863.3750   264.1278     2.3082    78.7536
  863.5000   264.3023     2.3037    78.3381
  863.6250   266.4647     2.2979    77.5170
  863.7500   268.2673     2.2942    76.0412
  863.8750   268.8108     2.2937    74.3705
  864.0000   269.0235     2.2945    73.2917
  864.1250   269.1739     2.2954    72.7800
  864.2500   268.8260     2.2973    72.9462
  864.3750   268.7606     2.3007    74.2097
  864.5000   269.6066     2.3037    76.4789
  864.6250   270.4344     2.3040    78.4876
  864.7500   271.0346     2.3015    78.4962
  864.8750   272.6442     2.2975    76.4139
  865.0000   274.9750     2.2943    73.6131
  865.1250   275.9726     2.2941    71.6415
  865.2500   275.2466     2.2981    70.7519
  865.3750   273.2878     2.3069    70.2865
  865.5000   270.5562     2.3175    69.8647
  865.6250   267.6236     2.3252    70.1954
  865.7500   265.9881     2.3251    71.9458
  865.8750   265.8000     2.3183    73.9218
  866.0000   266.0113     2.3102    74.7159
  866.1250   266.1928     2.3079    74.2983
  866.2500   266.8561     2.3117    74.1578
  866.3750   267.3713     2.3173    75.0410
  866.5000   267.0541     2.3185    75.6731
  866.6250   266.7187     2.3132    75.8127
  866.7500   267.5887     2.3020    75.9940
  866.8750   269.8278     2.2910    76.4081
  867.0000   272.3068     2.2854    76.3667
  867.1250   273.4035     2.2864    74.9501
  867.2500   273.9041     2.2887    73.2893
  867.3750   273.9221     2.2892    72.6764
  867.5000   272.3072     2.2866    73.2253
  867.6250   271.8375     2.2803    73.7795
  867.7500   275.3505     2.2697    72.8635
  867.8750   279.1357     2.2592    70.5902
  868.0000   281.0811     2.2536    68.5718
  868.1250   283.1547     2.2541    67.9792
  868.2500   284.6967     2.2574    68.0587
  868.3750   284.1496     2.2605    68.1190
  868.5000   284.1872     2.2620    68.0555
  868.6250   286.7787     2.2654    68.0173
  868.7500   288.7639     2.2780    68.8105
  868.8750   286.0139     2.3091    72.4338
  869.0000   279.7281     2.3530    79.4570
  869.1250   270.6502     2.3920    88.5699
  869.2500   260.7464     2.4054    95.9465
  869.3750   255.1094     2.3977    98.8434
  869.5000   255.7378     2.3915    95.9408
  869.6250   257.2328     2.4108    90.9118
  869.7500   257.0160     2.4566    89.2953
  869.8750   254.1181     2.5108    94.3443
  870.0000   247.3862     2.5477   101.9351
  870.1250   238.9919     2.5579   107.8382
  870.2500   235.7465     2.5443   110.5441
  870.3750   238.4996     2.5196   111.8098
  870.5000   243.3955     2.4970   112.1677
  870.6250   246.6865     2.4931   112.2662
  870.7500   247.8964     2.5088   113.6517
  870.8750   246.1094     2.5329   116.6426
  871.0000   241.3353     2.5485   119.4122
  871.1250   236.1848     2.5512   119.8942
  871.2500   233.6116     2.5452   117.6917
  871.3750   233.1355     2.5373   115.0858
  871.5000   233.4585     2.5292   113.8197
  871.6250   234.7917     2.5207   114.6386
  871.7500   236.6140     2.5128   116.3016
  871.8750   237.9954     2.5077   117.2721
  872.0000   239.4327     2.5057   116.4420
  872.1250   241.5056     2.5037   114.9149
  872.2500   243.7061     2.5013   114.4377
  872.3750   244.6416     2.5035   115.3796
  872.5000   243.5298     2.5140   116.7039
  872.6250   240.8823     2.5329   117.8897
  872.7500   237.5811     2.5533   119.0788
  872.8750   233.5842     2.5684   119.9864
  873.0000   230.0801     2.5733   119.9324
  873.1250   229.3523     2.5689   119.1140
  873.2500   232.3567     2.5591   117.9621
  873.3750   236.2642     2.5511   117.0760
  873.5000   237.8749     2.5483   117.7228
  873.6250   238.2774     2.5467   120.7380
  873.7500   238.8247     2.5332   124.4459
  873.8750   238.4073     2.5047   125.5623
  874.0000   239.0233     2.4716   121.5368
  874.1250   242.0306     2.4531   112.9299
  874.2500   243.6455     2.4547   103.4849
  874.3750   243.0823     2.4720    97.9391
  874.5000   241.9765     2.4903    98.1186
  874.6250   238.9348     2.4996   102.0113
  874.7500   236.0518     2.4926   106.3773
  874.8750   237.1195     2.4760   108.8415
  875.0000   240.7722     2.4625   108.2885
  875.1250   243.8210     2.4681   104.9888
  875.2500   244.9684     2.4926   101.9446
  875.3750   243.1434     2.5264   101.9321
  875.5000   238.6996     2.5526   104.9092
  875.6250   232.7977     2.5631   108.0886
  875.7500   228.1089     2.5545   109.7164
  875.8750   228.0436     2.5273   109.8189
  876.0000   233.1124     2.4815   108.4927
  876.1250   243.8577     2.4184   104.9762
  876.2500   258.6845     2.3532    99.1098
  876.3750   275.1004     2.3004    91.6335
  876.5000   290.4998     2.2735    84.4365
  876.6250   302.8814     2.2715    79.4879
  876.7500   308.5953     2.2946    77.9130
  876.8750   302.9542     2.3449    80.9339
  877.0000   289.7105     2.4171    89.1452
  877.1250   275.7224     2.4985   103.4017
  877.2500   264.1974     2.5602   120.9136
  877.3750   253.9206     2.5841   136.0512
  877.5000   247.2607     2.5685   142.0219
  877.6250   244.9620     2.5369   136.5629
  877.7500   242.8280     2.5057   122.2788
  877.8750   239.1631     2.4803   105.3797
  878.0000   238.4989     2.4571    92.2134
  878.1250   242.0224     2.4368    84.8351
  878.2500   246.0807     2.4300    83.0936
  878.3750   248.1334     2.4451    85.4525
  878.5000   248.9126     2.4789    91.8997
  878.6250   248.4117     2.5078   101.3067
  878.7500   245.2698     2.5139   109.8011
  878.8750   240.8018     2.4982   112.9307
  879.0000   237.7843     2.4797   109.3981
  879.1250   235.0413     2.4690   103.2497
  879.2500   231.9541     2.4698   100.4128
  879.3750   230.1484     2.4773   102.4870
  879.5000   229.5148     2.4851   106.4730
  879.6250   229.0235     2.4857   107.9186
  879.7500   228.4492     2.4793   106.6223
  879.8750   227.9058     2.4683   104.3844
  880.0000   228.5423     2.4534   102.5997
  880.1250   231.2066     2.4371   100.6783
  880.2500   235.2694     2.4265    97.6842
  880.3750   238.2266     2.4312    93.6632
  880.5000   238.8319     2.4494    89.9140
  880.6250   237.0002     2.4706    88.1476
  880.7500   233.7207     2.4798    89.1381
  880.8750   230.6015     2.4720    91.6600
  881.0000   230.4269     2.4487    93.2960
  881.1250   233.9654     2.4173    92.7365
  881.2500   240.3514     2.3809    90.2798
  881.3750   248.6581     2.3431    86.2711
  881.5000   258.2262     2.3136    81.2179
  881.6250   266.6091     2.3039    76.2914
  881.7500   269.1019     2.3188    73.7008
  881.8750   266.7398     2.3456    74.2176
  882.0000   262.7260     2.3675    77.0919
  882.1250   257.9138     2.3758    79.9789
  882.2500   253.3011     2.3765    81.6349
  882.3750   251.7254     2.3785    81.7001
  882.5000   251.9614     2.3836    81.2259
  882.6250   251.3316     2.3881    81.1592
  882.7500   250.0066     2.3874    81.2792
  882.8750   250.1696     2.3835    80.5712
  883.0000   251.8455     2.3808    78.8382
  883.1250   253.1142     2.3822    77.8837
  883.2500   253.5260     2.3853    78.9232
  883.3750   253.3064     2.3847    80.9051
  883.5000   252.8146     2.3779    81.2144
  883.6250   253.1774     2.3684    79.4297
  883.7500   255.1181     2.3609    76.7306
  883.8750   257.5731     2.3565    74.1386
  884.0000   259.4467     2.3531    71.6845
  884.1250   260.1066     2.3488    69.8731
  884.2500   260.2634     2.3443    68.7414
  884.3750   260.0831     2.3397    67.8988
  884.5000   259.1890     2.3348    66.4803
  884.6250   258.9518     2.3294    64.8314
  884.7500   260.1573     2.3237    63.7992
  884.8750   261.3913     2.3176    63.5671
  885.0000   262.6509     2.3114    63.3396
  885.1250   265.1471     2.3042    62.3497
  885.2500   267.6511     2.2956    60.5242
  885.3750   268.6913     2.2882    58.7137
  885.5000   268.6697     2.2862    58.1699
  885.6250   268.3564     2.2900    59.2508
  885.7500   267.6492     2.2958    61.4802
  885.8750   266.7891     2.3012    63.7138
  886.0000   265.6557     2.3088    65.0871
  886.1250   263.7929     2.3203    65.7886
  886.2500   261.6978     2.3329    66.0583
  886.3750   259.7302     2.3428    65.6136
  886.5000   257.7584     2.3497    64.5919
  886.6250   256.2345     2.3550    63.4720
  886.7500   254.9937     2.3596    62.7428
  886.8750   253.2013     2.3625    62.9361
  887.0000   251.1635     2.3615    63.9314
  887.1250   250.3861     2.3540    65.0133
  887.2500   252.6552     2.3383    65.2376
  887.3750   257.1891     2.3199    64.2804
  887.5000   262.3756     2.3057    62.7609
  887.6250   266.9986     2.3017    61.6474
  887.7500   269.9203     2.3039    61.2685
  887.8750   270.0092     2.3078    61.4821
  888.0000   268.0512     2.3108    61.7508
  888.1250   265.9017     2.3133    61.5792
  888.2500   264.3173     2.3149    60.5891
  888.3750   263.3644     2.3147    59.2351
  888.5000   262.7322     2.3157    58.6924
  888.6250   262.2417     2.3238    59.6736
  888.7500   260.3409     2.3409    60.7130
  888.8750   255.1007     2.3626    60.3748
  889.0000   248.0062     2.3780    58.8200
  889.1250   243.3684     2.3781    57.7988
  889.2500   242.0109     2.3624    57.8701
  889.3750   244.8152     2.3397    58.8887
  889.5000   251.9472     2.3210    60.2136
  889.6250   260.5314     2.3111    61.3448
  889.7500   265.7428     2.3103    61.9558
  889.8750   267.2741     2.3166    61.8934
  890.0000   266.0031     2.3283    61.2375
  890.1250   263.0896     2.3405    61.2520
  890.2500   259.8235     2.3491    62.6885
  890.3750   257.3458     2.3532    65.1420
  890.5000   255.8004     2.3570    66.8344
  890.6250   255.1533     2.3623    66.6677
  890.7500   255.2005     2.3649    65.0335
  890.8750   255.7382     2.3607    63.6634
  891.0000   257.1760     2.3507    63.4323
  891.1250   258.9574     2.3417    63.9543
  891.2500   260.1576     2.3397    64.4537
  891.3750   260.6732     2.3465    64.8620
  891.5000   260.0702     2.3576    64.9688
  891.6250   258.3024     2.3677    64.1858
  891.7500   256.0255     2.3747    62.6538
  891.8750   253.0383     2.3825    61.8752
  892.0000   248.5277     2.3956    62.2526
  892.1250   242.4712     2.4144    62.8639
  892.2500   235.8701     2.4314    63.1267
  892.3750   229.6790     2.4428    62.9438
  892.5000   225.2558     2.4493    62.3069
  892.6250   222.5759     2.4532    61.4815
  892.7500   221.3694     2.4512    60.5124
  892.8750   222.5017     2.4394    59.6659
  893.0000   226.1214     2.4212    59.8395
  893.1250   231.6278     2.4005    62.1069
  893.2500   238.4842     2.3794    65.3104
  893.3750   245.8221     2.3588    66.7800
  893.5000   251.7481     2.3409    65.1478
  893.6250   255.4433     2.3284    62.6628
  893.7500   257.2014     2.3221    61.2490
  893.8750   257.5442     2.3209    61.8061
  894.0000   257.6593     2.3222    63.3669
  894.1250   257.6213     2.3267    64.8997
  894.2500   255.9522     2.3385    65.5389
  894.3750   252.5001     2.3577    65.2552
  894.5000   248.7629     2.3787    64.2967
  894.6250   245.9976     2.3901    63.2090
  894.7500   244.3512     2.3877    62.3059
  894.8750   245.1644     2.3742    61.6863
  895.0000   248.7232     2.3581    61.2658
  895.1250   253.1208     2.3436    60.9329
  895.2500   256.5021     2.3320    61.1126
  895.3750   258.6830     2.3224    61.5950
  895.5000   260.0781     2.3145    61.9251
  895.6250   261.2120     2.3090    62.1863
  895.7500   262.1239     2.3057    62.3009
  895.8750   262.8236     2.3056    61.8794
  896.0000   263.5443     2.3114    61.0867
  896.1250   264.0051     2.3221    60.7656
  896.2500   263.8206     2.3321    61.4336
  896.3750   263.4055     2.3337    62.5007
  896.5000   263.2456     2.3266    63.4951
  896.6250   263.4459     2.3162    63.9171
  896.7500   264.3130     2.3087    62.9850
  896.8750   265.7432     2.3074    60.9621
  897.0000   265.6862     2.3146    59.9537
  897.1250   263.2244     2.3252    60.9232
  897.2500   260.3499     2.3320    62.9784
  897.3750   259.3979     2.3274    64.4103
  897.5000   259.9324     2.3168    64.7498
  897.6250   261.4765     2.3103    63.8141
  897.7500   262.8386     2.3155    61.6641
  897.8750   262.6846     2.3273    59.1429
  898.0000   261.2303     2.3355    57.9145
  898.1250   259.8793     2.3337    58.3858
  898.2500   259.6285     2.3244    59.4727
  898.3750   261.7317     2.3141    59.5661
  898.5000   264.4164     2.3078    58.5536
  898.6250   265.0819     2.3070    57.5861
  898.7500   263.7949     2.3110    58.1285
  898.8750   262.4395     2.3173    59.9448
  899.0000   260.3362     2.3246    62.1089
  899.1250   258.0856     2.3298    63.1089
  899.2500   257.7523     2.3303    62.6369
  899.3750   258.3822     2.3261    61.2986
  899.5000   258.7877     2.3215    60.5565
  899.6250   260.4863     2.3208    60.9749
  899.7500   262.8402     2.3237    61.8924
  899.8750   263.9059     2.3247    62.4250
  900.0000   264.6635     2.3220    62.5782
  900.1250   265.9698     2.3204    62.7795
  900.2500   266.6151     2.3284    63.4353
  900.3750   265.0618     2.3514    64.9043
  900.5000   260.5094     2.3899    68.3705
  900.6250   254.7638     2.4297    74.2326
  900.7500   249.4554     2.4503    81.4586
  900.8750   247.2973     2.4352    86.2923
  901.0000   250.1037     2.3947    85.8290
  901.1250   256.7138     2.3483    80.2861
  901.2500   263.8250     2.3132    74.0270
  901.3750   269.5178     2.2928    69.5209
  901.5000   271.3313     2.2876    66.6812
  901.6250   269.5065     2.2928    64.6432
  901.7500   266.2732     2.3054    64.1584
  901.8750   262.4623     2.3228    65.8147
  902.0000   257.5885     2.3413    67.8193
  902.1250   252.8601     2.3578    68.9830
  902.2500   250.7559     2.3665    69.5537
  902.3750   250.5665     2.3659    69.9530
  902.5000   251.4584     2.3580    70.1888
  902.6250   253.9664     2.3498    70.4334
  902.7500   256.7946     2.3450    71.0317
  902.8750   257.6540     2.3428    71.8842
  903.0000   257.4529     2.3389    71.9603
  903.1250   257.0084     2.3336    70.7797
  903.2500   255.4213     2.3321    69.0399
  903.3750   252.9299     2.3387    68.0197
  903.5000   250.2822     2.3533    68.5728
  903.6250   247.8861     2.3695    70.5361
  903.7500   246.2878     2.3822    72.8100
  903.8750   245.9845     2.3880    74.8972
  904.0000   247.0905     2.3856    76.4156
  904.1250   248.6777     2.3817    77.2788
  904.2500   249.4619     2.3834    77.3439
  904.3750   249.4030     2.3898    77.1360
  904.5000   249.0793     2.3931    76.9955
  904.6250   248.1616     2.3874    76.5167
  904.7500   247.4413     2.3777    75.4501
  904.8750   247.9722     2.3707    74.4012
  905.0000   248.6799     2.3690    73.8885
  905.1250   248.7209     2.3690    73.3093
  905.2500   248.9806     2.3686    72.4431
  905.3750   249.3461     2.3668    71.8143
  905.5000   249.4585     2.3628    72.0357
  905.6250   250.4812     2.3553    72.7954
  905.7500   252.7709     2.3452    72.8700
  905.8750   255.1488     2.3356    71.8188
  906.0000   256.9631     2.3307    69.8382
  906.1250   257.8478     2.3327    67.7501
  906.2500   256.7061     2.3407    66.8135
  906.3750   253.3578     2.3508    67.4639
  906.5000   250.7205     2.3547    68.7244
  906.6250   250.0866     2.3473    69.7618
  906.7500   251.1827     2.3308    69.7281
  906.8750   254.2195     2.3157    69.0333
  907.0000   258.7667     2.3082    68.5244
  907.1250   262.0838     2.3074    68.7870
  907.2500   263.1262     2.3091    69.6900
  907.3750   262.4902     2.3116    70.2481
  907.5000   260.9806     2.3156    69.9778
  907.6250   258.9850     2.3221    69.3425
  907.7500   256.9976     2.3300    68.7807
  907.8750   255.5599     2.3363    68.7838
  908.0000   254.8504     2.3391    69.3781
  908.1250   254.8492     2.3377    69.1411
  908.2500   255.3700     2.3326    66.9948
  908.3750   256.2869     2.3246    63.7547
  908.5000   257.4308     2.3178    62.0338
  908.6250   258.1901     2.3168    62.3744
  908.7500   257.8881     2.3217    63.3722
  908.8750   257.0177     2.3268    63.7570
  909.0000   256.2387     2.3280    63.5580
  909.1250   255.1954     2.3251    62.8310
  909.2500   254.5588     2.3216    61.5636
  909.3750   255.0978     2.3199    60.4940
  909.5000   255.2943     2.3227    61.2164
  909.6250   253.9630     2.3294    63.2653
  909.7500   252.3720     2.3382    65.1596
  909.8750   251.1784     2.3447    65.6963
  910.0000   250.0949     2.3473    65.2205
  910.1250   249.8704     2.3461    64.6192
  910.2500   250.7088     2.3425    64.6803
  910.3750   252.0336     2.3373    64.7594
  910.5000   253.8709     2.3312    64.3061
  910.6250   255.6700     2.3259    63.6925
  910.7500   257.2738     2.3220    63.8465
  910.8750   259.1040     2.3187    64.8799
  911.0000   260.4861     2.3154    65.5233
  911.1250   260.9902     2.3134    65.3398
  911.2500   260.8772     2.3154    65.1535
  911.3750   260.0534     2.3214    65.9115
  911.5000   258.1187     2.3298    67.8487
  911.6250   255.7637     2.3374    70.0532
  911.7500   253.9013     2.3421    71.8266
  911.8750   252.2607     2.3420    72.8903
  912.0000   251.3157     2.3359    73.2710
  912.1250   252.4485     2.3254    72.8844
  912.2500   255.1498     2.3158    71.5244
  912.3750   256.5717     2.3147    69.9770
  912.5000   256.1144     2.3239    69.2277
  912.6250   254.8060     2.3402    70.0771
  912.7500   252.6178     2.3553    71.9579
  912.8750   249.1794     2.3650    73.4931
  913.0000   246.3091     2.3688    73.8902
  913.1250   244.9533     2.3706    73.8214
  913.2500   243.4974     2.3753    73.1296
  913.3750   240.7682     2.3877    71.6034
  913.5000   238.0396     2.4044    70.2177
  913.6250   235.9689     2.4165    70.3127
  913.7500   234.7868     2.4143    71.6930
  913.8750   236.4129     2.3978    72.6942
  914.0000   242.6036     2.3737    72.5612
  914.1250   249.5644     2.3582    72.5837
  914.2500   253.9789     2.3609    73.8904
  914.3750   255.3202     2.3799    76.2519
  914.5000   254.2105     2.3951    77.3945
  914.6250   251.2159     2.3942    76.1314
  914.7500   248.8415     2.3808    73.4444
  914.8750   247.9809     2.3689    71.7321
  915.0000   248.2244     2.3621    71.9197
  915.1250   249.5308     2.3559    72.7675
  915.2500   251.4954     2.3469    72.8886
  915.3750   253.7359     2.3366    72.2272
  915.5000   256.5663     2.3291    71.4721
  915.6250   259.2261     2.3257    70.7639
  915.7500   259.6331     2.3281    70.0471
  915.8750   257.6693     2.3371    70.2090
  916.0000   254.4994     2.3535    72.5698
  916.1250   251.3696     2.3762    77.2564
  916.2500   249.3826     2.3986    81.8157
  916.3750   248.6840     2.4143    84.5753
  916.5000   247.7974     2.4243    85.7849
  916.6250   246.2594     2.4402    88.3339
  916.7500   244.3492     2.4704    94.6647
  916.8750   241.3628     2.5035   103.1814
  917.0000   238.1457     2.5152   108.7352
  917.1250   237.9830     2.4858   106.1218
  917.2500   241.8780     2.4276    95.8243
  917.3750   247.7428     2.3643    82.2664
  917.5000   253.9236     2.3165    70.3933
  917.6250   259.3876     2.2885    62.4696
  917.7500   262.6245     2.2759    58.5588
  917.8750   262.9777     2.2721    57.7913
  918.0000   262.6882     2.2720    58.1263
  918.1250   262.5272     2.2754    58.4993
  918.2500   261.2428     2.2827    58.5465
  918.3750   258.5170     2.2948    58.4691
  918.5000   254.9930     2.3124    58.5474
  918.6250   251.2682     2.3336    59.0240
  918.7500   247.5792     2.3536    59.6444
  918.8750   244.7386     2.3655    59.7343
  919.0000   243.7759     2.3677    59.3091
  919.1250   244.7600     2.3630    59.2081
  919.2500   246.8877     2.3560    60.2359
  919.3750   248.4570     2.3522    61.3411
  919.5000   247.6069     2.3551    61.4795
  919.6250   243.6928     2.3640    60.6615
  919.7500   239.3686     2.3704    59.5541
  919.8750   237.6440     2.3649    58.3591
  920.0000   239.6967     2.3484    57.2407
  920.1250   243.9908     2.3330    56.9137
  920.2500   248.7866     2.3300    57.7924
  920.3750   251.9221     2.3381    58.4853
  920.5000   251.6738     2.3487    57.9873
  920.6250   248.5369     2.3542    56.9881
  920.7500   245.9060     2.3559    56.7294
  920.8750   244.5302     2.3580    56.8918
  921.0000   243.3747     2.3623    56.5346
  921.1250   242.5501     2.3666    56.3260
  921.2500   243.0608     2.3696    57.5775
  921.3750   244.9112     2.3715    60.3618
  921.5000   246.5165     2.3725    62.8765
  921.6250   247.1873     2.3726    63.6776
  921.7500   247.4198     2.3720    62.9193
  921.8750   246.9922     2.3710    61.4859
  922.0000   246.0298     2.3683    60.2080
  922.1250   245.9709     2.3630    59.3827
  922.2500   246.7578     2.3570    58.7794
  922.3750   246.9337     2.3538    58.1723
  922.5000   246.6465     2.3543    57.8187
  922.6250   246.7212     2.3571    58.4933
  922.7500   247.1839     2.3581    60.3532
  922.8750   247.7962     2.3544    61.6915
  923.0000   248.5307     2.3462    61.1370
  923.1250   249.1229     2.3386    59.5192
  923.2500   249.1412     2.3381    58.9099
  923.3750   247.5026     2.3505    60.6923
  923.5000   244.0812     2.3771    64.4186
  923.6250   239.2450     2.4148    69.6675
  923.7500   232.6795     2.4559    76.3725
  923.8750   226.6213     2.4850    82.3149
  924.0000   223.4260     2.4914    85.1098
  924.1250   223.6612     2.4718    84.2978
  924.2500   226.7244     2.4421    82.4031
  924.3750   231.8975     2.4154    80.3351
  924.5000   236.4754     2.3985    77.6309
  924.6250   240.5447     2.3871    74.9895
  924.7500   244.4277     2.3797    74.2183
  924.8750   245.6283     2.3856    75.7606
  925.0000   243.6703     2.4147    79.2871
  925.1250   239.2980     2.4668    85.3183
  925.2500   232.6825     2.5175    92.1707
  925.3750   225.0560     2.5461    96.3524
  925.5000   220.1163     2.5474    94.5005
  925.6250   219.4076     2.5396    89.5446
  925.7500   221.3484     2.5323    86.5223
  925.8750   222.9385     2.5247    88.6203
  926.0000   224.1387     2.5095    92.5640
  926.1250   226.6217     2.4824    94.4573
  926.2500   229.7419     2.4495    91.5517
  926.3750   233.7139     2.4204    85.5972
  926.5000   240.4547     2.3985    79.5143
  926.6250   246.6036     2.3798    74.9040
  926.7500   249.3477     2.3612    71.4528
  926.8750   251.4622     2.3438    68.5806
  927.0000   254.0296     2.3300    66.7098
  927.1250   255.8258     2.3206    66.7403
  927.2500   258.8996     2.3199    68.5097
  927.3750   261.5037     2.3337    70.7241
  927.5000   258.8034     2.3671    72.8670
  927.6250   250.2252     2.4174    74.9326
  927.7500   239.9050     2.4728    77.5498
  927.8750   229.8738     2.5229    82.0031
  928.0000   221.9296     2.5582    88.9335
  928.1250   218.6376     2.5760    96.4970
  928.2500   221.6171     2.5769   101.8033
  928.3750   226.2580     2.5653   103.4958
  928.5000   228.9902     2.5425   101.8468
  928.6250   230.4799     2.5118    97.1331
  928.7500   231.1472     2.4839    90.4457
  928.8750   229.9381     2.4635    83.4006
  929.0000   229.2763     2.4475    78.2602
  929.1250   231.3704     2.4305    75.1220
  929.2500   234.6772     2.4134    73.3025
  929.3750   237.2462     2.4009    71.9808
  929.5000   238.7704     2.3951    70.5347
  929.6250   238.2062     2.3960    69.2429
  929.7500   235.6474     2.4003    68.9345
  929.8750   233.0697     2.4041    69.3584
  930.0000   232.5720     2.4025    69.5983
  930.1250   235.4778     2.3915    69.4623
  930.2500   242.1218     2.3704    69.5568
  930.3750   249.8018     2.3467    70.7647
  930.5000   254.5836     2.3375    73.9021
  930.6250   255.8064     2.3529    79.2570
  930.7500   253.0286     2.3871    83.8380
  930.8750   247.2413     2.4174    84.4310
  931.0000   241.9340     2.4290    80.9180
  931.1250   239.3695     2.4274    77.1883
  931.2500   237.2854     2.4283    75.7833
  931.3750   234.9728     2.4396    76.1647
  931.5000   233.3420     2.4553    76.3239
  931.6250   231.7680     2.4662    75.5388
  931.7500   230.4275     2.4646    74.1898
  931.8750   231.4828     2.4515    73.6078
  932.0000   235.2088     2.4297    73.6446
  932.1250   239.4895     2.4026    73.3189
  932.2500   242.1354     2.3751    72.3030
  932.3750   243.3103     2.3509    70.5388
  932.5000   244.6869     2.3343    68.4461
  932.6250   245.8331     2.3274    66.8466
  932.7500   246.0180     2.3319    66.9223
  932.8750   247.2216     2.3431    68.6327
  933.0000   249.0240     2.3533    70.1570
  933.1250   248.3119     2.3572    69.8396
  933.2500   246.0984     2.3558    67.9587
  933.3750   245.1616     2.3510    65.8286
  933.5000   245.9882     2.3434    65.0385
  933.6250   247.0661     2.3352    65.5052
  933.7500   248.0354     2.3312    66.1068
  933.8750   248.3258     2.3353    66.1434
  934.0000   247.1829     2.3452    65.9731
  934.1250   244.7763     2.3577    66.0234
  934.2500   242.4210     2.3703    66.2230
  934.3750   240.8103     2.3815    66.4253
  934.5000   239.7515     2.3878    67.2906
  934.6250   239.0355     2.3880    69.3228
  934.7500   239.3741     2.3850    71.2379
  934.8750   241.3408     2.3824    71.3418
  935.0000   243.7549     2.3816    69.9649
  935.1250   245.2744     2.3829    68.5227
  935.2500   244.1693     2.3870    68.1323
  935.3750   241.3008     2.3923    68.0011
  935.5000   238.6902     2.3955    67.3770
  935.6250   236.3597     2.3972    66.2568
  935.7500   233.8788     2.4024    65.5462
  935.8750   232.2638     2.4136    66.2467
  936.0000   231.5845     2.4244    68.2002
  936.1250   231.2442     2.4267    69.7764
  936.2500   231.6971     2.4158    69.1607
  936.3750   233.9914     2.3958    67.0723
  936.5000   238.7655     2.3714    65.2098
  936.6250   244.5088     2.3470    64.3285
  936.7500   248.7931     2.3293    63.7168
  936.8750   251.3843     2.3255    63.6780
  937.0000   250.8535     2.3407    66.2577
  937.1250   247.5047     2.3655    70.8112
  937.2500   243.9909     2.3851    74.0052
  937.3750   241.8107     2.3866    72.8348
  937.5000   241.4067     2.3741    68.4558
  937.6250   244.4066     2.3583    64.0320
  937.7500   248.4041     2.3477    61.6965
  937.8750   250.2660     2.3431    60.6674
  938.0000   250.1893     2.3422    60.2504
  938.1250   249.0712     2.3429    60.8686
  938.2500   246.5968     2.3459    63.2372
  938.3750   244.2068     2.3534    67.1681
  938.5000   242.6833     2.3631    70.3946
  938.6250   240.9979     2.3708    71.9191
  938.7500   239.0776     2.3764    72.3748
  938.8750   237.0305     2.3836    72.6596
  939.0000   234.6493     2.3923    72.7568
  939.1250   234.2865     2.3952    71.6511
  939.2500   236.8225     2.3877    69.6803
  939.3750   240.1876     2.3726    68.6876
  939.5000   243.2062     2.3601    69.8353
  939.6250   246.1239     2.3540    71.9381
  939.7500   248.4070     2.3498    72.8880
  939.8750   250.3325     2.3385    72.3630
  940.0000   252.1825     2.3193    71.1575
  940.1250   255.1321     2.3012    69.5160
  940.2500   259.8066     2.2916    67.8445
  940.3750   263.1906     2.2923    66.7207
  940.5000   262.5770     2.3022    66.8668
  940.6250   260.2853     2.3195    68.0858
  940.7500   255.9102     2.3434    69.8163
  940.8750   247.8373     2.3692    71.7588
  941.0000   239.0657     2.3921    73.6719
  941.1250   233.1442     2.4072    75.1314
  941.2500   230.6596     2.4111    75.5653
  941.3750   232.0471     2.4030    74.2993
  941.5000   237.0090     2.3858    70.9352
  941.6250   242.1874     2.3685    66.7764
  941.7500   245.3947     2.3568    63.2891
  941.8750   245.8715     2.3503    62.0560
  942.0000   244.9498     2.3434    62.4294
  942.1250   243.3031     2.3326    63.0810
  942.2500   241.9640     2.3208    63.0627
  942.3750   242.2515     2.3158    62.7303
  942.5000   243.7607     2.3241    62.2673
  942.6250   244.0881     2.3416    61.5523
  942.7500   242.9340     2.3597    60.6940
  942.8750   241.4417     2.3701    60.0890
  943.0000   240.5279     2.3721    59.7048
  943.1250   240.4543     2.3688    59.7915
  943.2500   241.0695     2.3652    60.7681
  943.3750   242.3335     2.3677    62.5647
  943.5000   244.1068     2.3807    64.6082
  943.6250   244.0590     2.4027    66.7900
  943.7500   241.1852     2.4246    69.3765
  943.8750   237.6536     2.4357    71.6426
  944.0000   235.3236     2.4333    71.9666
  944.1250   233.0663     2.4244    69.9502
  944.2500   231.3955     2.4169    66.7680
  944.3750   232.1086     2.4142    64.9590
  944.5000   233.8417     2.4164    65.0884
  944.6250   233.3070     2.4238    66.1559
  944.7500   231.7570     2.4323    67.2658
  944.8750   232.3494     2.4331    68.3350
  945.0000   235.4674     2.4150    68.5086
  945.1250   239.2219     2.3830    67.1707
  945.2500   243.8747     2.3513    64.8647
  945.3750   248.7595     2.3352    62.7852
  945.5000   251.3716     2.3333    60.8006
  945.6250   250.8734     2.3370    58.8663
  945.7500   249.9548     2.3373    58.2733
  945.8750   250.2537     2.3347    59.2389
  946.0000   250.5889     2.3362    60.1467
  946.1250   249.1598     2.3464    59.8193
  946.2500   246.4162     2.3639    59.4561
  946.3750   243.4981     2.3820    60.8479
  946.5000   240.4635     2.3947    62.9977
  946.6250   238.2340     2.3994    64.5490
  946.7500   239.1444     2.3972    64.6377
  946.8750   242.0022     2.3917    64.0907
  947.0000   243.9194     2.3863    63.9214
  947.1250   245.3025     2.3819    64.7692
  947.2500   247.7723     2.3772    66.5844
  947.3750   250.2468     2.3715    68.3830
  947.5000   251.3758     2.3686    68.7807
  947.6250   250.8833     2.3730    67.9571
  947.7500   247.3196     2.3859    67.0550
  947.8750   241.6598     2.4009    66.5766
  948.0000   236.1699     2.4104    65.6930
  948.1250   233.5961     2.4070    63.8376
  948.2500   235.5764     2.3917    62.2050
  948.3750   241.6796     2.3693    62.0028
  948.5000   248.1780     2.3490    63.4253
  948.6250   253.4753     2.3360    65.0664
  948.7500   256.7598     2.3318    66.0949
  948.8750   256.3845     2.3335    66.9609
  949.0000   253.5956     2.3388    67.9402
  949.1250   251.3023     2.3458    68.6855
  949.2500   249.8881     2.3514    68.9391
  949.3750   248.9779     2.3538    68.8956
  949.5000   249.5507     2.3531    68.7920
  949.6250   250.7331     2.3519    67.9608
  949.7500   250.7886     2.3522    66.4342
  949.8750   249.7331     2.3546    65.4384
  950.0000   248.8136     2.3575    65.6955
  950.1250   247.9395     2.3601    66.7760
  950.2500   247.6595     2.3618    66.9314
  950.3750   249.5565     2.3611    65.6277
  950.5000   252.7199     2.3566    64.2376
  950.6250   254.5008     2.3502    64.6727
  950.7500   255.3019     2.3453    66.4910
  950.8750   255.5229     2.3475    67.5246
  951.0000   253.5770     2.3593    67.5911
  951.1250   249.1615     2.3810    68.4542
  951.2500   244.0699     2.4056    71.1195
  951.3750   240.8266     2.4181    73.4472
  951.5000   240.9093     2.4088    72.9309
  951.6250   243.6230     2.3849    69.8599
  951.7500   247.5431     2.3659    67.2737
  951.8750   251.4875     2.3684    67.9512
  952.0000   252.2589     2.3934    71.6121
  952.1250   249.2140     2.4257    75.7154
  952.2500   243.8485     2.4436    77.5117
  952.3750   238.2072     2.4384    76.1467
  952.5000   234.6100     2.4177    71.9901
  952.6250   235.2994     2.3930    66.3978
  952.7500   237.7902     2.3708    62.2168
  952.8750   241.1323     2.3531    61.1782
  953.0000   245.2646     2.3426    62.6152
  953.1250   247.8925     2.3406    64.1018
  953.2500   246.8917     2.3484    64.2254
  953.3750   243.9363     2.3607    63.6718
  953.5000   241.7480     2.3687    63.9129
  953.6250   241.1114     2.3653    65.9340
  953.7500   242.4357     2.3516    69.0869
  953.8750   246.3145     2.3329    71.7729
  954.0000   250.9872     2.3149    72.4847
  954.1250   253.8855     2.3039    71.5351
  954.2500   254.9390     2.3039    69.6778
  954.3750   254.3376     2.3145    67.7140
  954.5000   253.6444     2.3247    66.4963
  954.6250   254.4616     2.3258    66.2354
  954.7500   255.7096     2.3168    65.8630
  954.8750   256.6133     2.3073    65.0105
  955.0000   257.4586     2.3070    64.9624
  955.1250   255.4052     2.3191    67.2888
  955.2500   250.5470     2.3391    71.2018
  955.3750   247.4193     2.3595    74.7174
  955.5000   245.5980     2.3756    77.0366
  955.6250   242.8907     2.3886    78.2363
  955.7500   241.6756     2.4000    77.7002
  955.8750   241.8406     2.4082    75.5794
  956.0000   241.0016     2.4124    72.9649
  956.1250   240.0243     2.4198    72.3817
  956.2500   240.0913     2.4363    75.1050
  956.3750   241.4689     2.4564    79.8598
  956.5000   244.6637     2.4614    82.5102
  956.6250   247.9719     2.4447    81.2454
  956.7500   249.7335     2.4159    77.4084
  956.8750   250.4220     2.3968    75.0950
  957.0000   249.2603     2.3975    75.6347
  957.1250   245.1380     2.4168    77.9881
  957.2500   241.1738     2.4373    79.7310
  957.3750   239.9124     2.4443    79.3922
  957.5000   240.3992     2.4333    76.9112
  957.6250   240.5324     2.4190    74.5263
  957.7500   240.5758     2.4120    74.1903
  957.8750   240.8789     2.4133    76.0636
  958.0000   240.5813     2.4148    77.2575
  958.1250   240.1227     2.4096    75.6168
  958.2500   241.5535     2.3963    72.7774
  958.3750   244.3423     2.3806    71.5861
  958.5000   244.8889     2.3732    73.2883
  958.6250   242.1820     2.3820    76.0902
  958.7500   238.6619     2.4041    78.2571
  958.8750   235.0237     2.4266    77.9853
  959.0000   231.9414     2.4368    75.6470
  959.1250   232.7110     2.4334    73.4965
  959.2500   238.8718     2.4223    74.3457
  959.3750   246.6210     2.4077    77.5406
  959.5000   253.1350     2.3883    80.5442
  959.6250   257.3766     2.3638    80.3168
  959.7500   259.6713     2.3395    76.6277
  959.8750   259.4621     2.3236    71.2279
  960.0000   256.7244     2.3214    68.4928
  960.1250   253.2503     2.3337    70.2444
  960.2500   250.9929     2.3616    75.4366
  960.3750   248.5025     2.3999    81.6263
  960.5000   243.9550     2.4386    87.3496
  960.6250   238.6789     2.4627    90.8001
  960.7500   234.8943     2.4699    91.0487
  960.8750   231.8095     2.4647    88.2229
  961.0000   229.2578     2.4541    84.9036
  961.1250   229.0179     2.4417    82.9854
  961.2500   231.0732     2.4303    82.6525
  961.3750   232.8057     2.4237    83.7480
  961.5000   233.1356     2.4223    85.9307
  961.6250   232.5248     2.4223    88.1808
  961.7500   231.9858     2.4202    88.8340
  961.8750   231.9081     2.4163    87.6810
  962.0000   232.5630     2.4122    85.7191
  962.1250   234.0129     2.4059    83.6064
  962.2500   236.2327     2.3956    80.6442
  962.3750   238.4746     2.3840    77.4043
  962.5000   239.6443     2.3773    75.5187
  962.6250   239.6487     2.3779    75.4408
  962.7500   238.9027     2.3828    76.2997
  962.8750   237.8165     2.3865    77.1759
  963.0000   237.6344     2.3854    77.7026
  963.1250   238.9549     2.3803    77.3543
  963.2500   240.6047     2.3747    75.7267
  963.3750   242.1568     2.3715    73.6598
  963.5000   244.2321     2.3696    72.5432
  963.6250   245.7248     2.3683    72.8644
  963.7500   245.7113     2.3709    74.9811
  963.8750   245.9882     2.3842    79.8799
  964.0000   246.2786     2.4138    88.5188
  964.1250   246.4773     2.4596    99.3196
  964.2500   247.5878     2.5097   109.2762
  964.3750   247.5894     2.5507   117.1085
  964.5000   245.5962     2.5736   123.0220
  964.6250   247.5168     2.5785   127.7425
  964.7500   256.0794     2.5641   131.3865
  964.8750   261.6425     2.5385   134.7907
  965.0000   263.2682     2.5194   138.0053
  965.1250   267.1476     2.5302   139.7355
  965.2500   266.9314     2.5704   140.0647
  965.3750   260.1291     2.6227   140.4656
  965.5000   257.6669     2.6595   142.7474
  965.6250   259.8524     2.6707   146.3282
  965.7500   259.7015     2.6599   148.2494
  965.8750   255.9070     2.6355   144.2384
  966.0000   251.1284     2.6047   134.5856
  966.1250   246.9982     2.5743   122.4663
  966.2500   241.2561     2.5520   112.1754
  966.3750   232.6596     2.5399   104.3796
  966.5000   224.0384     2.5367    97.8747
  966.6250   217.2977     2.5383    91.0757
  966.7500   211.5063     2.5430    83.7623
  966.8750   206.2106     2.5471    76.4634
  967.0000   205.0321     2.5497    71.2895
  967.1250   210.1770     2.5541    71.0530
  967.2500   215.2893     2.5607    78.3781
  967.3750   219.2096     2.5659    91.8576
  967.5000   227.4195     2.5659   108.0517
  967.6250   235.8042     2.5569   121.6685
  967.7500   241.3698     2.5395   130.9467
  967.8750   247.7345     2.5204   136.0188
  968.0000   251.1846     2.5069   138.6201
  968.1250   249.5783     2.5081   139.5462
  968.2500   248.9508     2.5408   138.9358
  968.3750   248.9193     2.5816   138.4262
  968.5000   249.1666     2.5900   139.8705
  968.6250   256.6773     2.5412   143.4426
  968.7500   268.7761     2.4661   146.4996
  968.8750   279.7811     2.3902   147.0488
  969.0000   285.5751     2.3449   145.6008
  969.1250   282.2573     2.3438   144.5297
  969.2500   269.3063     2.3868   144.7682
  969.3750   251.1810     2.4550   143.4864
  969.5000   231.8740     2.5212   137.9196
  969.6250   217.9283     2.5630   128.8923
  969.7500   212.6272     2.5895   123.0963
  969.8750   212.0856     2.6104   123.8450
  970.0000   214.2295     2.6167   129.1881
  970.1250   218.7869     2.6115   134.6466
  970.2500   228.5998     2.5924   140.0218
  970.3750   247.7131     2.5303   146.2860
  970.5000   265.2900     2.4168   152.2835
  970.6250   278.3101     2.2838   155.7049
  970.7500   302.9897     2.1896   156.1567
  970.8750   332.9527     2.1545   155.6832
  971.0000   346.4814     2.1818   154.9651
  971.1250   345.9045     2.2473   152.7972
  971.2500   336.8973     2.3266   148.7928
  971.3750   308.4132     2.4059   144.6755
  971.5000   267.7010     2.4750   142.5431
  971.6250   234.6905     2.5279   142.3329
  971.7500   222.5408     2.5702   142.7693
  971.8750   222.3144     2.6063   143.6062
  972.0000   227.3971     2.6258   145.6368
  972.1250   233.4174     2.6234   150.1719
  972.2500   239.0708     2.6087   157.1094
  972.3750   248.0462     2.5899   164.7789
  972.5000   260.5817     2.5669   170.2751
  972.6250   272.6035     2.5376   172.4182
  972.7500   283.0032     2.5093   170.2505
  972.8750   291.0525     2.4929   164.3125
  973.0000   293.5371     2.4837   156.0089
  973.1250   293.0012     2.4684   148.9963
  973.2500   296.7704     2.4534   146.8900
  973.3750   303.8525     2.4476   149.2598
  973.5000   305.0655     2.4430   152.4591
  973.6250   300.5001     2.4472   153.8784
  973.7500   298.2401     2.4536   154.6377
  973.8750   305.3720     2.4202   157.0212
  974.0000   316.4862     2.3373   160.0213
  974.1250   323.4475     2.2418   160.7403
  974.2500   325.8084     2.1801   157.9111
  974.3750   322.4765     2.1528   153.3127
  974.5000   306.8496     2.1406   149.5258
  974.6250   291.5891     2.1367   147.6207
  974.7500   290.8504     2.1546   147.5960
  974.8750   295.9846     2.2082   150.1656
  975.0000   294.3612     2.2739   154.7454
  975.1250   290.3724     2.3214   159.3657
  975.2500   281.9590     2.3416   160.9879
  975.3750   267.6566     2.3552   160.1060
  975.5000   259.1608     2.3677   159.2407
  975.6250   262.0079     2.3680   160.2767
  975.7500   269.9170     2.3586   161.5216
  975.8750   281.4255     2.3541   160.3031
  976.0000   292.0800     2.3676   156.5677
  976.1250   295.7366     2.4003   153.1364
  976.2500   288.1985     2.4422   152.8492
  976.3750   272.9754     2.4754   153.5100
  976.5000   256.8370     2.4958   151.7615
  976.6250   246.5719     2.5067   147.0156
  976.7500   242.8847     2.5116   143.3095
  976.8750   245.1612     2.5038   143.8532
  977.0000   248.9355     2.4755   147.8236
  977.1250   251.9739     2.4395   152.1262
  977.2500   256.0842     2.4158   155.5845
  977.3750   259.2182     2.4173   158.3042
  977.5000   258.9517     2.4392   159.9856
  977.6250   258.2573     2.4741   160.3003
  977.7500   260.6823     2.5085   159.2369
  977.8750   263.7639     2.5214   156.4190
  978.0000   268.5246     2.4799   151.7429
  978.1250   276.7786     2.3967   147.2089
  978.2500   281.1309     2.3147   145.6300
  978.3750   277.4979     2.2947   148.1070
  978.5000   272.2668     2.3470   151.3771
  978.6250   262.5370     2.4428   153.2976
  978.7500   249.4826     2.5079   153.9778
  978.8750   247.8684     2.4910   154.3750
  979.0000   260.6292     2.3935   155.4389
  979.1250   269.2377     2.2970   156.4938
  979.2500   271.1530     2.2473   156.7123
  979.3750   275.1446     2.2579   155.6545
  979.5000   274.0805     2.3080   153.8239
  979.6250   264.9945     2.3502   151.4030
  979.7500   262.6290     2.3646   148.3886
  979.8750   270.9515     2.3647   145.8897
  980.0000   280.9430     2.3487   145.6013
  980.1250   283.7323     2.3711   147.3278
  980.2500   278.1182     2.4374   148.7803
  980.3750   267.4122     2.5174   147.6586
  980.5000   253.5076     2.5775   142.7762
  980.6250   238.5880     2.6114   134.0106
  980.7500   227.0173     2.6296   122.1376
  980.8750   218.6409     2.6488   110.7325
  981.0000   214.7830     2.6559   103.3356
  981.1250   230.0655     2.6011   103.8185
  981.2500   261.5115     2.5029   111.8177
  981.3750   288.7708     2.3973   125.2916
  981.5000   301.2850     2.3315   138.9683
  981.6250   306.0828     2.3478   148.5796
  981.7500   295.0073     2.4311   153.3758
  981.8750   271.4550     2.5051   155.7021
  982.0000   259.1922     2.5240   156.7793
  982.1250   265.8914     2.4997   155.2829
  982.2500   275.1089     2.4782   151.3593
  982.3750   278.5631     2.4730   148.1201
  982.5000   277.5308     2.4866   149.2157
  982.6250   277.7589     2.5045   154.7070
  982.7500   276.9468     2.5104   161.5582
  982.8750   271.2515     2.5027   164.7957
  983.0000   263.4081     2.5027   162.5379
  983.1250   254.0703     2.5246   155.8247
  983.2500   243.3101     2.5672   147.9544
  983.3750   233.1031     2.6148   141.4743
  983.5000   225.8349     2.6478   137.1732
  983.6250   227.2531     2.6353   135.2969
  983.7500   240.1776     2.5661   137.0476
  983.8750   257.2059     2.4596   143.7908
  984.0000   270.2745     2.3680   152.6409
  984.1250   281.6349     2.3137   158.7133
  984.2500   288.2210     2.3050   159.1977
  984.3750   285.9599     2.3357   157.7267
  984.5000   279.9189     2.3997   156.9637
  984.6250   273.9095     2.4790   157.0358
  984.7500   266.1363     2.5435   156.0504
  984.8750   257.9623     2.5736   152.9654
  985.0000   250.8442     2.5706   147.9637
  985.1250   245.2628     2.5577   142.2626
  985.2500   244.2102     2.5452   137.6810
  985.3750   247.4211     2.5294   134.1901
  985.5000   250.9799     2.5136   130.5778
  985.6250   252.7819     2.5049   126.8843
  985.7500   253.1771     2.5046   124.3408
  985.8750   252.0518     2.5089   124.2580
  986.0000   249.8365     2.5113   127.4488
  986.1250   246.6993     2.5091   130.9104
  986.2500   241.5900     2.5041   130.5149
  986.3750   235.7405     2.5010   121.9860
  986.5000   230.5765     2.5036   107.4024
  986.6250   225.2754     2.5141    91.2494
  986.7500   220.7529     2.5272    78.6924
  986.8750   219.8888     2.5319    71.3408
  987.0000   222.8412     2.5164    68.8619
  987.1250   226.4219     2.4836    68.8340
  987.2500   230.1624     2.4457    69.5108
  987.3750   234.1695     2.4166    69.7572
  987.5000   236.6047     2.4002    69.5989
  987.6250   237.4726     2.3930    69.2048
  987.7500   238.1539     2.3875    68.7290
  987.8750   238.6182     2.3789    68.1280
  988.0000   238.7310     2.3685    67.5196
  988.1250   238.4425     2.3621    67.6374
  988.2500   237.2601     2.3627    68.2378
  988.3750   235.7799     2.3692    68.4589
  988.5000   234.4886     2.3761    68.1604
  988.6250   232.7936     2.3812    67.8615
  988.7500   231.6454     2.3849    67.4971
  988.8750   232.1371     2.3880    66.8347
  989.0000   233.3605     2.3907    66.3399
  989.1250   234.2297     2.3934    66.7192
  989.2500   234.9629     2.3959    67.8326
  989.3750   235.4561     2.3969    69.2568
  989.5000   235.2825     2.3950    69.8894
  989.6250   235.1543     2.3919    69.8498
  989.7500   236.0194     2.3877    69.9928
  989.8750   237.6454     2.3823    70.7386
  990.0000   239.0056     2.3769    72.0298
  990.1250   239.7935     2.3746    73.8301
  990.2500   240.5227     2.3739    75.5117
  990.3750   241.3727     2.3714    75.8720
  990.5000   242.3316     2.3668    73.9457
  990.6250   243.5129     2.3636    71.4077
  990.7500   244.5342     2.3629    69.6950
  990.8750   244.7306     2.3616    68.9122
  991.0000   244.4319     2.3577    68.8624
  991.1250   244.0936     2.3529    69.8138
  991.2500   244.3512     2.3494    71.2108
  991.3750   245.4007     2.3476    72.2312
  991.5000   246.3401     2.3481    72.9436
  991.6250   246.4735     2.3498    74.1007
  991.7500   246.0810     2.3511    75.1280
  991.8750   244.7881     2.3510    74.5204
  992.0000   242.8467     2.3504    71.8673
  992.1250   241.4563     2.3500    68.1694
  992.2500   241.1212     2.3490    64.9183
  992.3750   240.8397     2.3474    62.6281
  992.5000   240.1730     2.3475    61.5584
  992.6250   239.3161     2.3525    61.8065
  992.7500   238.7625     2.3621    62.6720
  992.8750   238.8644     2.3711    63.7431
  993.0000   239.4988     2.3726    64.8329
  993.1250   240.3735     2.3669    65.8859
  993.2500   242.3612     2.3603    66.4125
  993.3750   245.0181     2.3586    65.6527
  993.5000   245.8056     2.3600    63.9440
  993.6250   244.4557     2.3603    62.0861
  993.7500   243.5328     2.3582    60.6120
  993.8750   242.3859     2.3544    59.3305
  994.0000   240.8891     2.3475    57.8887
  994.1250   241.2759     2.3389    56.3275
  994.2500   243.3651     2.3329    54.8199
  994.3750   243.8560     2.3316    53.6805
  994.5000   240.9958     2.3315    53.3699
  994.6250   234.8892     2.3323    53.6024
  994.7500   231.9331     2.3355    53.8537
  994.8750   241.4011     2.3439    55.9181
  995.0000   265.6030     2.3685    64.8104
  995.1250   295.3659     2.3949    82.7623
  995.2500   325.3135     2.3928   105.5841
  995.3750   339.8960     2.3636   125.2943
  995.5000   330.3683     2.3439   138.7932
  995.6250   309.1795     2.3382   148.3127
  995.7500   290.5755     2.3315   155.8829
  995.8750   277.1786     2.2958   159.5379
  996.0000   284.4519     2.1963   156.8838
  996.1250   322.0690     2.0755   149.3873
  996.2500   361.3066     1.9888   140.9510
  996.3750   377.1013     1.9453   133.4428
  996.5000   375.9014     1.9535   127.8409
  996.6250   360.6183     2.0110   126.0281
  996.7500   322.5384     2.1179   129.4873
  996.8750   285.7325     2.2454   135.0391
  997.0000   275.7437     2.3587   139.4027
  997.1250   284.5272     2.4358   140.8784
  997.2500   287.2489     2.5040   141.3905
  997.3750   285.7796     2.5580   142.1718
  997.5000   283.7959     2.5651   143.4961
  997.6250   273.5872     2.5506   144.7380
  997.7500   257.9077     2.5627   145.1217
  997.8750   250.4448     2.6114   144.5400
  998.0000   250.5768     2.6564   143.7791
  998.1250   251.6103     2.6706   143.8888
  998.2500   252.4522     2.6541   145.8331
  998.3750   256.1019     2.6262   149.4260
  998.5000   263.5418     2.6090   153.6569
  998.6250   270.6775     2.6000   157.2856
  998.7500   275.5624     2.5914   160.7078
  998.8750   277.9559     2.5839   164.3990
  999.0000   276.6723     2.5839   166.9468
  999.1250   270.5654     2.5929   165.7958
  999.2500   263.1380     2.6021   160.2746
  999.3750   257.7713     2.6032   153.5260
  999.5000   254.4876     2.5946   148.8647
  999.6250   253.0826     2.5841   146.9655
  999.7500   253.0070     2.5772   146.9869
  999.8750   252.9923     2.5741   147.9909
 1000.0000   253.1421     2.5722   148.5244
 1000.1250   253.8766     2.5732   147.8634
 1000.2500   254.8500     2.5818   146.4731
 1000.3750   255.5926     2.5969   145.4110
 1000.5000   255.0637     2.6104   144.1883
 1000.6250   253.0993     2.6079   142.1649
 1000.7500   252.5662     2.5903   140.3550
 1000.8750   254.0496     2.5683   139.6108
 1001.0000   254.6800     2.5549   139.7411
 1001.1250   254.8314     2.5495   140.0584
 1001.2500   256.6308     2.5421   139.2792
 1001.3750   257.5628     2.5217   135.0810
 1001.5000   255.2018     2.4917   127.0017
 1001.6250   251.3871     2.4677   117.3795
 1001.7500   246.9859     2.4622   110.1108
 1001.8750   240.0935     2.4731   106.1670
 1002.0000   233.6443     2.4864   104.6088
 1002.1250   233.1992     2.4917   104.4800
 1002.2500   238.4709     2.4894   106.2197
 1002.3750   245.3193     2.4854   110.8288
 1002.5000   251.7950     2.4840   117.2151
 1002.6250   254.9703     2.4868   122.2478
 1002.7500   251.6851     2.4915   123.2317
 1002.8750   245.6794     2.4935   120.7572
 1003.0000   242.6809     2.4911   118.0179
 1003.1250   243.2277     2.4902   117.7692
 1003.2500   245.8013     2.4944   119.3744
 1003.3750   248.6616     2.5007   121.3153
 1003.5000   250.0806     2.5029   122.6313
 1003.6250   249.7268     2.4992   123.0293
 1003.7500   247.2945     2.4898   121.5173
 1003.8750   243.8934     2.4750   117.4653
 1004.0000   242.0520     2.4554   112.1764
 1004.1250   242.1896     2.4351   108.4728
 1004.2500   241.9441     2.4180   106.9579
 1004.3750   241.8396     2.4066   107.2509
 1004.5000   244.1873     2.3991   109.0721
 1004.6250   247.5856     2.3933   112.1456
 1004.7500   249.3226     2.3893   115.3960
 1004.8750   250.9717     2.3902   118.4187
 1005.0000   253.9505     2.3980   121.8386
 1005.1250   256.6846     2.4082   124.8573
 1005.2500   258.3906     2.4090   124.1866
 1005.3750   259.8005     2.3926   117.8174
 1005.5000   261.5874     2.3645   107.7317
 1005.6250   264.6335     2.3362    98.6829
 1005.7500   268.7308     2.3166    94.0523
 1005.8750   271.6362     2.3127    93.2403
 1006.0000   272.4865     2.3253    92.2052
 1006.1250   270.5024     2.3473    86.5522
 1006.2500   265.2876     2.3625    76.8956
 1006.3750   258.5353     2.3647    67.2914
 1006.5000   253.6531     2.3562    62.0173
 1006.6250   251.3786     2.3459    60.2707
 1006.7500   250.5649     2.3373    60.0137
 1006.8750   251.5729     2.3345    60.6821
 1007.0000   256.2551     2.3417    64.4049
 1007.1250   264.0357     2.3604    74.1925
 1007.2500   270.9591     2.3863    90.0396
 1007.3750   275.7467     2.4095   106.7800
 1007.5000   278.6132     2.4165   117.6906
 1007.6250   277.4086     2.4033   118.2084
 1007.7500   271.6479     2.3792   109.4111
 1007.8750   265.4140     2.3579    94.7623
 1008.0000   260.8690     2.3470    80.3488
 1008.1250   255.6015     2.3462    69.8036
 1008.2500   250.4450     2.3511    64.1768
 1008.3750   247.7591     2.3554    61.1909
 1008.5000   246.4341     2.3564    59.9424
 1008.6250   245.2032     2.3546    59.7862
 1008.7500   244.4106     2.3520    59.4854
 1008.8750   243.4488     2.3492    57.9635
 1009.0000   242.0359     2.3453    55.9743
 1009.1250   240.9531     2.3409    55.0543
 1009.2500   240.8837     2.3388    55.9245
 1009.3750   242.4891     2.3419    57.9829
 1009.5000   245.8705     2.3483    61.0720
 1009.6250   250.3375     2.3522    65.7714
 1009.7500   254.8351     2.3510    71.0400
 1009.8750   258.8511     2.3466    74.4571
 1010.0000   261.5891     2.3423    73.3314
 1010.1250   262.6409     2.3385    68.8748
 1010.2500   261.8676     2.3352    64.1860
 1010.3750   259.4962     2.3350    62.1298
 1010.5000   255.6350     2.3394    62.1918
 1010.6250   250.6242     2.3488    63.0570
 1010.7500   245.2057     2.3632    63.6650
 1010.8750   239.8266     2.3812    64.1772
 1011.0000   237.9108     2.3980    66.0213
 1011.1250   243.5121     2.4065    71.5294
 1011.2500   255.3156     2.4047    81.6960
 1011.3750   266.6761     2.3950    94.1094
 1011.5000   273.2828     2.3843   103.0726
 1011.6250   275.0330     2.3761   103.7391
 1011.7500   270.7616     2.3731    94.3274
 1011.8750   262.1657     2.3747    80.4542
 1012.0000   256.0074     2.3786    68.5630
 1012.1250   256.6413     2.3790    63.0176
 1012.2500   259.6596     2.3704    62.3342
 1012.3750   259.8859     2.3518    63.7642
 1012.5000   255.2105     2.3347    64.9592
 1012.6250   246.8832     2.3319    64.9768
 1012.7500   236.3551     2.3527    63.7807
 1012.8750   224.8994     2.3895    62.0481
 1013.0000   215.7691     2.4297    60.1136
 1013.1250   212.0513     2.4565    58.5014
 1013.2500   211.6347     2.4653    58.0420
 1013.3750   214.4981     2.4601    59.3317
 1013.5000   221.1169     2.4486    61.6797
 1013.6250   229.5137     2.4332    63.6779
 1013.7500   237.7482     2.4149    64.6442
 1013.8750   245.8810     2.4040    64.6469
 1014.0000   255.1182     2.4105    64.2013
 1014.1250   261.7233     2.4376    63.7913
 1014.2500   262.2862     2.4687    63.5175
 1014.3750   261.2093     2.4863    63.1811
 1014.5000   261.1719     2.4812    62.3787
 1014.6250   257.9266     2.4689    61.3331
 1014.7500   253.4824     2.4625    60.3189
 1014.8750   252.3379     2.4652    59.4210
 1015.0000   249.7610     2.4683    58.5618
 1015.1250   242.9558     2.4647    57.8271
 1015.2500   235.5624     2.4535    57.4126
 1015.3750   229.3037     2.4402    57.1665
 1015.5000   225.9960     2.4330    56.7710
 1015.6250   228.6284     2.4361    56.6376
 1015.7500   235.1085     2.4459    57.8876
 1015.8750   243.8353     2.4550    62.0431
 1016.0000   256.5698     2.4552    68.3574
 1016.1250   271.8116     2.4444    75.5781
 1016.2500   284.1113     2.4312    82.4702
 1016.3750   289.9732     2.4292    88.0448
 1016.5000   288.8620     2.4423    91.2216
 1016.6250   283.6265     2.4569    91.5618
 1016.7500   273.8837     2.4609    90.8970
 1016.8750   258.7316     2.4590    91.0356
 1017.0000   244.9258     2.4676    91.2537
 1017.1250   235.1870     2.4886    88.9302
 1017.2500   225.0295     2.5125    83.0620
 1017.3750   216.9832     2.5250    77.7986
 1017.5000   217.8562     2.5158    76.6518
 1017.6250   227.1919     2.4738    79.3495
 1017.7500   238.0217     2.4147    81.4940
 1017.8750   250.3879     2.3617    81.5743
 1018.0000   261.6948     2.3366    81.1510
 1018.1250   265.6273     2.3354    81.5970
 1018.2500   262.3449     2.3457    82.6417
 1018.3750   256.7319     2.3561    82.7491
 1018.5000   249.2994     2.3654    80.7319
 1018.6250   240.4457     2.3742    76.2046
 1018.7500   233.2452     2.3829    71.0266
 1018.8750   228.0760     2.3944    67.0819
 1019.0000   224.0309     2.4178    64.9990
 1019.1250   222.5854     2.4579    63.2578
 1019.2500   223.9276     2.5149    61.0798
 1019.3750   222.9771     2.5853    58.9782
 1019.5000   218.4617     2.6550    58.5091
 1019.6250   218.5877     2.6908    60.7105
 1019.7500   233.8963     2.6393    65.7184
 1019.8750   255.5504     2.5315    71.7322
 1020.0000   270.8040     2.4387    76.1668
 1020.1250   278.6877     2.4102    77.1235
 1020.2500   278.8116     2.4324    74.9568
 1020.3750   263.4066     2.4683    70.3348
 1020.5000   243.2051     2.4832    64.6289
 1020.6250   232.8912     2.4821    59.1861
 1020.7500   230.7563     2.4936    55.7857
 1020.8750   225.6201     2.5360    54.2679
 1021.0000   217.1849     2.6054    53.4609
 1021.1250   211.0005     2.6671    52.6096
 1021.2500   211.5014     2.6716    52.0718
 1021.3750   219.2201     2.6001    52.7268
 1021.5000   229.5206     2.4973    54.6907
 1021.6250   239.1636     2.4105    57.3206
 1021.7500   246.0447     2.3591    59.5286
 1021.8750   246.8336     2.3405    60.7692
 1022.0000   242.6293     2.3419    61.5549
 1022.1250   238.5817     2.3551    62.8351
 1022.2500   237.1939     2.3714    65.2660
 1022.3750   236.9314     2.3857    68.5558
 1022.5000   237.5235     2.3940    71.2903
 1022.6250   239.2111     2.3950    72.7898
 1022.7500   240.8737     2.3876    73.2086
 1022.8750   241.9173     2.3734    73.6460
 1023.0000   242.8008     2.3581    74.8383
 1023.1250   244.4966     2.3471    77.1854
 1023.2500   248.4409     2.3419    80.7450
 1023.3750   252.5644     2.3395    84.2053
 1023.5000   254.4078     2.3362    84.8266
 1023.6250   255.0245     2.3311    81.4456
 1023.7500   254.2736     2.3255    75.7091
 1023.8750   250.6339     2.3215    70.0917
 1024.0000   245.7798     2.3216    65.8837
 1024.1250   241.3539     2.3278    63.1409
 1024.2500   237.3320     2.3420    62.6846
 1024.3750   233.9706     2.3611    66.6698
 1024.5000   236.2249     2.3798    77.2751
 1024.6250   245.4735     2.3909    92.9860
 1024.7500   253.0319     2.3918   107.1824
 1024.8750   256.9484     2.3835   112.6665
 1025.0000   261.6209     2.3719   108.4899
 1025.1250   262.1656     2.3615   100.1654
 1025.2500   255.6561     2.3558    93.8875
 1025.3750   251.2351     2.3549    92.3672
 1025.5000   251.1737     2.3569    94.2291
 1025.6250   249.8969     2.3600    96.8228
 1025.7500   247.4675     2.3623    97.8066
 1025.8750   247.2081     2.3627    96.1154
 1026.0000   248.2377     2.3600    91.7233
 1026.1250   247.8277     2.3545    86.0796
 1026.2500   246.5137     2.3479    81.6207
 1026.3750   245.3077     2.3455    82.1334
 1026.5000   244.0978     2.3506    86.9036
 1026.6250   243.6809     2.3618    91.3112
 1026.7500   244.5230     2.3708    90.2155
 1026.8750   246.0049     2.3720    84.0843
 1027.0000   247.8279     2.3663    76.8750
 1027.1250   250.0917     2.3605    71.4961
 1027.2500   252.0609     2.3568    67.9971
 1027.3750   252.6243     2.3526    65.8211
 1027.5000   251.9036     2.3476    63.6464
 1027.6250   249.7432     2.3445    60.3224
 1027.7500   246.5911     2.3451    55.9934
 1027.8750   243.8005     2.3459    52.2583
 1028.0000   241.1901     2.3440    50.6392
 1028.1250   237.9898     2.3448    51.1294
 1028.2500   235.6134     2.3549    52.8170
 1028.3750   235.7935     2.3743    54.5687
 1028.5000   236.9960     2.3909    55.7330
 1028.6250   238.4546     2.3957    56.2773
 1028.7500   240.9731     2.3867    56.4934
 1028.8750   242.5331     2.3743    56.4573
 1029.0000   241.1107     2.3664    55.9449
 1029.1250   240.4389     2.3684    55.0817
 1029.2500   243.0036     2.3780    54.9158
 1029.3750   245.4001     2.3914    56.1948
 1029.5000   248.3284     2.4017    60.0975
 1029.6250   254.9927     2.4040    67.4622
 1029.7500   260.5201     2.3978    77.3754
 1029.8750   260.4145     2.3911    84.3890
 1030.0000   258.6468     2.3886    83.6540
 1030.1250   256.7188     2.3856    73.9778
 1030.2500   252.5936     2.3748    62.0617
 1030.3750   247.6260     2.3588    53.2490
 1030.5000   244.9238     2.3480    50.7007
 1030.6250   245.1193     2.3464    53.4431
 1030.7500   246.5131     2.3521    61.1165
 1030.8750   247.4575     2.3591    72.0700
 1031.0000   250.1028     2.3626    82.0021
 1031.1250   255.7245     2.3613    87.1498
 1031.2500   261.4668     2.3617    88.0071
 1031.3750   265.9388     2.3705    88.0706
 1031.5000   268.8518     2.3889    88.4319
 1031.6250   268.7344     2.4087    86.2545
 1031.7500   266.0345     2.4217    80.2446
 1031.8750   262.2582     2.4206    72.6499
 1032.0000   259.1117     2.4068    67.8275
 1032.1250   261.2590     2.3856    68.0898
 1032.2500   268.1327     2.3692    74.6198
 1032.3750   270.0051     2.3621    84.8033
 1032.5000   267.1016     2.3524    94.1541
 1032.6250   264.6553     2.3448    96.4499
 1032.7500   258.4572     2.3478    90.6232
 1032.8750   249.6238     2.3578    79.2193
 1033.0000   247.9045     2.3632    68.3676
 1033.1250   250.9193     2.3612    61.1726
 1033.2500   251.8604     2.3551    58.0502
 1033.3750   251.3987     2.3458    57.1922
 1033.5000   250.5761     2.3339    57.3867
 1033.6250   248.2065     2.3255    58.3738
 1033.7500   247.1291     2.3265    59.4693
 1033.8750   248.6432     2.3368    59.9341
 1034.0000   249.0001     2.3508    59.7016
 1034.1250   248.0249     2.3590    58.9584
 1034.2500   248.3520     2.3526    58.1836
 1034.3750   248.0918     2.3350    58.1573
 1034.5000   245.6882     2.3168    58.6649
 1034.6250   244.9327     2.3077    58.8200
 1034.7500   247.7567     2.3110    57.6252
 1034.8750   249.7748     2.3235    55.5717
 1035.0000   248.7315     2.3367    53.6363
 1035.1250   248.4056     2.3394    51.7874
 1035.2500   248.6096     2.3276    49.8878
 1035.3750   247.0055     2.3101    48.6346
 1035.5000   245.5740     2.3001    48.3567
 1035.6250   245.7624     2.3020    48.6893
 1035.7500   246.7377     2.3122    49.1213
 1035.8750   248.6271     2.3231    49.6711
 1036.0000   250.9594     2.3301    50.3911
 1036.1250   252.2126     2.3313    51.1260
 1036.2500   252.5735     2.3293    51.4990
 1036.3750   251.6375     2.3282    51.0599
 1036.5000   248.1980     2.3322    49.3088
 1036.6250   243.8015     2.3409    46.6686
 1036.7500   240.7518     2.3501    45.1206
 1036.8750   238.1815     2.3575    45.6177
 1037.0000   236.0953     2.3642    47.1839
 1037.1250   235.1971     2.3710    48.2475
 1037.2500   234.9688     2.3767    48.2867
 1037.3750   235.4093     2.3794    47.8010
 1037.5000   236.6369     2.3778    47.6126
 1037.6250   238.1849     2.3725    48.0838
 1037.7500   239.5608     2.3654    49.5868
 1037.8750   240.0893     2.3608    51.9253
 1038.0000   239.7866     2.3617    54.4867
 1038.1250   239.0176     2.3686    56.7678
 1038.2500   238.0991     2.3764    58.9191
 1038.3750   237.5460     2.3804    61.3186
 1038.5000   237.7642     2.3809    63.7457
 1038.6250   238.2040     2.3827    65.1349
 1038.7500   238.6272     2.3873    64.9537
 1038.8750   238.9709     2.3911    64.1912
 1039.0000   238.7472     2.3893    63.7063
 1039.1250   237.9321     2.3807    63.2665
 1039.2500   237.5987     2.3693    62.1792
 1039.3750   237.9263     2.3585    59.8420
 1039.5000   238.4464     2.3512    55.7927
 1039.6250   239.1573     2.3481    50.7855
 1039.7500   239.8170     2.3484    45.8350
 1039.8750   239.6482     2.3505    42.4871
 1040.0000   239.0268     2.3524    41.0553
 1040.1250   238.7776     2.3535    41.0462
 1040.2500   239.3254     2.3547    41.5759
 1040.3750   239.6998     2.3580    42.1433
 1040.5000   238.9324     2.3646    43.0833
 1040.6250   238.7017     2.3730    45.2673
 1040.7500   240.6755     2.3805    49.2823
 1040.8750   243.2054     2.3871    54.6246
 1041.0000   244.9553     2.3932    58.4016
 1041.1250   247.0338     2.3960    58.5948
 1041.2500   247.8262     2.3908    55.6218
 1041.3750   245.4800     2.3815    52.8899
 1041.5000   242.0194     2.3751    51.7642
 1041.6250   239.8465     2.3755    51.5404
 1041.7500   238.2544     2.3782    51.0995
 1041.8750   236.9616     2.3805    50.1088
 1042.0000   236.8175     2.3840    48.4211
 1042.1250   238.0972     2.3894    46.4621
 1042.2500   240.2973     2.3920    45.5336
 1042.3750   242.8992     2.3858    47.1010
 1042.5000   245.8482     2.3738    51.0243
 1042.6250   248.6396     2.3641    56.2355
 1042.7500   250.8655     2.3624    61.4471
 1042.8750   251.9630     2.3667    65.8357
 1043.0000   250.8815     2.3721    68.0770
 1043.1250   248.2130     2.3752    67.5568
 1043.2500   244.4404     2.3747    64.5805
 1043.3750   240.4254     2.3712    60.1857
 1043.5000   237.9083     2.3678    55.9424
 1043.6250   237.0877     2.3681    53.4064
 1043.7500   236.9590     2.3738    54.3133
 1043.8750   237.5416     2.3800    57.9014
 1044.0000   238.2067     2.3818    61.5585
 1044.1250   238.5726     2.3789    62.6164
 1044.2500   239.8914     2.3752    61.2939
 1044.3750   241.9780     2.3758    58.5422
 1044.5000   241.8036     2.3846    55.2100
 1044.6250   239.1362     2.4016    51.8263
 1044.7500   236.8610     2.4195    49.2958
 1044.8750   235.1322     2.4265    47.7775
 1045.0000   232.6737     2.4181    47.0715
 1045.1250   230.9310     2.4002    47.0579
 1045.2500   232.2252     2.3833    47.4277
 1045.3750   239.0771     2.3723    47.2242
 1045.5000   248.8434     2.3691    46.1534
 1045.6250   256.5782     2.3737    45.8672
 1045.7500   262.8713     2.3848    47.7779
 1045.8750   266.1726     2.3952    50.9561
 1046.0000   261.3720     2.3972    53.3765
 1046.1250   252.8840     2.3888    53.2609
 1046.2500   248.9008     2.3797    51.4270
 1046.3750   247.4034     2.3767    49.3725
 1046.5000   246.0661     2.3811    48.6513
 1046.6250   244.4858     2.3905    49.4119
 1046.7500   240.2055     2.4081    50.8109
 1046.8750   232.8974     2.4388    51.4421
 1047.0000   226.3916     2.4805    50.4017
 1047.1250   222.9575     2.5250    48.0941
 1047.2500   221.9860     2.5601    47.3649
 1047.3750   223.9274     2.5824    51.5207
 1047.5000   229.1005     2.5937    63.8827
 1047.6250   232.8435     2.5964    81.9266
 1047.7500   234.5216     2.5902   100.1565
 1047.8750   239.5489     2.5768   111.8182
 1048.0000   244.8922     2.5632   116.4554
 1048.1250   244.5506     2.5545   117.3822
 1048.2500   244.6742     2.5554   119.6810
 1048.3750   249.8046     2.5630   124.3770
 1048.5000   252.1232     2.5719   129.8447
 1048.6250   250.2407     2.5779   132.4675
 1048.7500   250.6177     2.5818   131.0910
 1048.8750   249.0897     2.5862   126.6993
 1049.0000   241.9834     2.5915   121.4715
 1049.1250   235.5598     2.5955   116.8400
 1049.2500   233.8571     2.5913   113.9638
 1049.3750   234.4880     2.5601   112.8757
 1049.5000   238.2519     2.4697   112.6640
 1049.6250   251.7670     2.2893   110.7252
 1049.7500   279.4714     2.0561   105.6424
 1049.8750   318.8930     1.8118    98.1320
 1050.0000   359.5833     1.6217    91.8010
 1050.1250   394.5685     1.5196    90.4570
 1050.2500   411.6020     1.5255    95.9288
 1050.3750   398.5581     1.6418   106.7470
 1050.5000   366.3220     1.8399   121.1583
 1050.6250   329.7403     2.0728   137.8596
 1050.7500   295.6942     2.2798   152.8619
 1050.8750   273.1587     2.4196   162.3998
 1051.0000   270.8835     2.4800   164.6220
 1051.1250   277.8858     2.5053   164.4357
 1051.2500   286.5464     2.5168   164.7575
 1051.3750   289.2719     2.5312   164.2700
 1051.5000   284.1407     2.5465   159.7673
 1051.6250   279.0422     2.5608   150.3801
 1051.7500   278.1192     2.5903   138.9175
 1051.8750   279.9668     2.6177   129.1782
 1052.0000   290.0018     2.6028   125.5301
 1052.1250   304.6721     2.5373   130.2351
 1052.2500   311.9952     2.4534   140.5125
 1052.3750   308.1004     2.3965   149.3563
 1052.5000   299.5409     2.3839   151.5734
 1052.6250   289.5592     2.4144   148.6918
 1052.7500   279.8937     2.4644   145.0474
 1052.8750   270.9119     2.5044   142.9069
 1053.0000   263.2622     2.5291   140.2883
 1053.1250   258.4814     2.5400   132.9615
 1053.2500   254.3712     2.5371   121.6794
 1053.3750   251.4356     2.5277   112.1942
 1053.5000   256.6276     2.5230   113.3622
 1053.6250   268.8678     2.5294   126.0935
 1053.7500   278.7556     2.5523   144.1437
 1053.8750   283.4413     2.5769   157.3177
 1054.0000   288.2519     2.5723   162.7056
 1054.1250   295.8048     2.5030   163.1069
 1054.2500   301.9871     2.4300   163.0645
 1054.3750   303.8478     2.4073   162.1255
 1054.5000   301.4317     2.4225   158.2441
 1054.6250   294.3450     2.4405   152.2199
 1054.7500   281.6747     2.4484   146.9604
 1054.8750   270.7722     2.4625   145.5831
 1055.0000   267.5301     2.5012   148.2227
 1055.1250   269.0314     2.5376   152.6341
 1055.2500   268.2501     2.5591   154.8280
 1055.3750   264.3911     2.5744   153.1734
 1055.5000   259.3775     2.5888   148.1596
 1055.6250   254.3071     2.5987   142.6577
 1055.7500   250.6780     2.5959   138.1991
 1055.8750   251.4536     2.5779   136.6542
 1056.0000   254.8770     2.5563   139.6143
 1056.1250   258.3073     2.5374   147.1276
 1056.2500   258.5377     2.5223   155.0426
 1056.3750   255.3365     2.5096   156.7803
 1056.5000   251.1050     2.5028   148.8424
 1056.6250   247.0133     2.5087   136.6185
 1056.7500   243.2611     2.5279   128.3491
 1056.8750   243.9254     2.5558   129.5687
 1057.0000   248.6239     2.5816   137.3373
 1057.1250   251.9556     2.5992   145.8461
 1057.2500   251.6080     2.6054   150.6042
 1057.3750   250.2975     2.6012   149.8054
 1057.5000   248.1651     2.5867   142.7282
 1057.6250   244.7915     2.5646   130.5922
 1057.7500   242.2065     2.5422   118.1087
 1057.8750   241.1914     2.5266   109.0871
 1058.0000   239.0464     2.5254   103.5801
 1058.1250   234.9897     2.5374    97.9036
 1058.2500   230.1346     2.5525    90.0367
 1058.3750   224.5457     2.5561    81.2300
 1058.5000   220.7266     2.5477    74.0699
 1058.6250   222.6770     2.5408    71.4879
 1058.7500   228.5242     2.5502    73.9764
 1058.8750   235.8747     2.5754    80.1574
 1059.0000   243.7859     2.6100    87.3928
 1059.1250   250.2714     2.6381    93.8078
 1059.2500   253.8550     2.6394   100.4632
 1059.3750   253.0538     2.6077   109.4482
 1059.5000   250.4025     2.5643   120.8513
 1059.6250   251.8752     2.5136   132.8428
 1059.7500   261.1099     2.4448   141.2440
 1059.8750   272.7934     2.3488   144.0065
 1060.0000   280.5365     2.2400   140.3552
 1060.1250   287.1406     2.1770   131.1886
 1060.2500   295.8084     2.1096   117.6849
 1060.3750   301.0423     1.9391   101.2510
 1060.5000   305.7473     1.7476    85.4279
 1060.6250   319.3377     1.5987    72.6151
 1060.7500   335.5404     1.4852    64.0026
 1060.8750   340.9160     1.3966    59.0135
 1061.0000   341.5040     1.3423    57.9045
 1061.1250   347.8163     1.3407    61.4444
 1061.2500   355.2190     1.3920    70.0110
 1061.3750   362.1770     1.4846    82.8249
 1061.5000   374.1320     1.5703    94.2936
 1061.6250   387.1931     1.5929    98.9502
 1061.7500   393.0544     1.5265    94.2144
 1061.8750   393.0084     1.4441    86.6594
 1062.0000   390.6277     1.4077    83.3268
 1062.1250   381.7881     1.4497    88.6045
 1062.2500   363.7076     1.5538    99.6698
 1062.3750   339.4236     1.7115   113.6259
 1062.5000   313.2631     1.9167   126.8937
 1062.6250   287.3118     2.1356   136.1712
 1062.7500   267.2377     2.3174   140.1035
 1062.8750   259.7137     2.4326   142.3116
 1063.0000   261.2626     2.4811   146.6132
 1063.1250   264.5237     2.5006   152.6811
 1063.2500   265.8966     2.5225   156.6606
 1063.3750   265.5819     2.5400   157.7988
 1063.5000   261.6885     2.5450   157.8592
 1063.6250   256.6287     2.5460   157.7462
 1063.7500   254.6904     2.5503   156.9491
 1063.8750   255.5940     2.5589   156.1712
 1064.0000   255.1030     2.5687   155.4299
 1064.1250   251.3393     2.5764   151.4517
 1064.2500   243.9485     2.5773   140.1153
 1064.3750   235.4322     2.5706   123.9662
 1064.5000   230.0574     2.5591   110.4835
 1064.6250   231.0736     2.5488   109.1243
 1064.7500   238.1149     2.5414   121.4140
 1064.8750   251.7945     2.5335   142.8624
 1065.0000   268.6254     2.5186   162.2958
 1065.1250   281.0319     2.4958   173.4164
 1065.2500   283.7031     2.4712   173.9032
 1065.3750   281.1036     2.4553   166.8450
 1065.5000   274.8330     2.4541   155.2579
 1065.6250   265.3861     2.4682   144.0221
 1065.7500   256.7825     2.4889   136.0485
 1065.8750   250.8419     2.5096   131.0375
 1066.0000   246.0730     2.5283   126.5337
 1066.1250   241.4443     2.5482   121.7030
 1066.2500   236.2826     2.5729   116.2328
 1066.3750   229.0754     2.6047   108.5175
 1066.5000   219.8272     2.6458    97.8171
 1066.6250   210.2006     2.6942    85.3487
 1066.7500   202.4614     2.7324    76.0601
 1066.8750   199.1835     2.7415    74.7562
 1067.0000   204.1104     2.7107    84.8447
 1067.1250   215.1977     2.6609   101.8274
 1067.2500   229.3241     2.6118   120.3462
 1067.3750   243.1768     2.5793   134.9027
 1067.5000   254.2582     2.5634   145.1140
 1067.6250   261.2111     2.5578   152.5248
 1067.7500   264.7822     2.5553   158.7615
 1067.8750   265.9664     2.5552   163.3225
 1068.0000   266.1128     2.5582   164.2226
 1068.1250   266.6996     2.5618   162.2513
 1068.2500   266.7831     2.5651   158.8043
 1068.3750   265.1964     2.5713   153.1031
 1068.5000   262.4132     2.5843   145.1895
 1068.6250   257.9707     2.6020   136.4306
 1068.7500   251.3291     2.6102   130.1737
 1068.8750   245.3704     2.6009   126.8812
 1069.0000   242.7661     2.5760   124.1051
 1069.1250   245.1453     2.5227   119.9642
 1069.2500   256.9483     2.4144   115.3811
 1069.3750   283.5078     2.2444   112.7271
 1069.5000   314.4939     2.0745   113.4873
 1069.6250   336.5964     1.9666   116.8604
 1069.7500   344.1018     1.9594   122.6723
 1069.8750   340.3977     2.0376   130.7743
 1070.0000   330.6994     2.1581   139.8983
 1070.1250   325.9916     2.2364   148.2321
 1070.2500   329.7391     2.2381   154.9015
 1070.3750   337.7147     2.1958   159.7288
 1070.5000   343.5915     2.1699   162.7649
 1070.6250   345.7289     2.1775   164.2642
 1070.7500   345.8921     2.1804   162.3869
 1070.8750   349.0071     2.0960   153.5612
 1071.0000   358.3065     1.9264   136.3416
 1071.1250   372.1352     1.7210   113.0721
 1071.2500   381.6797     1.5551    91.7093
 1071.3750   382.0154     1.4723    78.4333
 1071.5000   371.1018     1.5095    79.3122
 1071.6250   353.5714     1.6507    92.9454
 1071.7500   333.7444     1.8659   114.3990
 1071.8750   311.8908     2.0978   134.8818
 1072.0000   289.8813     2.2797   145.9638
 1072.1250   273.5178     2.3907   142.7309
 1072.2500   262.3581     2.4439   127.8945
 1072.3750   252.1523     2.4406   111.7575
 1072.5000   245.7588     2.4254   103.7199
 1072.6250   245.5429     2.4308   103.9920
 1072.7500   247.3638     2.4491   105.5202
 1072.8750   247.4146     2.4679   102.4446
 1073.0000   245.4327     2.4818    95.4462
 1073.1250   242.4861     2.4951    87.9853
 1073.2500   238.6478     2.5074    83.4007
 1073.3750   232.1193     2.5216    81.6754
 1073.5000   223.5594     2.5447    81.7525
 1073.6250   218.1371     2.5794    83.1324
 1073.7500   216.9557     2.6134    86.3632
 1073.8750   219.6243     2.6315    92.1631
 1074.0000   227.1479     2.6289    99.4418
 1074.1250   236.5992     2.6157   106.0051
 1074.2500   243.5213     2.6000   109.5623
 1074.3750   244.7086     2.5867   109.9561
 1074.5000   238.1661     2.5797   107.7766
 1074.6250   225.2805     2.5840   101.7201
 1074.7500   213.8633     2.5932    91.2112
 1074.8750   208.9935     2.5942    79.4300
 1075.0000   214.2551     2.5744    75.6485
 1075.1250   227.2454     2.5425    83.8287
 1075.2500   244.4302     2.5129   100.5621
 1075.3750   259.1045     2.4986   116.6509
 1075.5000   267.1174     2.4989   127.5013
 1075.6250   268.7552     2.5085   133.5325
 1075.7500   269.2469     2.5184   137.5890
 1075.8750   271.5603     2.5236   140.9622
 1076.0000   273.6862     2.5240   142.9885
 1076.1250   271.2184     2.5229   140.8861
 1076.2500   266.2204     2.5196   132.4908
 1076.3750   263.1491     2.5091   119.1088
 1076.5000   259.9910     2.4933   107.2890
 1076.6250   254.9372     2.4795    99.5801
 1076.7500   250.4450     2.4769    93.6213
 1076.8750   247.3915     2.4838    87.1403
 1077.0000   243.6294     2.4932    81.8299
 1077.1250   240.7414     2.4967    81.1170
 1077.2500   242.3301     2.4942    85.0213
 1077.3750   247.1349     2.4908    92.2302
 1077.5000   250.2862     2.4925   100.0037
 1077.6250   248.9887     2.5032   105.4165
 1077.7500   240.9559     2.5276   106.1593
 1077.8750   231.7527     2.5598   104.4768
 1078.0000   227.3705     2.5878   104.1147
 1078.1250   228.6074     2.5971   108.6472
 1078.2500   234.0725     2.5919   116.3620
 1078.3750   243.8612     2.5825   124.0375
 1078.5000   252.8900     2.5767   128.8686
 1078.6250   257.5014     2.5739   131.7390
 1078.7500   258.8566     2.5730   134.5154
 1078.8750   260.3158     2.5726   137.5206
 1079.0000   263.6879     2.5711   139.4800
 1079.1250   268.1724     2.5678   139.5482
 1079.2500   271.0334     2.5672   138.5472
 1079.3750   272.2942     2.5723   137.4098
 1079.5000   272.1268     2.5799   136.4737
 1079.6250   269.4980     2.5818   135.1602
 1079.7500   264.9972     2.5766   133.4021
 1079.8750   261.5437     2.5701   132.7718
 1080.0000   260.4559     2.5668   134.5013
 1080.1250   260.8452     2.5676   137.8800
 1080.2500   261.6191     2.5720   140.3299
 1080.3750   263.6477     2.5805   140.8358
 1080.5000   267.4375     2.5906   139.7061
 1080.6250   272.1730     2.5963   138.2928
 1080.7500   278.6208     2.5945   138.8161
 1080.8750   286.7227     2.5844   143.4262
 1081.0000   292.8324     2.5703   149.9358
 1081.1250   295.7352     2.5565   155.2646
 1081.2500   296.4346     2.5480   158.4178
 1081.3750   296.3511     2.5465   160.4710
 1081.5000   296.5221     2.5501   161.2165
 1081.6250   298.5262     2.5521   159.9900
 1081.7500   302.5639     2.5468   157.8709
 1081.8750   304.4184     2.5337   155.6383
 1082.0000   298.8314     2.5215   152.9167
 1082.1250   289.8570     2.5169   149.0814
 1082.2500   281.9699     2.5227   144.7108
 1082.3750   274.6944     2.5333   141.6960
 1082.5000   271.2690     2.5437   141.5477
 1082.6250   274.3453     2.5520   144.5049
 1082.7500   276.9404     2.5539   146.9868
 1082.8750   277.9120     2.5345   145.7762
 1083.0000   286.0664     2.4541   140.7419
 1083.1250   301.1645     2.3169   135.3790
 1083.2500   312.5377     2.1727   131.4622
 1083.3750   313.5896     2.0916   128.0730
 1083.5000   308.5316     2.0920   123.2987
 1083.6250   294.9644     2.1667   115.8395
 1083.7500   274.8331     2.2653   105.8896
 1083.8750   260.5524     2.3400    94.7102
 1084.0000   258.8357     2.3667    84.2815
 1084.1250   261.0410     2.3674    76.8833
 1084.2500   262.2801     2.3654    74.1000
 1084.3750   262.6025     2.3787    79.4238
 1084.5000   262.6388     2.4081    93.6596
 1084.6250   261.0064     2.4476   114.0710
 1084.7500   256.7820     2.4995   131.5916
 1084.8750   252.1295     2.5476   139.3939
 1085.0000   247.5066     2.5749   137.6198
 1085.1250   241.4307     2.5782   133.3634
 1085.2500   235.1898     2.5683   131.0952
 1085.3750   230.9617     2.5558   130.5653
 1085.5000   228.3486     2.5490   129.0049
 1085.6250   227.3843     2.5500   126.2486
 1085.7500   230.4204     2.5553   125.9029
 1085.8750   236.7717     2.5580   131.5087
 1086.0000   243.6453     2.5567   142.4706
 1086.1250   248.9126     2.5552   153.7064
 1086.2500   253.2685     2.5524   161.1787
 1086.3750   259.8399     2.5402   164.7241
 1086.5000   272.6769     2.5110   166.4754
 1086.6250   282.8785     2.4713   167.3827
 1086.7500   281.5929     2.4405   166.5257
 1086.8750   276.6301     2.4402   163.4959
 1087.0000   272.9206     2.4557   160.8625
 1087.1250   271.6927     2.4318   163.8302
 1087.2500   279.7567     2.3601   173.0633
 1087.3750   295.2682     2.2748   183.6501
 1087.5000   313.5744     2.1845   187.2256
 1087.6250   332.4295     2.0871   181.2216
 1087.7500   340.3139     1.9888   168.5395
 1087.8750   331.2178     1.9265   154.9671
 1088.0000   317.6601     1.9351   144.4836
 1088.1250   299.0789     2.0358   138.1792
 1088.2500   273.6603     2.2006   134.8746
 1088.3750   259.6717     2.3430   134.8091
 1088.5000   268.3772     2.3737   139.9494
 1088.6250   281.7712     2.3140   149.6111
 1088.7500   287.6102     2.2601   158.9076
 1088.8750   283.3718     2.2974   159.4507
 1089.0000   268.6327     2.3987   150.8532
 1089.1250   249.5225     2.4996   140.4737
 1089.2500   241.0243     2.5343   139.8076
 1089.3750   249.1815     2.5114   150.1540
 1089.5000   271.3492     2.4497   166.0215
 1089.6250   292.6215     2.3726   178.9587
 1089.7500   301.1090     2.3247   185.9211
 1089.8750   296.6743     2.3365   187.3157
 1090.0000   285.2063     2.3715   184.8361
 1090.1250   270.9550     2.4030   179.1134
 1090.2500   259.8860     2.4578   171.3906
 1090.3750   255.5997     2.5168   163.8106
 1090.5000   255.1396     2.5474   156.9004
 1090.6250   254.8351     2.5417   151.7833
 1090.7500   255.8858     2.5235   151.0880
 1090.8750   258.7184     2.5131   156.0874
 1091.0000   260.4949     2.5270   162.6500
 1091.1250   259.5726     2.5596   164.2064
 1091.2500   255.7226     2.5988   159.1389
 1091.3750   249.6007     2.6271   151.1616
 1091.5000   245.0659     2.6336   144.0108
 1091.6250   247.5938     2.6019   141.1318
 1091.7500   259.7988     2.5343   145.7331
 1091.8750   280.2515     2.4472   157.6026
 1092.0000   305.9870     2.3449   173.3256
 1092.1250   329.5173     2.2242   186.5797
 1092.2500   345.2780     2.0978   195.9244
 1092.3750   351.2874     2.0083   203.8386
 1092.5000   348.0651     1.9884   210.9235
 1092.6250   333.4289     2.0538   213.3008
 1092.7500   312.1062     2.1941   206.7867
 1092.8750   291.3210     2.3612   193.5381
 1093.0000   273.1245     2.5076   177.7360
 1093.1250   261.5752     2.5944   164.4577
 1093.2500   258.4612     2.6185   157.5433
 1093.3750   260.5892     2.5982   159.6665
 1093.5000   263.4014     2.5759   165.6943
 1093.6250   264.1384     2.5520   169.3472
 1093.7500   260.1474     2.5415   169.6521
 1093.8750   256.1514     2.5418   171.0492
 1094.0000   259.9932     2.5261   175.3994
 1094.1250   274.1550     2.4694   180.5890
 1094.2500   286.7156     2.3886   185.0950
 1094.3750   292.0243     2.3137   189.2255
 1094.5000   293.6449     2.2851   191.8350
 1094.6250   289.7044     2.3158   191.9115
 1094.7500   278.4868     2.3927   189.3122
 1094.8750   269.3534     2.4690   184.4706
 1095.0000   264.1435     2.5222   178.3964
 1095.1250   256.5720     2.5535   172.4030
 1095.2500   247.1028     2.5755   167.1077
 1095.3750   240.3180     2.5872   161.3211
 1095.5000   237.4281     2.5898   153.7607
 1095.6250   236.0054     2.5927   146.1118
 1095.7500   236.1169     2.6006   139.7621
 1095.8750   237.6313     2.6104   135.5541
 1096.0000   239.4086     2.6152   134.2954
 1096.1250   241.0792     2.6102   136.9449
 1096.2500   242.7662     2.5991   141.9867
 1096.3750   244.6934     2.5884   146.0581
 1096.5000   245.6457     2.5811   146.6615
 1096.6250   244.1326     2.5763   144.5105
 1096.7500   242.3259     2.5741   142.7367
 1096.8750   243.3201     2.5755   144.5209
 1097.0000   245.3001     2.5767   148.5668
 1097.1250   246.7434     2.5730   152.6782
 1097.2500   249.6075     2.5648   155.7555
 1097.3750   253.0833     2.5619   158.0764
 1097.5000   252.8921     2.5714   158.7486
 1097.6250   248.8446     2.5870   156.1233
 1097.7500   246.4842     2.5885   151.6925
 1097.8750   249.3128     2.5580   148.7878
 1098.0000   256.4606     2.5050   150.1109
 1098.1250   266.2123     2.4538   155.4612
 1098.2500   275.7353     2.4246   163.0051
 1098.3750   279.5568     2.4203   169.7896
 1098.5000   275.4349     2.4316   173.4509
 1098.6250   266.8534     2.4357   172.3631
 1098.7500   262.9531     2.4133   169.3495
 1098.8750   269.6339     2.3684   167.6982
 1099.0000   282.7663     2.3298   169.7353
 1099.1250   291.2370     2.3190   172.4966
 1099.2500   291.2421     2.3449   171.4227
 1099.3750   283.6368     2.4038   164.8664
 1099.5000   269.6883     2.4761   156.5507
 1099.6250   255.7269     2.5335   152.2617
 1099.7500   250.1095     2.5492   154.7821
 1099.8750   253.4611     2.5288   161.4167
 1100.0000   263.2459     2.4884   168.3851
 1100.1250   272.0678     2.4458   172.9126
 1100.2500   275.1191     2.4136   173.3624
 1100.3750   273.5607     2.3937   167.4862
 1100.5000   273.1708     2.3585   158.2865
 1100.6250   280.1452     2.2770   151.7613
 1100.7500   298.6199     2.1430   153.2579
 1100.8750   319.2270     2.0283   159.2401
 1101.0000   329.5134     2.0087   164.1182
 1101.1250   324.3207     2.0518   165.3468
 1101.2500   305.0320     2.1650   165.2390
 1101.3750   277.5228     2.3246   167.0186
 1101.5000   259.4207     2.4373   172.6542
 1101.6250   265.3263     2.4308   181.0131
 1101.7500   292.7902     2.3005   186.6511
 1101.8750   312.6622     2.1687   184.7943
 1102.0000   314.9278     2.0961   175.4402
 1102.1250   305.9846     2.1327   162.7134
 1102.2500   285.1671     2.2022   151.6451
 1102.3750   257.0367     2.3046   146.3456
 1102.5000   245.4832     2.4173   150.6542
 1102.6250   252.5948     2.4526   163.1598
 1102.7500   268.2347     2.4048   179.2504
 1102.8750   286.9677     2.3382   193.0770
 1103.0000   303.6261     2.2873   202.7844
 1103.1250   315.1426     2.2510   207.9311
 1103.2500   326.3416     2.2070   209.7859
 1103.3750   332.9171     2.1613   208.9117
 1103.5000   326.8762     2.1479   205.2556
 1103.6250   314.0491     2.1799   198.8833
 1103.7500   297.6369     2.2500   190.2018
 1103.8750   281.1613     2.3187   181.7087
 1104.0000   275.3017     2.3307   174.6245
 1104.1250   288.9869     2.2373   167.8019
 1104.2500   314.8300     2.0863   159.6680
 1104.3750   337.4055     1.9828   151.3753
 1104.5000   346.7134     1.9664   146.9044
 1104.6250   345.4871     2.0167   149.6433
 1104.7500   339.2654     2.0792   158.6761
 1104.8750   333.9720     2.0862   169.1133
 1105.0000   334.8449     2.0517   175.1639
 1105.1250   344.5601     1.9761   174.5125
 1105.2500   360.2052     1.8452   166.3202
 1105.3750   375.2846     1.6774   150.9779
 1105.5000   385.8298     1.5145   128.8427
 1105.6250   385.8053     1.4281   107.1456
 1105.7500   371.7058     1.4512    95.0119
 1105.8750   343.5031     1.5974    97.5609
 1106.0000   308.8037     1.8381   110.2986
 1106.1250   279.4486     2.1120   126.3012
 1106.2500   268.3796     2.3176   141.9590
 1106.3750   273.2314     2.4047   157.1298
 1106.5000   285.3673     2.4145   171.2939
 1106.6250   295.7674     2.4061   181.4012
 1106.7500   298.3104     2.4073   186.4587
 1106.8750   291.6183     2.4268   187.1161
 1107.0000   280.1123     2.4710   185.2490
 1107.1250   269.6216     2.5234   183.3644
 1107.2500   261.6183     2.5534   181.8439
 1107.3750   256.4523     2.5501   178.8835
 1107.5000   259.7936     2.5379   173.4156
 1107.6250   276.4847     2.5102   167.5628
 1107.7500   292.3207     2.4607   165.8979
 1107.8750   298.5194     2.3996   169.0062
 1108.0000   299.0455     2.3434   173.7559
 1108.1250   292.6417     2.3022   176.7262
 1108.2500   276.7388     2.2791   177.3856
 1108.3750   263.1186     2.2788   174.8262
 1108.5000   258.3719     2.3034   168.6772
 1108.6250   258.1256     2.3552   159.7500
 1108.7500   258.2114     2.4203   152.6400
 1108.8750   258.8676     2.4650   151.6937
 1109.0000   263.8150     2.4382   156.7802
 1109.1250   280.9718     2.2873   161.2715
 1109.2500   310.7714     2.0454   158.6541
 1109.3750   346.4153     1.7935   143.9901
 1109.5000   382.2993     1.5653   119.7099
 1109.6250   417.0467     1.3755    90.3805
 1109.7500   442.1730     1.2556    62.5534
 1109.8750   454.6682     1.2002    41.2122
 1110.0000   459.9932     1.1912    28.4794
 1110.1250   463.8140     1.1990    24.9122
 1110.2500   464.6195     1.2126    28.3087
 1110.3750   459.5588     1.2400    38.1969
 1110.5000   450.5264     1.2874    53.0629
 1110.6250   440.1759     1.3476    69.4348
 1110.7500   421.6353     1.4157    84.5693
 1110.8750   391.6562     1.5053   101.4210
 1111.0000   364.0752     1.6338   124.2102
 1111.1250   348.2140     1.8110   151.1044
 1111.2500   334.0072     2.0004   172.6219
 1111.3750   323.8379     2.1462   184.0090
 1111.5000   322.9576     2.2145   188.2593
 1111.6250   316.2683     2.2532   191.6865
 1111.7500   299.5982     2.3001   193.1875
 1111.8750   284.5184     2.3625   184.2974
 1112.0000   273.7015     2.4172   161.2994
 1112.1250   265.9555     2.4468   128.6846
 1112.2500   262.3845     2.4568    99.6223
 1112.3750   260.5394     2.4576    81.0233
 1112.5000   255.5771     2.4572    72.5187
 1112.6250   244.6096     2.4679    67.7624
 1112.7500   228.6829     2.4934    63.6960
 1112.8750   213.5374     2.5310    59.5260
 1113.0000   204.5638     2.5688    56.2849
 1113.1250   202.7743     2.5935    55.1440
 1113.2500   209.9745     2.5905    57.1793
 1113.3750   226.3436     2.5649    64.9907
 1113.5000   246.3310     2.5309    82.9125
 1113.6250   259.5069     2.5080   109.8443
 1113.7500   265.3165     2.5040   135.8950
 1113.8750   266.2589     2.5183   150.7403
 1114.0000   262.6764     2.5393   153.8987
 1114.1250   256.4954     2.5563   151.8320
 1114.2500   252.9682     2.5608   149.1288
 1114.3750   252.8243     2.5531   146.2512
 1114.5000   252.2639     2.5381   142.6138
 1114.6250   250.0537     2.5282   138.5911
 1114.7500   248.3623     2.5332   135.1110
 1114.8750   246.5443     2.5523   133.6375
 1115.0000   244.7073     2.5732   136.6544
 1115.1250   245.2343     2.5847   143.7389
 1115.2500   247.9968     2.5837   152.0945
 1115.3750   250.5883     2.5725   158.4071
 1115.5000   254.1188     2.5554   163.0556
 1115.6250   262.1504     2.5385   167.4788
 1115.7500   270.8776     2.5286   171.7974
 1115.8750   275.0254     2.5275   174.7007
 1116.0000   276.7704     2.5305   174.6797
 1116.1250   277.5672     2.5277   170.4506
 1116.2500   273.0901     2.5155   160.4025
 1116.3750   267.0729     2.4978   145.4880
 1116.5000   265.9038     2.4795   130.5646
 1116.6250   266.7742     2.4647   119.4622
 1116.7500   264.1893     2.4574   112.9399
 1116.8750   257.6519     2.4624   109.2614
 1117.0000   247.5406     2.4832   107.2529
 1117.1250   237.0975     2.5088   105.1617
 1117.2500   232.7300     2.5253   102.5942
 1117.3750   240.9333     2.5197   101.0583
 1117.5000   256.1060     2.4981   101.6434
 1117.6250   270.7282     2.4772   103.7550
 1117.7500   278.1294     2.4754   105.6830
 1117.8750   276.0209     2.4944   106.5080
 1118.0000   268.1695     2.5174   106.5563
 1118.1250   263.9877     2.5136   106.4407
 1118.2500   266.6117     2.4830   107.0925
 1118.3750   275.3821     2.4427   109.2945
 1118.5000   282.8413     2.4095   111.7444
 1118.6250   282.1446     2.3890   111.4296
 1118.7500   275.0081     2.3843   106.0086
 1118.8750   268.2119     2.3909    98.4935
 1119.0000   263.9942     2.4017    93.7538
 1119.1250   264.9241     2.4104    94.8857
 1119.2500   269.2205     2.4111    98.2050
 1119.3750   272.7446     2.3980    99.0996
 1119.5000   272.8485     2.3654    95.0284
 1119.6250   270.5367     2.3220    89.2542
 1119.7500   268.3713     2.2850    85.2886
 1119.8750   268.7519     2.2790    84.3180
 1120.0000   270.0636     2.3049    84.6748
 1120.1250   271.4730     2.3461    85.1531
 1120.2500   273.5219     2.3739    85.6024
 1120.3750   276.2238     2.3811    85.9738
 1120.5000   278.9104     2.3758    85.9321
 1120.6250   279.2812     2.3696    85.5713
 1120.7500   277.3326     2.3661    85.2040
 1120.8750   274.9659     2.3668    84.7665
 1121.0000   272.0387     2.3682    84.1884
 1121.1250   270.4603     2.3681    83.4792
 1121.2500   272.9908     2.3704    83.2500
 1121.3750   276.2029     2.3780    84.4606
 1121.5000   278.3084     2.3887    87.4104
 1121.6250   279.3535     2.3998    90.8358
 1121.7500   277.7782     2.4113    92.9863
 1121.8750   273.7776     2.4218    93.3596
 1122.0000   269.5715     2.4284    92.7088
 1122.1250   265.8641     2.4306    90.9092
 1122.2500   265.1204     2.4261    87.3116
 1122.3750   266.8857     2.4155    83.3795
 1122.5000   268.9918     2.4028    81.6897
 1122.6250   271.8779     2.3974    83.3745
 1122.7500   275.1818     2.4033    86.8470
 1122.8750   275.9694     2.4180    91.5160
 1123.0000   275.0789     2.4317    96.2322
 1123.1250   276.6194     2.4374    99.1148
 1123.2500   280.4812     2.4332    98.3571
 1123.3750   281.9257     2.4254    95.3723
 1123.5000   280.7591     2.4215    92.8796
 1123.6250   279.0196     2.4248    91.2530
 1123.7500   275.7654     2.4320    89.3216
 1123.8750   270.2508     2.4411    86.6520
 1124.0000   264.7679     2.4545    84.3006
 1124.1250   260.0816     2.4723    83.9126
 1124.2500   255.8383     2.4891    85.6237
 1124.3750   252.4730     2.4972    87.8013
 1124.5000   249.7252     2.4978    88.6775
 1124.6250   248.3418     2.4966    88.7586
 1124.7500   249.2963     2.4964    90.4976
 1124.8750   249.6079     2.4962    94.1241
 1125.0000   246.5495     2.4968    97.6991
 1125.1250   244.4379     2.4985    99.1588
 1125.2500   246.4733     2.4991    98.6190
 1125.3750   248.6026     2.4932    96.3220
 1125.5000   250.3117     2.4790    92.3998
 1125.6250   258.1709     2.4608    87.5052
 1125.7500   271.4601     2.4493    83.7675
 1125.8750   282.0925     2.4479    82.1125
 1126.0000   292.0291     2.4495    81.2247
 1126.1250   303.8892     2.4426    78.7241
 1126.2500   311.1022     2.4285    75.5619
 1126.3750   310.1699     2.4109    74.4454
 1126.5000   306.7073     2.3773    76.6311
 1126.6250   308.0882     2.2929    80.0636
 1126.7500   318.7161     2.1195    80.9583
 1126.8750   333.7386     1.8863    75.7825
 1127.0000   349.5702     1.6408    64.0275
 1127.1250   364.0555     1.4368    48.2841
 1127.2500   369.5926     1.3017    34.5475
 1127.3750   362.7688     1.2384    25.6925
 1127.5000   350.6540     1.2263    21.7234
 1127.6250   339.9969     1.2285    20.5457
 1127.7500   331.6448     1.2333    21.5064
 1127.8750   326.7323     1.2431    23.7840
 1128.0000   324.8697     1.2571    26.0794
 1128.1250   326.2270     1.2685    27.1276
 1128.2500   331.2975     1.2703    26.6565
 1128.3750   338.1069     1.2660    25.4337
 1128.5000   344.2909     1.2644    24.3860
 1128.6250   353.0881     1.2642    23.7953
 1128.7500   359.7675     1.2641    23.3807
 1128.8750   352.4239     1.2674    22.6066
 1129.0000   338.4259     1.2711    21.2965
 1129.1250   326.7968     1.2678    19.8273
 1129.2500   316.2485     1.2592    19.6548
 1129.3750   310.8461     1.2579    21.8782
 1129.5000   318.9541     1.2731    26.6821
 1129.6250   336.6724     1.3004    32.8400
 1129.7500   350.5780     1.3263    39.3957
 1129.8750   345.7918     1.3396    45.9310
 1130.0000   324.4857     1.3393    51.3923
 1130.1250   304.2387     1.3319    55.3350
 1130.2500   298.3945     1.3309    58.4616
 1130.3750   306.1296     1.3497    62.3704
 1130.5000   332.7771     1.3911    67.1261
 1130.6250   374.6627     1.4377    70.7098
 1130.7500   398.6168     1.4561    71.5255
 1130.8750   387.3861     1.4259    68.5220
 1131.0000   363.3395     1.3653    62.0076
 1131.1250   344.7030     1.3272    54.8546
 1131.2500   326.1162     1.3675    51.2808
 1131.3750   311.3816     1.5056    56.3300
 1131.5000   308.5419     1.7109    70.7731
 1131.6250   307.0463     1.9154    90.5291
 1131.7500   296.6953     2.0159   107.3491
 1131.8750   285.7449     1.9823   117.6149
 1132.0000   281.5722     1.8913   122.5348
 1132.1250   278.7417     1.8428   126.6192
 1132.2500   274.4687     1.8611   130.9104
 1132.3750   269.5653     1.9395   134.0776
 1132.5000   266.4349     2.0381   134.3407
 1132.6250   265.1345     2.1040   131.2812
 1132.7500   262.8245     2.1176   127.1262
 1132.8750   258.5504     2.1267   123.8740
 1133.0000   253.1235     2.1621   121.8576
 1133.1250   248.8337     2.2264   120.3995
 1133.2500   247.8364     2.3121   120.0919
 1133.3750   249.3553     2.4096   121.4569
 1133.5000   250.8831     2.4927   123.6299
 1133.6250   252.0911     2.5404   125.5308
 1133.7500   250.4191     2.5483   125.9911
 1133.8750   245.0155     2.5482   125.4870
 1134.0000   239.7772     2.5684   124.9495
 1134.1250   237.2395     2.6048   124.8577
 1134.2500   236.1236     2.6292   125.1400
 1134.3750   237.9820     2.6292   125.8360
 1134.5000   241.0498     2.6128   126.8865
 1134.6250   241.8545     2.5859   127.0031
 1134.7500   244.8846     2.5451   124.3628
 1134.8750   253.6904     2.4976   120.3145
 1135.0000   259.7197     2.4593   117.4354
 1135.1250   257.3773     2.4502   116.8736
 1135.2500   254.4472     2.4716   117.5196
 1135.3750   249.0449     2.5161   118.8275
 1135.5000   236.9923     2.5684   121.4286
 1135.6250   227.9443     2.6148   126.4274
 1135.7500   228.8911     2.6460   133.5279
 1135.8750   235.4308     2.6559   140.8618
 1136.0000   241.3245     2.6484   146.9998
 1136.1250   244.5830     2.6302   150.6746
 1136.2500   247.4475     2.6124   151.5392
 1136.3750   248.1313     2.6045   149.1379
 1136.5000   242.5930     2.6200   142.8066
 1136.6250   236.7356     2.6552   133.5960
 1136.7500   235.3450     2.6866   121.4586
 1136.8750   236.3196     2.6751   106.4730
 1137.0000   238.5893     2.6211    91.6266
 1137.1250   243.5182     2.5500    80.7874
 1137.2500   248.2832     2.4971    77.1475
 1137.3750   250.1842     2.4724    78.6218
 1137.5000   249.6046     2.4745    81.7413
 1137.6250   246.9168     2.4924    83.6071
 1137.7500   242.0531     2.5183    84.8976
 1137.8750   236.7762     2.5472    89.0113
 1138.0000   232.5945     2.5706    99.0306
 1138.1250   229.3607     2.5833   113.7322
 1138.2500   228.6501     2.5866   128.0322
 1138.3750   230.9343     2.5903   136.4005
 1138.5000   234.5538     2.6037   137.6713
 1138.6250   238.5790     2.6288   135.7198
 1138.7500   244.2384     2.6483   135.6823
 1138.8750   251.8018     2.6376   139.6237
 1139.0000   260.6064     2.5852   146.5975
 1139.1250   268.3289     2.5145   153.8744
 1139.2500   271.2099     2.4575   158.7006
 1139.3750   270.6769     2.4345   159.1540
 1139.5000   272.6950     2.4293   157.2014
 1139.6250   276.9707     2.4053   156.5997
 1139.7500   276.6969     2.3681   157.9409
 1139.8750   272.5028     2.3611   159.5381
 1140.0000   266.9142     2.4220   160.5085
 1140.1250   258.9252     2.5165   161.6611
 1140.2500   251.4137     2.6000   162.7625
 1140.3750   251.0078     2.6244   162.4262
 1140.5000   259.2019     2.5801   160.2850
 1140.6250   277.4834     2.4785   157.6097
 1140.7500   296.2018     2.3631   156.5201
 1140.8750   311.7076     2.2812   156.9203
 1141.0000   324.3357     2.2649   157.1938
 1141.1250   326.0973     2.3011   155.6796
 1141.2500   313.3875     2.3682   152.3740
 1141.3750   301.2305     2.4501   147.8576
 1141.5000   296.1875     2.5332   141.6901
 1141.6250   290.6686     2.6236   133.7371
 1141.7500   284.7803     2.7133   125.9651
 1141.8750   281.9418     2.7785   120.1267
 1142.0000   275.8886     2.7752   117.0735
 1142.1250   267.2725     2.7120   116.0634
 1142.2500   263.7864     2.6530   115.1800
 1142.3750   262.4888     2.6316   112.3502
 1142.5000   255.5448     2.6253   105.9867
 1142.6250   246.5664     2.6315    97.2405
 1142.7500   240.0418     2.6577    89.6560
 1142.8750   235.7658     2.6906    86.4430
 1143.0000   233.6429     2.7135    87.3453
 1143.1250   234.6020     2.7097    89.4190
 1143.2500   233.6224     2.6870    89.8099
 1143.3750   226.8541     2.6602    88.8778
 1143.5000   220.0618     2.6459    89.3802
 1143.6250   217.9377     2.6451    92.7823
 1143.7500   218.8375     2.6467    98.9569
 1143.8750   225.0167     2.6333   107.1538
 1144.0000   239.8548     2.6000   116.1357
 1144.1250   259.1086     2.5547   124.2808
 1144.2500   273.0060     2.5208   129.6103
 1144.3750   277.9915     2.5133   130.3068
 1144.5000   271.7680     2.5374   124.4234
 1144.6250   256.6659     2.5742   114.6008
 1144.7500   238.6250     2.6071   106.1964
 1144.8750   229.3387     2.6245   106.2355
 1145.0000   232.9196     2.6198   114.4703
 1145.1250   243.1066     2.5823   127.6089
 1145.2500   249.0276     2.5180   140.6474
 1145.3750   253.5723     2.4513   150.8851
 1145.5000   262.7022     2.3941   156.3890
 1145.6250   271.8363     2.3461   155.4711
 1145.7500   277.6911     2.3187   148.2367
 1145.8750   282.0808     2.3256   137.2449
 1146.0000   283.1019     2.3513   128.3252
 1146.1250   277.9922     2.3772   123.3638
 1146.2500   275.8261     2.3655   120.3616
 1146.3750   280.7082     2.3082   116.9385
 1146.5000   283.7242     2.2429   113.9842
 1146.6250   281.5787     2.2346   113.6350
 1146.7500   277.8904     2.2899   114.4269
 1146.8750   265.2091     2.3615   113.8610
 1147.0000   248.3172     2.4300   111.4923
 1147.1250   241.4659     2.5104   109.5439
 1147.2500   242.0409     2.5885   110.2660
 1147.3750   239.3217     2.6392   112.6496
 1147.5000   236.9039     2.6608   114.1813
 1147.6250   236.1975     2.6632   113.2853
 1147.7500   234.2888     2.6598   111.5035
 1147.8750   233.7357     2.6523   110.3139
 1148.0000   237.2729     2.6416   109.6085
 1148.1250   238.2824     2.6336   107.9320
 1148.2500   231.9543     2.6343   103.7737
 1148.3750   221.8152     2.6423    96.4293
 1148.5000   211.7707     2.6476    88.0958
 1148.6250   205.8665     2.6408    82.6671
 1148.7500   209.7318     2.6217    82.7959
 1148.8750   217.8258     2.5977    86.8104
 1149.0000   224.7458     2.5777    91.6737
 1149.1250   232.3943     2.5696    95.6647
 1149.2500   236.4805     2.5775    98.9924
 1149.3750   234.2353     2.5977   101.5072
 1149.5000   235.8420     2.6157   103.5842
 1149.6250   241.4858     2.6228   105.7806
 1149.7500   243.3118     2.6197   108.2776
 1149.8750   242.4652     2.6133   110.6462
 1150.0000   241.6647     2.6072   112.2496
 1150.1250   241.2945     2.6067   112.5027
 1150.2500   240.8726     2.6046   111.9689
 1150.3750   242.7001     2.5713   111.8255
 1150.5000   251.4677     2.4748   113.2671
 1150.6250   264.8917     2.3331   116.4772
 1150.7500   275.0108     2.2084   120.5232
 1150.8750   279.5145     2.1559   123.9370
 1151.0000   282.6501     2.1848   126.2479
 1151.1250   284.3592     2.2730   127.5211
 1151.2500   279.9710     2.3625   128.9734
 1151.3750   274.1023     2.4193   130.2082
 1151.5000   274.1898     2.4479   129.0250
 1151.6250   270.3575     2.4774   125.5952
 1151.7500   256.2295     2.5171   121.1287
 1151.8750   243.9319     2.5630   116.2490
 1152.0000   236.4764     2.6091   110.8455
 1152.1250   228.9339     2.6457   105.4704
 1152.2500   226.0024     2.6552   101.7525
 1152.3750   233.5233     2.6229   100.0013
 1152.5000   250.1432     2.5521   100.5948
 1152.6250   267.0853     2.4781   104.4683
 1152.7500   280.8281     2.4236   111.6531
 1152.8750   289.3838     2.4011   119.6537
 1153.0000   290.2017     2.4012   126.0243
 1153.1250   285.4789     2.4146   129.3684
 1153.2500   279.8536     2.4361   128.5800
 1153.3750   270.4472     2.4704   123.8364
 1153.5000   257.7257     2.5240   115.7114
 1153.6250   246.1555     2.5854   106.1271
 1153.7500   234.1349     2.6361    96.9305
 1153.8750   223.8074     2.6667    90.1061
 1154.0000   220.4399     2.6799    87.3278
 1154.1250   224.3258     2.6750    89.0739
 1154.2500   232.6418     2.6468    94.6223
 1154.3750   237.3105     2.6072   100.8387
 1154.5000   235.7323     2.5740   105.1376
 1154.6250   234.7825     2.5647   106.1489
 1154.7500   236.6188     2.5715   105.6084
 1154.8750   238.5309     2.5755   105.4306
 1155.0000   242.8356     2.5621   106.0616
 1155.1250   251.5544     2.5342   106.3102
 1155.2500   261.0592     2.4975   104.9127
 1155.3750   267.5015     2.4580   101.0476
 1155.5000   271.7958     2.4214    94.5277
 1155.6250   275.3953     2.3969    84.7865
 1155.7500   278.5842     2.3852    73.4275
 1155.8750   280.0812     2.3830    62.8258
 1156.0000   278.7399     2.3865    55.9165
 1156.1250   277.4010     2.3919    53.2577
 1156.2500   277.7645     2.3953    54.2453
 1156.3750   278.4227     2.3933    56.3926
 1156.5000   279.1264     2.3888    57.7461
 1156.6250   280.1366     2.3872    57.4000
 1156.7500   280.3188     2.3912    55.9118
 1156.8750   279.4101     2.3991    54.4105
 1157.0000   277.4377     2.4106    55.5152
 1157.1250   274.6618     2.4301    63.2885
 1157.2500   271.3036     2.4627    80.1221
 1157.3750   266.0495     2.5100   104.0917
 1157.5000   259.9521     2.5599   126.2676
 1157.6250   256.3758     2.5990   140.6723
 1157.7500   255.4268     2.6191   146.3080
 1157.8750   253.6034     2.6283   147.8004
 1158.0000   251.6657     2.6325   147.8356
 1158.1250   254.8156     2.6276   147.3575
 1158.2500   262.5242     2.6069   146.9358
 1158.3750   272.0970     2.5736   147.8050
 1158.5000   284.0312     2.5478   150.5879
 1158.6250   293.0889     2.5384   153.6019
 1158.7500   288.4027     2.5426   153.6844
 1158.8750   274.3482     2.5595   150.0726
 1159.0000   257.9675     2.5874   144.9376
 1159.1250   243.2021     2.6145   141.0649
 1159.2500   234.9759     2.6357   139.1342
 1159.3750   235.4790     2.6476   138.8532
 1159.5000   239.1210     2.6498   140.2240
 1159.6250   241.5698     2.6493   142.5277
 1159.7500   241.5755     2.6478   144.0755
 1159.8750   239.2920     2.6473   143.7387
 1160.0000   236.0293     2.6507   142.3825
 1160.1250   235.2300     2.6564   141.5589
 1160.2500   238.2683     2.6510   142.0196
 1160.3750   241.8974     2.6305   142.7948
 1160.5000   243.0862     2.6096   141.7758
 1160.6250   243.4413     2.5856   137.8104
 1160.7500   248.1868     2.5345   132.8443
 1160.8750   260.8326     2.4452   131.0803
 1161.0000   277.2861     2.3704   132.7603
 1161.1250   296.1265     2.3778   134.7582
 1161.2500   309.3501     2.4559   133.8111
 1161.3750   306.1069     2.5478   131.2478
 1161.5000   288.6296     2.6164   129.1507
 1161.6250   268.6417     2.6473   127.0073
 1161.7500   249.0975     2.6381   123.6983
 1161.8750   235.1704     2.6252   118.9785
 1162.0000   229.7227     2.6369   114.3098
 1162.1250   227.9501     2.6512   110.4369
 1162.2500   226.6014     2.6495   108.3169
 1162.3750   226.2967     2.6456   107.4092
 1162.5000   227.1983     2.6439   106.5065
 1162.6250   228.5627     2.6428   105.2961
 1162.7500   231.6353     2.6338   105.4236
 1162.8750   237.5598     2.6147   109.7384
 1163.0000   243.7041     2.5946   118.9442
 1163.1250   247.5811     2.5787   128.7670
 1163.2500   247.1771     2.5673   132.4214
 1163.3750   241.9229     2.5601   125.6376
 1163.5000   233.7901     2.5578   110.8036
 1163.6250   225.3544     2.5622    95.4087
 1163.7500   219.4445     2.5695    86.2423
 1163.8750   218.5473     2.5754    84.4564
 1164.0000   222.7018     2.5781    87.6926
 1164.1250   229.6742     2.5793    93.5665
 1164.2500   239.7539     2.5803   103.3824
 1164.3750   250.2529     2.5814   118.3428
 1164.5000   257.3986     2.5824   136.0757
 1164.6250   260.6013     2.5845   151.8495
 1164.7500   260.8496     2.5884   160.7843
 1164.8750   257.4139     2.5940   162.8606
 1165.0000   251.0168     2.6004   160.0351
 1165.1250   245.1785     2.6053   154.2542
 1165.2500   240.6519     2.6063   145.4631
 1165.3750   237.5892     2.6015   135.2544
 1165.5000   237.9318     2.5953   128.8084
 1165.6250   242.5984     2.5927   129.0342
 1165.7500   248.0977     2.5983   134.6045
 1165.8750   252.1974     2.6103   141.1120
 1166.0000   254.7718     2.6241   145.2024
 1166.1250   253.8983     2.6365   144.9579
 1166.2500   250.9397     2.6472   141.7319
 1166.3750   251.0574     2.6532   138.6086
 1166.5000   255.4747     2.6416   137.8693
 1166.6250   264.0042     2.5997   139.1581
 1166.7500   273.4499     2.5342   140.5423
 1166.8750   273.6127     2.4853   138.3550
 1167.0000   261.5596     2.4777   131.0812
 1167.1250   242.7996     2.5140   120.0357
 1167.2500   223.1720     2.5606   110.7229
 1167.3750   212.5060     2.5684   108.3967
 1167.5000   228.8655     2.5269   114.6086
 1167.6250   263.2647     2.4842   123.7635
 1167.7500   291.4312     2.4501   129.3922
 1167.8750   305.7414     2.4778   129.9044
 1168.0000   310.4827     2.4890   129.2791
 1168.1250   298.0789     2.5086   129.9093
 1168.2500   280.4954     2.5800   129.8096
 1168.3750   274.0304     2.6327   126.8564
 1168.5000   270.7698     2.6313   121.2871
 1168.6250   264.0109     2.6136   115.8943
 1168.7500   262.5220     2.6060   114.3741
 1168.8750   261.6592     2.6208   121.4345
 1169.0000   257.0599     2.6427   134.3112
 1169.1250   256.2875     2.6568   146.9822
 1169.2500   258.0382     2.6586   153.7075
 1169.3750   255.5430     2.6540   154.6197
 1169.5000   251.7498     2.6489   152.1260
 1169.6250   251.2533     2.6470   149.5123
 1169.7500   253.1559     2.6476   148.9976
 1169.8750   254.0567     2.6466   150.5750
 1170.0000   251.9375     2.6396   149.4137
 1170.1250   247.2374     2.6256   141.7721
 1170.2500   240.5866     2.6095   127.2583
 1170.3750   233.9466     2.6012   111.5709
 1170.5000   229.7547     2.6068   100.2167
 1170.6250   228.7321     2.6210    97.6903
 1170.7500   230.2436     2.6320   103.2717
 1170.8750   234.0619     2.6344   113.9213
 1171.0000   238.2659     2.6360   124.0943
 1171.1250   241.4747     2.6447   131.3848
 1171.2500   242.4975     2.6586   135.9354
 1171.3750   242.0950     2.6525   138.8826
 1171.5000   246.5094     2.5961   139.2267
 1171.6250   260.1127     2.4830   134.9407
 1171.7500   269.9577     2.3736   128.7116
 1171.8750   268.5490     2.3116   123.9411
 1172.0000   264.9703     2.3259   121.5176
 1172.1250   260.0939     2.3996   118.9995
 1172.2500   245.6795     2.4966   115.0728
 1172.3750   231.8428     2.5746   110.8875
 1172.5000   229.9060     2.6271   107.4890
 1172.6250   231.0349     2.6590   105.0441
 1172.7500   228.7833     2.6706   105.0859
 1172.8750   233.7220     2.6590   108.7681
 1173.0000   248.5543     2.6241   115.4155
 1173.1250   260.3912     2.5813   122.7711
 1173.2500   266.8124     2.5461   129.3090
 1173.3750   272.4159     2.5307   133.2554
 1173.5000   273.6324     2.5267   133.6730
 1173.6250   266.5854     2.5246   130.5569
 1173.7500   258.7379     2.5267   126.0223
 1173.8750   253.0136     2.5429   120.8034
 1174.0000   243.1501     2.5717   113.7426
 1174.1250   230.8833     2.5977   104.4381
 1174.2500   222.6616     2.6156    94.5277
 1174.3750   217.8195     2.6216    86.3582
 1174.5000   213.6713     2.6197    81.7678
 1174.6250   211.2622     2.6154    81.0873
 1174.7500   211.8372     2.6142    84.2260
 1174.8750   215.9187     2.6166    89.4679
 1175.0000   221.8864     2.6204    95.5155
 1175.1250   226.6024     2.6243   100.9519
 1175.2500   231.3229     2.6285   105.2987
 1175.3750   235.8401     2.6324   108.0629
 1175.5000   234.9429     2.6331   108.6321
 1175.6250   231.8194     2.6283   107.1567
 1175.7500   234.8481     2.6153   105.1790
 1175.8750   244.6340     2.5950   105.8362
 1176.0000   256.5345     2.5734   110.1597
 1176.1250   268.2484     2.5597   116.8803
 1176.2500   278.1686     2.5565   122.8056
 1176.3750   282.3696     2.5609   126.0228
 1176.5000   274.9283     2.5722   126.6850
 1176.6250   262.0943     2.5912   126.6200
 1176.7500   251.3658     2.6147   125.6523
 1176.8750   245.9047     2.6304   123.2955
 1177.0000   246.0588     2.6326   121.2973
 1177.1250   251.3316     2.6240   122.5072
 1177.2500   257.9489     2.6157   126.8177
 1177.3750   263.8677     2.6142   130.9612
 1177.5000   268.1674     2.6180   132.9790
 1177.6250   271.3299     2.6205   134.2725
 1177.7500   272.6878     2.6207   136.0206
 1177.8750   270.5440     2.6238   137.4269
 1178.0000   270.6145     2.6213   137.4171
 1178.1250   277.4480     2.5921   136.7992
 1178.2500   285.0541     2.5332   137.3693
 1178.3750   289.6371     2.4705   139.6322
 1178.5000   292.4070     2.4472   142.7198
 1178.6250   288.5033     2.4875   144.5507
 1178.7500   273.8853     2.5259   143.5071
 1178.8750   253.3881     2.5561   136.8098
 1179.0000   236.9932     2.5925   122.7385
 1179.1250   227.0328     2.6052   103.1780
 1179.2500   222.0468     2.5891    83.5183
 1179.3750   220.6162     2.5634    70.6209
 1179.5000   223.0215     2.5414    66.6970
 1179.6250   227.4929     2.5306    70.0450
 1179.7500   231.3147     2.5240    75.0421
 1179.8750   234.2224     2.5170    78.9705
 1180.0000   235.8840     2.5112    82.6818
 1180.1250   239.1553     2.5094    89.1750
 1180.2500   249.0035     2.5110   100.8172
 1180.3750   262.0257     2.5129   117.3167
 1180.5000   270.2108     2.5152   134.7936
 1180.6250   271.7768     2.5206   147.5284
 1180.7500   267.6840     2.5311   151.7764
 1180.8750   256.8610     2.5466   148.8421
 1181.0000   244.1595     2.5667   143.0094
 1181.1250   237.0922     2.5847   137.8404
 1181.2500   233.9008     2.5930   132.8160
 1181.3750   229.7339     2.5871   125.5591
 1181.5000   226.2884     2.5755   116.3667
 1181.6250   224.7570     2.5670   107.7430
 1181.7500   223.0975     2.5671   102.2334
 1181.8750   223.7141     2.5717    99.0324
 1182.0000   229.7155     2.5763    97.8347
 1182.1250   236.2311     2.5794   100.3326
 1182.2500   240.4301     2.5828   107.8314
 1182.3750   244.5214     2.5863   118.7116
 1182.5000   248.3189     2.5887   127.5660
 1182.6250   250.2701     2.5914   132.4687
 1182.7500   251.8147     2.5971   134.7415
 1182.8750   252.8782     2.6032   136.7356
 1183.0000   251.6617     2.6036   138.2520
 1183.1250   250.8659     2.5900   137.4044
 1183.2500   254.9405     2.5627   134.8815
 1183.3750   261.7713     2.5264   133.1587
 1183.5000   264.4966     2.4886   133.2829
 1183.6250   262.5840     2.4627   132.6815
 1183.7500   258.1089     2.4713   127.9168
 1183.8750   250.6770     2.5161   120.4431
 1184.0000   243.2754     2.5722   115.0476
 1184.1250   244.6307     2.6100   115.5772
 1184.2500   251.9528     2.6237   120.0910
 1184.3750   256.9885     2.6218   124.8289
 1184.5000   257.1926     2.6142   127.0080
 1184.6250   255.0814     2.6095   127.5223
 1184.7500   251.2813     2.6117   127.5070
 1184.8750   247.8971     2.6147   127.5892
 1185.0000   247.1639     2.6080   127.4607
 1185.1250   250.8478     2.5897   127.4381
 1185.2500   255.5858     2.5703   128.0807
 1185.3750   256.3532     2.5578   128.3944
 1185.5000   253.9880     2.5556   126.9794
 1185.6250   251.4233     2.5661   123.6982
 1185.7500   248.2666     2.5822   119.7698
 1185.8750   248.1691     2.5679   118.1098
 1186.0000   254.5086     2.4912   119.6184
 1186.1250   262.8161     2.3710   123.3552
 1186.2500   269.1288     2.2913   127.2156
 1186.3750   275.3727     2.3149   129.3356
 1186.5000   275.0297     2.4250   128.3113
 1186.6250   261.7839     2.4919   122.4674
 1186.7500   246.9624     2.5146   112.7795
 1186.8750   235.7253     2.5749   102.8444
 1187.0000   222.9030     2.5936    97.3083
 1187.1250   214.1934     2.6010    97.6578
 1187.2500   217.3543     2.6290   103.1877
 1187.3750   224.2102     2.6399   110.3213
 1187.5000   228.7331     2.6334   116.6554
 1187.6250   230.7223     2.6274   120.8478
 1187.7500   232.0963     2.6368   123.9985
 1187.8750   232.4416     2.6561   127.6798
 1188.0000   232.1724     2.6671   133.3452
 1188.1250   233.8890     2.6658   140.3687
 1188.2500   236.9831     2.6567   146.5896
 1188.3750   237.3176     2.6451   147.5414
 1188.5000   235.1547     2.6318   141.3669
 1188.6250   232.3095     2.6166   130.3123
 1188.7500   228.4842     2.6031   120.7925
 1188.8750   224.8989     2.5950   115.0519
 1189.0000   224.6265     2.5945   111.2899
 1189.1250   225.8541     2.5983   107.2859
 1189.2500   226.4066     2.6023   104.5549
 1189.3750   227.4125     2.6042   106.7111
 1189.5000   229.5298     2.6070   114.6073
 1189.6250   232.3626     2.6150   127.5886
 1189.7500   236.0021     2.6293   140.7480
 1189.8750   238.9543     2.6438   148.8966
 1190.0000   239.8243     2.6517   150.4460
 1190.1250   240.0323     2.6531   149.0961
 1190.2500   240.5525     2.6541   147.9350
 1190.3750   241.8735     2.6583   147.5028
 1190.5000   244.0865     2.6637   147.1565
 1190.6250   245.7345     2.6664   147.4285
 1190.7500   245.2162     2.6639   147.7387
 1190.8750   243.6606     2.6584   147.1848
 1191.0000   241.5432     2.6531   145.8559
 1191.1250   239.1833     2.6519   143.9981
 1191.2500   237.0897     2.6528   141.4479
 1191.3750   233.5077     2.6514   137.4746
 1191.5000   227.1117     2.6449   130.8290
 1191.6250   221.2977     2.6326   121.5537
 1191.7500   218.7158     2.6140   112.7103
 1191.8750   216.5185     2.5944   108.9438
 1192.0000   215.3935     2.5802   110.0196
 1192.1250   219.7094     2.5769   111.7626
 1192.2500   225.0691     2.5820   111.5608
 1192.3750   227.0021     2.5940   111.8892
 1192.5000   229.5905     2.6119   116.3586
 1192.6250   235.2581     2.6292   123.6320
 1192.7500   241.1378     2.6379   131.3673
 1192.8750   245.8948     2.6330   137.9443
 1193.0000   248.2557     2.6209   142.4746
 1193.1250   245.6102     2.6095   142.8849
 1193.2500   241.7079     2.6027   138.1052
 1193.3750   239.2043     2.6003   131.8138
 1193.5000   236.6353     2.6039   130.1895
 1193.6250   236.6911     2.6146   133.7409
 1193.7500   241.6596     2.6314   138.4919
 1193.8750   246.9756     2.6521   140.5314
 1194.0000   249.3943     2.6691   140.7413
 1194.1250   250.4609     2.6741   141.4974
 1194.2500   251.4039     2.6693   144.1788
 1194.3750   251.2839     2.6677   148.1459
 1194.5000   248.7197     2.6746   151.5329
 1194.6250   244.9743     2.6824   152.4409
 1194.7500   244.9482     2.6776   152.0235
 1194.8750   250.4294     2.6518   151.5514
 1195.0000   253.0993     2.6188   149.2393
 1195.1250   247.7657     2.5816   142.3808
 1195.2500   237.6379     2.5463   131.5517
 1195.3750   227.8242     2.5427   122.9470
 1195.5000   219.3277     2.5703   120.2221
 1195.6250   216.9928     2.5993   123.1709
 1195.7500   222.3094     2.6169   127.4165
 1195.8750   230.5611     2.6276   129.3379
 1196.0000   234.0195     2.6456   126.6320
 1196.1250   231.1213     2.6731   120.4502
 1196.2500   227.5682     2.7019   114.6423
 1196.3750   229.5557     2.7132   114.1957
 1196.5000   234.2518     2.6978   119.2022
 1196.6250   239.7685     2.6634   127.3524
 1196.7500   246.9660     2.6351   134.4399
 1196.8750   251.7132     2.6235   138.6125
 1197.0000   249.7234     2.6256   140.3498
 1197.1250   245.7529     2.6298   140.8100
 1197.2500   242.5107     2.6328   140.1988
 1197.3750   239.7268     2.6354   138.7947
 1197.5000   238.4170     2.6381   137.7220
 1197.6250   239.4944     2.6399   138.1044
 1197.7500   241.1027     2.6384   139.3424
 1197.8750   242.1222     2.6337   140.4182
 1198.0000   242.6982     2.6277   141.5286
 1198.1250   241.8128     2.6237   142.1967
 1198.2500   239.3111     2.6209   141.4087
 1198.3750   237.8312     2.6146   140.1827
 1198.5000   239.1660     2.6048   141.3592
 1198.6250   241.4870     2.5968   145.1219
 1198.7500   243.5100     2.5971   148.2685
 1198.8750   246.0002     2.6057   148.3600
 1199.0000   246.1976     2.6196   146.3322
 1199.1250   240.8471     2.6316   144.2412
 1199.2500   234.8043     2.6340   141.8329
 1199.3750   233.7227     2.6221   138.1505
 1199.5000   237.9578     2.6016   134.7895
 1199.6250   245.2815     2.5841   134.6083
 1199.7500   254.9813     2.5793   139.2913
 1199.8750   264.3960     2.5859   146.1714
 1200.0000   269.0958     2.5953   152.0433
 1200.1250   267.2752     2.5973   155.1053
 1200.2500   264.8331     2.5901   156.4544
 1200.3750   264.4122     2.5751   156.7077
 1200.5000   265.2193     2.5561   155.8792
 1200.6250   266.7329     2.5418   154.4886
 1200.7500   268.6784     2.5413   152.8419
 1200.8750   269.2977     2.5589   151.3533
 1201.0000   268.3308     2.5857   150.4434
 1201.1250   267.4755     2.6087   151.0982
 1201.2500   271.1111     2.6124   153.7729
 1201.3750   279.5908     2.5933   157.2313
 1201.5000   288.5745     2.5583   159.9025
 1201.6250   298.3042     2.5191   161.1701
 1201.7500   307.6254     2.4789   160.3992
 1201.8750   302.5720     2.4437   155.5323
 1202.0000   283.8964     2.4267   145.1286
 1202.1250   262.6527     2.4371   129.5673
 1202.2500   242.7170     2.4685   112.8598
 1202.3750   225.8490     2.5017   100.5902
 1202.5000   220.3428     2.5248    95.8114
 1202.6250   225.5608     2.5354    95.7162
 1202.7500   231.7015     2.5370    95.5122
 1202.8750   234.0607     2.5319    93.6706
 1203.0000   234.0021     2.5250    92.3118
 1203.1250   233.2623     2.5194    93.0365
 1203.2500   232.3569     2.5160    95.7792
 1203.3750   232.3016     2.5140    99.4831
 1203.5000   234.0943     2.5118   102.9499
 1203.6250   237.0285     2.5058   102.9806
 1203.7500   239.5690     2.4952    98.0712
 1203.8750   241.6623     2.4827    89.9932
 1204.0000   242.2134     2.4728    83.4503
 1204.1250   240.4877     2.4674    80.0807
 1204.2500   238.1151     2.4660    78.6190
 1204.3750   236.4474     2.4663    77.7233
 1204.5000   235.5702     2.4639    78.5856
 1204.6250   237.2670     2.4545    84.3368
 1204.7500   241.6891     2.4406    94.5940
 1204.8750   247.0249     2.4256   106.2355
 1205.0000   251.5996     2.4115   114.6260
 1205.1250   254.7965     2.3996   117.6765
 1205.2500   257.1115     2.3912   114.8534
 1205.3750   258.0086     2.3881   107.6400
 1205.5000   255.5440     2.3931   100.3167
 1205.6250   250.7944     2.4110    97.0652
 1205.7500   246.1789     2.4419    97.9328
 1205.8750   239.6330     2.4782    98.6625
 1206.0000   230.6573     2.5103    96.3310
 1206.1250   223.9290     2.5330    93.3964
 1206.2500   221.1558     2.5470    93.5125
 1206.3750   221.7606     2.5526    97.3254
 1206.5000   225.1920     2.5484   100.8815
 1206.6250   230.6820     2.5332   102.4130
 1206.7500   235.2306     2.5141   103.0958
 1206.8750   236.4873     2.5036   104.7518
 1207.0000   234.6034     2.5078   107.2953
 1207.1250   231.7541     2.5222   110.0114
 1207.2500   229.7346     2.5363   113.3178
 1207.3750   228.6337     2.5442   116.5617
 1207.5000   227.9349     2.5478   118.1310
 1207.6250   228.1602     2.5515   118.2450
 1207.7500   228.9158     2.5573   118.0664
 1207.8750   228.6651     2.5637   118.2165
 1208.0000   228.0310     2.5689   118.2599
 1208.1250   227.9064     2.5715   118.1554
 1208.2500   227.3152     2.5700   118.3126
 1208.3750   226.3450     2.5644   118.0838
 1208.5000   226.5391     2.5561   116.8553
 1208.6250   228.3004     2.5478   115.3365
 1208.7500   231.0094     2.5421   114.4159
 1208.8750   233.1665     2.5412   114.5551
 1209.0000   234.7106     2.5446   115.6428
 1209.1250   236.6664     2.5515   117.3713
 1209.2500   238.3160     2.5606   119.4258
 1209.3750   238.9417     2.5709   121.7757
 1209.5000   240.1133     2.5799   124.8006
 1209.6250   242.2748     2.5852   128.7414
 1209.7500   243.7740     2.5868   133.2457
 1209.8750   244.0139     2.5853   136.4767
 1210.0000   244.5314     2.5825   137.3578
 1210.1250   245.2530     2.5807   137.2001
 1210.2500   243.7904     2.5828   138.6576
 1210.3750   239.8871     2.5848   141.0474
 1210.5000   236.1213     2.5782   141.1931
 1210.6250   234.5748     2.5566   136.4418
 1210.7500   234.6871     2.5237   128.3864
 1210.8750   236.7318     2.4886   121.9805
 1211.0000   240.7934     2.4638   121.9528
 1211.1250   245.1877     2.4560   128.6761
 1211.2500   248.3427     2.4664   139.9220
 1211.3750   250.4882     2.4801   151.4025
 1211.5000   252.0584     2.4822   159.1634
 1211.6250   253.3717     2.4617   156.3272
 1211.7500   254.0476     2.4287   141.6330
 1211.8750   253.3060     2.3975   119.6960
 1212.0000   251.5467     2.3798   100.1701
 1212.1250   249.2287     2.3745    86.8036
 1212.2500   245.5649     2.3779    78.2829
 1212.3750   239.9442     2.3883    71.4331
 1212.5000   232.9413     2.4094    65.8603
 1212.6250   225.8915     2.4450    63.6013
 1212.7500   220.7241     2.4856    65.4844
 1212.8750   218.3133     2.5152    70.6842
 1213.0000   218.8671     2.5200    77.0284
 1213.1250   221.4200     2.5100    81.8648
 1213.2500   224.9232     2.4973    84.3995
 1213.3750   228.5607     2.4888    87.0438
 1213.5000   233.4928     2.4832    92.2910
 1213.6250   239.1948     2.4784    99.8269
 1213.7500   242.7170     2.4768   106.5102
 1213.8750   244.3118     2.4850   112.0878
 1214.0000   245.1448     2.5070   119.8736
 1214.1250   243.5928     2.5326   130.3580
 1214.2500   239.5041     2.5487   138.9030
 1214.3750   235.6088     2.5500   139.9002
 1214.5000   233.2352     2.5467   134.5400
 1214.6250   231.1705     2.5457   127.1028
 1214.7500   230.0353     2.5485   122.8042
 1214.8750   231.6017     2.5512   121.8832
 1215.0000   234.9176     2.5490   122.0700
 1215.1250   238.1158     2.5361   121.3849
 1215.2500   242.6990     2.5117   120.2192
 1215.3750   248.9109     2.4782   119.3819
 1215.5000   254.6455     2.4420   117.8662
 1215.6250   260.4995     2.4083   114.2040
 1215.7500   266.6671     2.3818   109.0117
 1215.8750   270.0864     2.3650   104.2035
 1216.0000   270.8035     2.3551   101.0129
 1216.1250   270.5335     2.3423   100.4180
 1216.2500   268.5141     2.3240   100.5322
 1216.3750   262.5673     2.3121    99.2117
 1216.5000   251.6789     2.3298    94.7912
 1216.6250   237.9703     2.3782    88.2141
 1216.7500   224.4789     2.4452    81.5910
 1216.8750   214.9809     2.5075    76.9555
 1217.0000   211.4202     2.5405    74.3724
 1217.1250   215.2540     2.5220    73.7377
 1217.2500   224.8800     2.4711    75.2305
 1217.3750   236.6814     2.4200    79.2181
 1217.5000   247.2185     2.3882    85.0192
 1217.6250   254.9484     2.3690    90.2565
 1217.7500   258.7825     2.3552    93.2289
 1217.8750   258.3381     2.3474    93.4817
 1218.0000   255.8478     2.3472    92.3281
 1218.1250   252.1889     2.3551    90.7270
 1218.2500   249.0460     2.3711    89.0334
 1218.3750   248.1982     2.3916    86.8389
 1218.5000   249.6231     2.4081    83.9930
 1218.6250   251.2026     2.4116    81.8956
 1218.7500   251.8307     2.4056    81.9537
 1218.8750   251.5559     2.3991    85.3841
 1219.0000   251.0017     2.3967    90.7620
 1219.1250   250.2577     2.3947    95.0980
 1219.2500   249.8494     2.3885    94.1618
 1219.3750   250.0118     2.3812    88.1471
 1219.5000   249.4966     2.3778    79.8792
 1219.6250   246.4040     2.3817    73.4438
 1219.7500   241.3575     2.3921    69.8544
 1219.8750   235.2299     2.4113    68.3919
 1220.0000   227.8007     2.4414    67.2759
 1220.1250   219.5758     2.4769    65.4153
 1220.2500   212.0792     2.5057    62.8950
 1220.3750   206.8800     2.5182    61.0848
 1220.5000   205.5331     2.5156    61.6204
 1220.6250   209.2640     2.5042    66.8598
 1220.7500   216.0159     2.4915    76.2750
 1220.8750   224.0172     2.4807    87.2565
 1221.0000   230.4198     2.4727    95.7694
 1221.1250   233.1057     2.4679   101.0017
 1221.2500   233.2123     2.4684   104.9992
 1221.3750   233.3711     2.4742   110.6047
 1221.5000   233.1642     2.4820   116.1424
 1221.6250   231.8862     2.4893   117.6395
 1221.7500   230.4523     2.4953   113.7740
 1221.8750   229.1586     2.4964   108.6153
 1222.0000   228.2795     2.4854   107.5039
 1222.1250   228.2859     2.4630   110.8754
 1222.2500   228.7003     2.4409   115.9021
 1222.3750   229.4086     2.4376   119.5739
 1222.5000   230.7845     2.4573   120.4143
 1222.6250   231.8043     2.4921   119.6304
 1222.7500   232.2880     2.5271   121.0214
 1222.8750   234.3269     2.5535   125.2941
 1223.0000   238.1187     2.5705   130.0811
 1223.1250   241.7680     2.5812   133.0059
 1223.2500   244.9158     2.5895   135.4381
 1223.3750   247.3536     2.5973   138.1399
 1223.5000   248.4074     2.6016   138.9197
 1223.6250   248.2049     2.5996   137.3897
 1223.7500   246.9257     2.5920   136.6348
 1223.8750   245.5182     2.5851   138.9683
 1224.0000   245.1625     2.5821   142.7660
 1224.1250   244.8178     2.5830   144.5885
 1224.2500   243.0200     2.5841   143.7492
 1224.3750   241.2346     2.5812   141.8064
 1224.5000   241.1503     2.5738   140.9805
 1224.6250   241.7762     2.5680   142.3340
 1224.7500   243.3637     2.5699   144.9741
 1224.8750   246.6379     2.5787   146.5824
 1225.0000   249.2213     2.5871   146.2817
 1225.1250   248.9417     2.5885   144.8327
 1225.2500   247.8470     2.5849   143.4940
 1225.3750   247.6315     2.5817   142.1145
 1225.5000   248.3691     2.5836   141.2498
 1225.6250   249.2189     2.5896   142.3062
 1225.7500   249.5913     2.5981   145.1554
 1225.8750   247.3021     2.6079   147.1325
 1226.0000   240.8670     2.6172   145.0408
 1226.1250   232.8490     2.6221   137.9282
 1226.2500   228.2532     2.6201   129.8474
 1226.3750   227.1070     2.6142   126.1473
 1226.5000   230.0178     2.6082   129.2921
 1226.6250   236.4523     2.6036   135.7573
 1226.7500   241.8491     2.5991   141.0622
 1226.8750   243.7822     2.5949   143.2437
 1227.0000   244.9667     2.5937   143.6272
 1227.1250   246.1890     2.5956   143.6682
 1227.2500   246.9643     2.5973   144.0832
 1227.3750   247.9121     2.5978   143.9949
 1227.5000   249.6222     2.6000   143.2296
 1227.6250   250.9473     2.6051   143.3841
 1227.7500   250.6552     2.6092   145.1215
 1227.8750   249.8846     2.6086   147.2420
 1228.0000   249.0911     2.6046   146.9253
 1228.1250   246.3164     2.5981   142.9279
 1228.2500   241.5669     2.5863   134.5122
 1228.3750   236.8478     2.5703   123.9913
 1228.5000   232.3222     2.5571   115.4361
 1228.6250   229.1335     2.5534   112.1696
 1228.7500   228.5281     2.5561   112.3855
 1228.8750   229.1918     2.5590   113.8710
 1229.0000   228.9312     2.5578   115.2986
 1229.1250   227.4658     2.5544   115.5225
 1229.2500   225.7329     2.5502   113.2583
 1229.3750   225.0645     2.5451   108.9675
 1229.5000   225.2969     2.5397   105.6686
 1229.6250   226.0542     2.5376   105.8732
 1229.7500   228.3307     2.5428   109.4105
 1229.8750   232.1803     2.5547   114.1788
 1230.0000   235.3268     2.5679   118.1163
 1230.1250   236.9691     2.5759   120.4851
 1230.2500   238.7021     2.5781   122.0025
 1230.3750   238.1916     2.5764   122.7882
 1230.5000   233.7185     2.5745   122.5092
 1230.6250   229.3431     2.5750   121.6465
 1230.7500   228.4030     2.5801   121.4545
 1230.8750   229.5242     2.5877   121.8847
 1231.0000   232.9097     2.5939   122.2809
 1231.1250   236.4192     2.5960   122.4147
 1231.2500   237.3529     2.5960   123.6794
 1231.3750   235.8679     2.5943   126.7429
 1231.5000   233.7232     2.5898   129.6905
 1231.6250   232.9287     2.5832   131.0496
 1231.7500   234.8009     2.5793   130.6494
 1231.8750   237.0407     2.5812   130.4269
 1232.0000   238.2374     2.5855   131.1638
 1232.1250   237.9032     2.5866   131.8592
 1232.2500   236.2145     2.5856   131.2484
 1232.3750   233.9050     2.5870   129.0094
 1232.5000   232.0684     2.5921   126.2017
 1232.6250   231.1670     2.5963   124.0173
 1232.7500   231.0854     2.5951   122.1552
 1232.8750   230.9002     2.5890   119.5340
 1233.0000   230.1853     2.5819   116.9161
 1233.1250   229.0021     2.5767   116.4279
 1233.2500   227.7622     2.5728   118.5893
 1233.3750   227.2435     2.5699   122.0779
 1233.5000   227.7395     2.5711   124.9762
 1233.6250   228.3580     2.5764   126.4275
 1233.7500   229.5040     2.5818   126.6428
 1233.8750   232.4562     2.5819   126.8775
 1234.0000   234.8404     2.5785   128.7346
 1234.1250   234.4849     2.5756   132.1943
 1234.2500   233.3888     2.5745   134.3006
 1234.3750   232.5338     2.5720   133.1661
 1234.5000   230.4887     2.5658   130.0947
 1234.6250   228.6633     2.5585   127.3705
 1234.7500   228.8802     2.5532   125.0758
 1234.8750   230.0678     2.5506   123.1161
 1235.0000   230.8944     2.5488   122.1260
 1235.1250   231.5490     2.5485   122.1404
 1235.2500   231.2723     2.5525   121.6444
 1235.3750   230.3845     2.5607   119.7465
 1235.5000   230.5755     2.5719   117.8217
 1235.6250   231.6659     2.5849   118.0806
 1235.7500   232.0941     2.5979   120.5847
 1235.8750   232.3589     2.6078   124.2468
 1236.0000   232.7180     2.6124   127.3183
 1236.1250   232.3478     2.6127   129.5022
 1236.2500   232.0076     2.6087   130.9454
 1236.3750   233.1219     2.5983   130.6066
 1236.5000   235.0087     2.5810   127.9869
 1236.6250   235.4925     2.5619   123.7296
 1236.7500   234.1704     2.5503   119.9403
 1236.8750   232.8978     2.5481   118.2548
 1237.0000   234.7065     2.5428   118.9438
 1237.1250   241.2131     2.5157   119.3662
 1237.2500   252.7249     2.4617   117.0880
 1237.3750   265.7310     2.3994   112.9304
 1237.5000   276.4166     2.3493   110.0187
 1237.6250   282.8362     2.3207   109.0353
 1237.7500   284.6678     2.3100   107.6296
 1237.8750   283.2845     2.3096   104.6153
 1238.0000   280.5944     2.3138   101.3176
 1238.1250   277.4687     2.3189    99.4412
 1238.2500   273.6180     2.3252    99.0836
 1238.3750   269.4572     2.3340    99.8006
 1238.5000   265.6997     2.3439   100.4717
 1238.6250   262.5085     2.3530   100.5883
 1238.7500   260.3433     2.3622   100.6162
 1238.8750   259.1678     2.3740   101.6116
 1239.0000   258.0507     2.3861   103.5324
 1239.1250   255.3425     2.3921   104.4236
 1239.2500   253.7629     2.3917   103.4579
 1239.3750   258.0078     2.3908   101.1624
 1239.5000   258.7614     2.3976    98.8873
 1239.6250   251.4375     2.4157    97.0941
 1239.7500   246.5343     2.4441    95.5294
 1239.8750   243.5731     2.4700    94.1177
 1240.0000   234.8980     2.4822    92.7496
 1240.1250   228.3199     2.4799    91.5999
 1240.2500   229.0477     2.4773    91.0196
 1240.3750   230.9632     2.4806    91.4510
 1240.5000   231.6561     2.4838    92.9985
 1240.6250   233.2326     2.4785    95.3948
 1240.7500   236.7059     2.4636    98.3665
 1240.8750   239.1074     2.4500   100.8733
 1241.0000   236.8865     2.4470   102.2070
 1241.1250   234.3301     2.4575   101.9331
 1241.2500   238.7475     2.4727   100.6429
 1241.3750   245.9191     2.4839    99.3995
 1241.5000   250.0688     2.4848    99.6504
 1241.6250   254.1357     2.4780   102.6145
 1241.7500   256.1113     2.4723   108.6517
 1241.8750   250.3091     2.4785   115.2176
 1242.0000   242.2390     2.4937   118.9167
 1242.1250   237.4381     2.5096   117.7990
 1242.2500   233.2349     2.5196   113.0105
 1242.3750   227.0240     2.5259   107.1251
 1242.5000   220.4988     2.5317   101.4326
 1242.6250   216.1543     2.5370    96.9944
 1242.7500   214.1921     2.5406    95.2213
 1242.8750   215.6994     2.5391    97.2707
 1243.0000   220.4913     2.5279   101.1409
 1243.1250   226.4318     2.5090   103.7131
 1243.2500   229.9893     2.4924   103.4500
 1243.3750   230.3773     2.4876   102.0676
 1243.5000   229.0844     2.4966   100.5865
 1243.6250   228.3554     2.5076    99.1908
 1243.7500   228.7961     2.5062    98.1777
 1243.8750   230.2263     2.4930    98.3752
 1244.0000   231.5780     2.4826    99.9289
 1244.1250   232.0478     2.4816   101.6038
 1244.2500   231.2610     2.4888   102.4199
 1244.3750   229.6851     2.4992   102.4343
 1244.5000   227.8153     2.5101   102.1268
 1244.6250   226.3240     2.5199   101.7089
 1244.7500   225.4842     2.5276   101.4197
 1244.8750   225.0722     2.5337   101.5354
 1245.0000   225.3739     2.5397   102.2707
 1245.1250   226.0960     2.5443   103.3137
 1245.2500   226.1548     2.5444   103.8000
 1245.3750   225.0762     2.5393   102.7324
 1245.5000   223.4546     2.5333   100.1646
 1245.6250   221.2187     2.5322    97.1933
 1245.7500   218.9789     2.5392    96.1555
 1245.8750   218.2492     2.5525    98.5750
 1246.0000   220.4901     2.5668   103.9004
 1246.1250   223.6148     2.5747   109.4073
 1246.2500   225.7004     2.5725   113.7774
 1246.3750   227.7517     2.5630   116.5104
 1246.5000   229.7741     2.5572   118.2415
 1246.6250   229.8278     2.5625   119.1088
 1246.7500   228.6867     2.5772   119.0721
 1246.8750   228.4043     2.5907   119.0569
 1247.0000   229.0158     2.5977   119.7289
 1247.1250   229.2918     2.6042   121.1179
 1247.2500   228.4180     2.6158   122.8276
 1247.3750   226.8184     2.6279   123.6173
 1247.5000   225.9531     2.6298   122.5912
 1247.6250   226.1078     2.6226   120.1456
 1247.7500   226.4042     2.6171   117.4574
 1247.8750   227.1010     2.6182   116.1283
 1248.0000   229.0433     2.6207   116.8507
 1248.1250   230.6684     2.6185   119.1718
 1248.2500   230.7790     2.6150   121.8406
 1248.3750   230.8204     2.6138   124.0244
 1248.5000   231.8211     2.6116   125.1170
 1248.6250   233.3158     2.6072   125.2992
 1248.7500   235.3732     2.6054   125.0129
 1248.8750   237.5173     2.6083   125.1298
 1249.0000   238.7038     2.6121   125.7616
 1249.1250   238.0698     2.6138   125.7789
 1249.2500   236.6243     2.6151   124.7571
 1249.3750   236.0806     2.6175   123.5678
 1249.5000   236.6105     2.6198   123.6315
 1249.6250   237.6082     2.6210   124.9451
 1249.7500   239.0511     2.6225   126.4236
 1249.8750   239.3306     2.6260   126.7240
 1250.0000   237.7071     2.6301   126.2017
 1250.1250   235.5503     2.6327   125.3416
 1250.2500   234.2417     2.6331   124.6576
 1250.3750   233.7363     2.6315   124.7157
 1250.5000   233.7937     2.6273   125.3002
 1250.6250   233.2074     2.6211   125.5658
 1250.7500   231.5951     2.6141   125.3838
 1250.8750   229.5867     2.6068   125.7079
 1251.0000   228.2416     2.5972   127.0528
 1251.1250   228.6423     2.5818   128.2440
 1251.2500   230.4517     2.5564   127.9299
 1251.3750   232.0673     2.5235   127.2653
 1251.5000   233.7974     2.4896   126.5822
 1251.6250   235.4212     2.4680   124.8514
 1251.7500   235.9769     2.4692   121.9539
 1251.8750   236.1264     2.4984   119.2846
 1252.0000   235.6210     2.5430   118.6772
 1252.1250   233.7477     2.5849   119.4510
 1252.2500   232.0645     2.6104   120.1672
 1252.3750   230.8303     2.6222   121.1431
 1252.5000   229.3272     2.6282   122.5770
 1252.6250   229.7703     2.6300   123.2935
 1252.7500   232.1604     2.6260   122.1923
 1252.8750   233.1505     2.6180   119.5813
 1253.0000   231.4582     2.6097   117.0734
 1253.1250   230.5725     2.6013   115.2433
 1253.2500   231.5735     2.5916   114.5380
 1253.3750   231.8872     2.5831   115.5821
 1253.5000   232.0707     2.5788   118.4993
 1253.6250   234.7115     2.5799   123.0698
 1253.7500   237.2429     2.5843   127.4570
 1253.8750   236.9444     2.5874   130.3863
 1254.0000   235.8125     2.5838   131.1421
 1254.1250   234.3824     2.5748   129.6049
 1254.2500   230.5432     2.5681   126.0204
 1254.3750   226.3829     2.5710   121.1734
 1254.5000   224.8546     2.5788   117.2650
 1254.6250   224.9339     2.5844   115.0576
 1254.7500   225.4889     2.5843   113.2770
 1254.8750   227.0258     2.5815   111.6709
 1255.0000   229.1905     2.5804   111.3722
 1255.1250   230.4146     2.5854   113.7379
 1255.2500   230.8800     2.5960   118.2805
 1255.3750   231.9200     2.6060   122.7838
 1255.5000   232.6265     2.6084   124.3318
 1255.6250   231.3704     2.6039   122.4485
 1255.7500   229.0147     2.5992   119.3570
 1255.8750   226.9602     2.5995   118.2893
 1256.0000   224.7731     2.6048   119.2468
 1256.1250   223.6783     2.6102   119.9165
 1256.2500   224.8962     2.6102   119.2361
 1256.3750   226.9740     2.6029   118.2404
 1256.5000   227.8668     2.5941   118.5584
 1256.6250   227.0673     2.5901   119.9266
 1256.7500   224.6563     2.5920   120.0195
 1256.8750   222.5203     2.5957   117.4907
 1257.0000   221.5027     2.5978   114.5904
 1257.1250   222.2737     2.5970   114.8312
 1257.2500   226.2400     2.5939   117.9376
 1257.3750   232.0115     2.5908   121.7849
 1257.5000   235.3633     2.5933   124.8144
 1257.6250   236.7894     2.6029   127.9404
 1257.7500   237.9194     2.6169   131.1811
 1257.8750   237.5990     2.6279   132.8515
 1258.0000   236.2351     2.6329   132.5820
 1258.1250   236.8889     2.6302   131.3457
 1258.2500   238.9284     2.6196   130.3018
 1258.3750   238.8782     2.6061   129.3643
 1258.5000   236.8268     2.5952   128.0428
 1258.6250   234.1925     2.5888   127.0082
 1258.7500   230.2238     2.5866   126.5068
 1258.8750   226.8198     2.5857   125.8262
 1259.0000   227.2508     2.5766   123.5083
 1259.1250   231.0145     2.5541   119.0501
 1259.2500   235.0714     2.5275   113.4149
 1259.3750   237.6836     2.5105   108.4353
 1259.5000   238.7615     2.5061   105.3324
 1259.6250   238.6062     2.5076   104.0689
 1259.7500   237.5916     2.5082   103.6246
 1259.8750   236.8497     2.5040   103.4775
 1260.0000   237.3770     2.4942   103.0584
 1260.1250   237.5977     2.4834   102.4756
 1260.2500   236.0850     2.4791   102.6519
 1260.3750   234.4874     2.4841   103.5247
 1260.5000   233.3370     2.4951   104.1354
 1260.6250   231.1729     2.5069   102.9945
 1260.7500   227.7137     2.5159   100.5503
 1260.8750   223.1294     2.5223    98.1459
 1261.0000   217.2555     2.5321    97.0222
 1261.1250   211.2730     2.5486    96.7923
 1261.2500   207.9963     2.5651    96.8356
 1261.3750   209.5147     2.5711    96.7290
 1261.5000   214.0684     2.5656    96.5178
 1261.6250   219.7216     2.5513    95.9074
 1261.7500   225.1218     2.5299    95.2801
 1261.8750   228.8744     2.5043    95.1921
 1262.0000   230.4867     2.4822    95.7874
 1262.1250   230.6009     2.4687    96.7118
 1262.2500   229.5817     2.4623    97.7968
 1262.3750   228.7267     2.4606    98.9342
 1262.5000   228.0389     2.4632    99.5780
 1262.6250   227.1389     2.4705    99.2735
 1262.7500   227.6666     2.4819    99.6282
 1262.8750   229.9738     2.4995   103.0569
 1263.0000   232.8225     2.5281   111.5801
 1263.1250   234.4117     2.5662   123.1675
 1263.2500   234.0282     2.6031   132.7743
 1263.3750   231.8917     2.6254   135.8223
 1263.5000   228.8329     2.6320   133.5150
 1263.6250   225.9078     2.6302   129.5854
 1263.7500   225.1477     2.6284   128.1560
 1263.8750   226.1967     2.6304   129.6887
 1264.0000   228.2520     2.6353   132.4483
 1264.1250   230.5771     2.6395   133.0286
 1264.2500   231.2101     2.6413   130.6187
 1264.3750   229.0700     2.6412   126.6855
 1264.5000   226.5759     2.6398   123.5276
 1264.6250   225.6983     2.6365   122.0068
 1264.7500   225.9066     2.6326   122.0020
 1264.8750   226.8424     2.6302   122.6517
 1265.0000   228.8986     2.6288   123.6538
 1265.1250   230.3305     2.6272   124.4580
 1265.2500   229.6682     2.6251   124.7339
 1265.3750   228.5089     2.6207   124.6381
 1265.5000   228.5346     2.6119   124.6572
 1265.6250   229.1035     2.6017   125.4603
 1265.7500   230.0423     2.5953   126.7233
 1265.8750   230.7962     2.5961   127.1145
 1266.0000   230.7863     2.6004   126.4340
 1266.1250   230.9647     2.6047   125.1924
 1266.2500   232.3475     2.6088   124.4020
 1266.3750   234.4590     2.6115   124.6890
 1266.5000   236.6060     2.6094   125.9159
 1266.6250   237.4201     2.6042   127.2834
 1266.7500   236.1908     2.6006   127.9697
 1266.8750   233.5246     2.6036   126.7386
 1267.0000   230.2657     2.6109   124.3658
 1267.1250   227.3693     2.6186   122.3977
 1267.2500   227.0214     2.6227   122.2759
 1267.3750   228.5973     2.6226   123.2660
 1267.5000   230.3662     2.6214   124.1091
 1267.6250   231.7866     2.6243   124.9026
 1267.7500   232.8710     2.6311   126.5737
 1267.8750   233.1008     2.6374   128.5665
 1268.0000   232.1332     2.6375   128.9492
 1268.1250   230.2651     2.6285   126.7770
 1268.2500   228.8824     2.6102   122.5701
 1268.3750   228.6474     2.5932   118.2981
 1268.5000   229.2764     2.5875   115.5921
 1268.6250   231.6419     2.5969   116.1982
 1268.7500   234.7585     2.6106   119.0670
 1268.8750   236.4622     2.6188   122.2316
 1269.0000   236.3897     2.6174   124.2559
 1269.1250   235.4647     2.6101   124.8902
 1269.2500   233.9508     2.6010   124.5117
 1269.3750   233.3976     2.5950   124.0121
 1269.5000   234.4621     2.5936   124.0861
 1269.6250   235.7697     2.5963   125.2919
 1269.7500   236.2027     2.5983   126.5635
 1269.8750   235.8005     2.5957   126.8278
 1270.0000   234.2586     2.5857   125.7746
 1270.1250   232.2384     2.5710   123.4663
 1270.2500   230.5076     2.5559   120.4326
 1270.3750   229.0652     2.5465   117.6555
 1270.5000   228.1752     2.5462   116.2133
 1270.6250   228.1257     2.5539   116.6701
 1270.7500   227.9186     2.5601   117.0289
 1270.8750   227.4088     2.5565   115.0542
 1271.0000   227.4400     2.5414   110.7642
 1271.1250   228.5066     2.5246   107.8490
 1271.2500   229.8564     2.5170   108.7831
 1271.3750   229.0941     2.5270   112.6625
 1271.5000   225.3639     2.5504   114.8340
 1271.6250   219.7249     2.5771   112.1227
 1271.7500   213.0767     2.5891   103.5139
 1271.8750   208.0066     2.5803    93.1637
 1272.0000   207.5814     2.5573    85.1293
 1272.1250   212.2563     2.5361    82.2034
 1272.2500   219.2798     2.5241    83.3393
 1272.3750   226.2290     2.5199    87.8276
 1272.5000   230.4576     2.5197    95.0668
 1272.6250   232.0716     2.5227   103.2525
 1272.7500   232.0988     2.5305   109.9339
 1272.8750   231.8069     2.5455   114.6003
 1273.0000   232.9270     2.5677   119.3677
 1273.1250   235.8749     2.5927   125.9481
 1273.2500   238.0434     2.6111   132.2903
 1273.3750   238.2489     2.6170   135.6698
 1273.5000   236.2133     2.6106   136.1381
 1273.6250   232.5458     2.5991   136.3896
 1273.7500   229.4771     2.5889   137.3935
 1273.8750   229.6021     2.5866   137.6940
 1274.0000   231.7319     2.5924   136.4140
 1274.1250   234.0201     2.6014   134.8105
 1274.2500   235.2304     2.6072   134.2325
 1274.3750   234.0273     2.6082   133.2578
 1274.5000   229.9791     2.6043   129.4263
 1274.6250   226.0964     2.5959   122.8369
 1274.7500   224.0474     2.5838   116.4396
 1274.8750   223.7930     2.5732   114.4688
 1275.0000   224.4521     2.5693   116.7722
 1275.1250   225.4053     2.5723   120.4254
 1275.2500   225.8257     2.5776   120.5767
 1275.3750   223.5956     2.5808   116.0660
 1275.5000   217.7991     2.5804   108.3540
 1275.6250   213.6772     2.5771   101.9213
 1275.7500   213.9158     2.5718    99.9563
 1275.8750   216.0674     2.5647   103.4117
 1276.0000   219.8752     2.5564   108.7630
 1276.1250   225.7985     2.5478   112.5073
 1276.2500   229.2738     2.5398   113.4569
 1276.3750   228.3084     2.5350   113.5977
 1276.5000   226.1943     2.5360   114.1133
 1276.6250   225.8590     2.5465   116.1827
 1276.7500   226.9353     2.5629   119.4837
 1276.8750   229.1083     2.5760   122.8727
 1277.0000   231.7425     2.5728   123.6343
 1277.1250   233.5093     2.5540   120.2831
 1277.2500   233.7844     2.5282   113.8103
 1277.3750   233.4853     2.5082   107.7439
 1277.5000   233.4226     2.4992   104.7157
 1277.6250   233.3082     2.5026   105.0825
 1277.7500   232.8102     2.5148   106.8635
 1277.8750   232.2620     2.5310   110.4008
 1278.0000   231.2029     2.5479   117.5788
 1278.1250   229.2694     2.5654   126.9704
 1278.2500   227.5680     2.5839   134.8509
 1278.3750   227.4197     2.5973   136.4452
 1278.5000   227.8885     2.5996   131.8739
 1278.6250   228.0600     2.5895   122.9970
 1278.7500   228.3998     2.5732   113.1782
 1278.8750   229.0055     2.5572   105.1924
 1279.0000   228.9366     2.5455   101.7144
 1279.1250   228.9065     2.5423   104.0328
 1279.2500   230.1619     2.5486   111.0412
 1279.3750   232.0013     2.5618   119.6932
 1279.5000   232.9268     2.5749   126.0019
 1279.6250   232.7449     2.5843   128.8320
 1279.7500   230.3763     2.5882   127.5408
 1279.8750   225.5992     2.5859   122.0846
 1280.0000   220.1864     2.5756   112.6654
 1280.1250   217.2153     2.5574   102.2508
 1280.2500   217.4445     2.5373    95.0593
 1280.3750   220.8795     2.5206    92.9332
 1280.5000   226.0370     2.5100    93.4868
 1280.6250   230.7348     2.5038    94.8606
 1280.7500   233.1432     2.5025    98.3243
 1280.8750   232.9154     2.5098   105.8113
 1281.0000   231.1622     2.5273   115.8674
 1281.1250   230.2517     2.5521   124.2136
 1281.2500   230.6609     2.5773   128.8603
 1281.3750   231.3775     2.5981   131.1027
 1281.5000   231.7408     2.6088   132.8390
 1281.6250   231.4418     2.6090   133.8585
 1281.7500   229.9802     2.6022   133.7507
 1281.8750   227.7860     2.5941   133.1331
 1282.0000   226.4524     2.5866   131.5076
 1282.1250   226.7320     2.5786   127.1903
 1282.2500   227.0173     2.5675   119.5124
 1282.3750   226.2902     2.5520   110.0179
 1282.5000   223.9034     2.5345   101.0306
 1282.6250   219.5002     2.5221    93.8789
 1282.7500   214.8792     2.5177    89.3012
 1282.8750   213.6541     2.5166    87.8840
 1283.0000   216.1827     2.5114    88.3412
 1283.1250   221.1965     2.5031    89.7516
 1283.2500   226.4057     2.5000    91.2598
 1283.3750   229.9538     2.5058    92.3886
 1283.5000   230.8696     2.5190    94.0044
 1283.6250   229.8669     2.5357    97.1944
 1283.7500   229.0798     2.5538   102.0768
 1283.8750   230.0943     2.5725   108.0796
 1284.0000   232.2004     2.5921   115.1392
 1284.1250   234.0020     2.6110   123.2719
 1284.2500   234.3810     2.6230   130.7486
 1284.3750   233.3424     2.6250   135.5055
 1284.5000   231.2827     2.6181   137.0498
 1284.6250   229.0643     2.6031   135.0432
 1284.7500   227.4927     2.5809   129.3513
 1284.8750   227.1560     2.5551   120.4411
 1285.0000   228.8487     2.5315   111.7736
 1285.1250   232.0065     2.5112   106.8069
 1285.2500   234.9661     2.4930   108.3845
 1285.3750   236.7571     2.4798   116.6852
 1285.5000   237.8036     2.4792   128.4273
 1285.6250   238.0399     2.4980   137.3046
 1285.7500   237.1422     2.5288   139.0723
 1285.8750   235.0812     2.5588   135.4144
 1286.0000   232.5764     2.5726   129.6715
 1286.1250   229.9335     2.5715   123.4639
 1286.2500   226.8019     2.5644   117.6075
 1286.3750   224.4134     2.5603   114.6871
 1286.5000   223.8025     2.5601   115.9538
 1286.6250   224.3791     2.5618   120.4826
 1286.7500   225.3919     2.5633   125.2600
 1286.8750   226.6004     2.5621   127.7770
 1287.0000   227.3780     2.5559   125.9323
 1287.1250   227.9075     2.5451   119.8620
 1287.2500   228.2554     2.5315   111.4578
 1287.3750   227.5067     2.5169   102.9835
 1287.5000   225.8638     2.5045    95.4213
 1287.6250   224.2503     2.4989    89.1507
 1287.7500   223.9147     2.5013    85.4828
 1287.8750   224.4347     2.5049    84.4627
 1288.0000   224.5136     2.5050    85.1419
 1288.1250   223.2859     2.5020    85.3539
 1288.2500   221.1758     2.5000    84.2344
 1288.3750   218.7042     2.5021    82.3324
 1288.5000   216.9843     2.5087    80.6615
 1288.6250   217.8757     2.5164    80.4791
 1288.7500   221.8493     2.5219    83.8875
 1288.8750   225.8370     2.5246    90.5995
 1289.0000   229.7217     2.5256    98.0000
 1289.1250   234.4957     2.5219   102.8090
 1289.2500   237.5882     2.5136   105.0284
 1289.3750   238.3570     2.5076   105.8823
 1289.5000   238.2398     2.5138   106.4525
 1289.6250   236.1057     2.5294   107.0854
 1289.7500   231.9611     2.5466   108.6801
 1289.8750   228.6446     2.5580   112.7952
 1290.0000   227.1093     2.5623   118.8420
 1290.1250   227.2903     2.5573   124.5827
 1290.2500   228.5650     2.5431   126.6750
 1290.3750   230.3831     2.5240   124.8325
 1290.5000   231.8109     2.5074   121.5781
 1290.6250   231.3690     2.4989   120.8308
 1290.7500   230.0300     2.5018   124.3884
 1290.8750   230.1054     2.5188   131.0023
 1291.0000   231.2444     2.5425   136.9836
 1291.1250   232.9805     2.5650   140.0010
 1291.2500   234.6508     2.5815   139.7041
 1291.3750   234.7471     2.5943   137.6266
 1291.5000   232.3785     2.6044   134.2820
 1291.6250   228.1281     2.6102   129.8066
 1291.7500   223.7550     2.6080   124.2528
 1291.8750   221.9712     2.5907   118.2542
 1292.0000   223.5288     2.5601   113.3228
 1292.1250   226.6377     2.5272   110.2397
 1292.2500   228.7080     2.5068   109.2563
 1292.3750   229.4357     2.5017   108.9348
 1292.5000   229.3451     2.5067   107.8210
 1292.6250   228.7791     2.5107   104.8844
 1292.7500   228.9055     2.5059   101.0530
 1292.8750   230.4335     2.4923    97.9870
 1293.0000   233.0408     2.4803    96.9036
 1293.1250   235.8867     2.4758    96.8277
 1293.2500   237.4152     2.4775    96.4204
 1293.3750   237.3523     2.4809    95.7837
 1293.5000   236.6258     2.4871    96.7515
 1293.6250   235.0446     2.5005   101.2889
 1293.7500   232.8431     2.5181   107.6496
 1293.8750   230.7801     2.5342   112.5313
 1294.0000   228.9710     2.5451   113.7897
 1294.1250   227.3955     2.5541   114.1375
 1294.2500   226.0165     2.5634   115.9943
 1294.3750   224.5156     2.5713   118.4652
 1294.5000   222.7767     2.5727   118.4524
 1294.6250   220.6467     2.5639   113.3300
 1294.7500   218.1435     2.5518   104.4081
 1294.8750   216.3266     2.5443    95.8459
 1295.0000   216.8190     2.5430    91.0624
 1295.1250   219.5387     2.5409    89.7946
 1295.2500   223.7326     2.5339    90.2782
 1295.3750   228.6832     2.5215    91.9849
 1295.5000   232.7541     2.5093    94.9156
 1295.6250   234.4603     2.5040    98.7892
 1295.7500   232.9484     2.5133   103.6313
 1295.8750   230.1672     2.5337   109.5270
 1296.0000   227.7161     2.5569   116.0496
 1296.1250   225.6528     2.5766   121.7217
 1296.2500   224.8657     2.5932   125.9295
 1296.3750   226.7040     2.6063   129.2531
 1296.5000   229.6862     2.6120   132.1367
 1296.6250   232.1173     2.6103   133.5533
 1296.7500   232.7427     2.6041   131.1831
 1296.8750   230.8128     2.5983   125.0247
 1297.0000   227.2999     2.5920   117.7687
 1297.1250   223.8687     2.5818   113.2495
 1297.2500   221.7815     2.5698   112.1421
 1297.3750   222.2323     2.5598   113.6678
 1297.5000   224.1714     2.5572   115.4817
 1297.6250   225.1050     2.5601   115.4989
 1297.7500   224.8249     2.5632   113.0991
 1297.8750   222.4456     2.5637   109.0695
 1298.0000   217.3276     2.5651   104.8995
 1298.1250   212.9362     2.5665   101.6414
 1298.2500   212.4476     2.5591    99.7054
 1298.3750   214.9514     2.5411    99.2701
 1298.5000   219.8838     2.5227    99.3728
 1298.6250   225.4676     2.5152    98.4979
 1298.7500   229.1311     2.5198    97.4278
 1298.8750   228.9532     2.5324    99.6146
 1299.0000   226.8211     2.5480   105.9846
 1299.1250   225.5769     2.5644   114.4602
 1299.2500   226.8987     2.5779   121.2503
 1299.3750   229.2094     2.5874   125.0533
 1299.5000   231.0002     2.5930   125.5044
 1299.6250   231.4418     2.5953   123.3658
 1299.7500   229.7988     2.5944   119.8636
 1299.8750   225.5194     2.5900   115.4802
 1300.0000   220.6856     2.5802   110.3215
 1300.1250   216.9007     2.5644   104.9639
 1300.2500   214.3761     2.5497   100.9987
 1300.3750   213.5310     2.5475    99.1890
 1300.5000   214.9799     2.5599    99.6019
 1300.6250   217.3066     2.5784   102.4900
 1300.7500   219.2102     2.5912   107.0418
 1300.8750   221.1578     2.5914   112.2888
 1301.0000   223.3348     2.5791   116.8615
 1301.1250   225.1246     2.5632   120.5257
 1301.2500   226.7327     2.5548   123.8511
 1301.3750   228.4403     2.5591   127.2306
 1301.5000   229.3025     2.5717   129.8974
 1301.6250   228.7349     2.5835   130.2103
 1301.7500   228.2490     2.5900   128.5119
 1301.8750   228.6370     2.5930   126.9928
 1302.0000   229.2665     2.5950   127.7167
 1302.1250   229.8283     2.5961   129.7405
 1302.2500   230.2413     2.5954   131.1791
 1302.3750   229.1949     2.5930   130.5423
 1302.5000   226.8043     2.5917   128.3430
 1302.6250   224.6585     2.5932   125.5382
 1302.7500   223.9400     2.5958   123.5463
 1302.8750   224.9978     2.5981   123.0649
 1303.0000   228.0164     2.6039   123.7326
 1303.1250   231.9198     2.6159   125.3726
 1303.2500   234.9118     2.6299   128.0747
 1303.3750   234.1175     2.6370   130.3841
 1303.5000   230.8182     2.6333   129.4370
 1303.6250   227.6017     2.6191   124.4544
 1303.7500   223.8235     2.6015   118.1683
 1303.8750   219.0118     2.5906   113.5266
 1304.0000   216.2312     2.5908   110.7219
 1304.1250   216.2996     2.5979   109.2981
 1304.2500   216.4379     2.6072   109.4157
 1304.3750   217.1544     2.6181   112.1237
 1304.5000   220.6450     2.6272   117.1954
 1304.6250   225.4018     2.6289   123.1634
 1304.7500   228.9896     2.6232   128.1220
 1304.8750   231.5416     2.6196   131.2134
 1305.0000   233.3355     2.6227   132.6393
 1305.1250   233.4704     2.6286   132.1250
 1305.2500   231.5196     2.6322   129.7103
 1305.3750   227.7469     2.6315   125.9891
 1305.5000   224.2655     2.6251   122.2301
 1305.6250   222.6790     2.6151   119.1931
 1305.7500   222.1070     2.6072   117.5034
 1305.8750   221.1624     2.6075   116.7961
 1306.0000   220.7488     2.6137   116.2199
 1306.1250   221.2777     2.6195   115.8450
 1306.2500   221.4898     2.6194   117.3194
 1306.3750   222.1428     2.6122   120.5529
 1306.5000   224.7669     2.6018   122.9861
 1306.6250   227.8571     2.5976   123.0800
 1306.7500   229.9621     2.6039   122.0810
 1306.8750   230.3879     2.6169   122.6529
 1307.0000   229.6078     2.6262   125.5335
 1307.1250   228.7923     2.6270   129.6775
 1307.2500   228.1816     2.6198   132.9904
 1307.3750   227.7250     2.6089   134.5357
 1307.5000   228.6008     2.5990   134.4380
 1307.6250   229.2803     2.5949   132.6793
 1307.7500   228.1249     2.5958   129.1825
 1307.8750   226.3759     2.5987   124.3754
 1308.0000   223.5437     2.6021   119.5098
 1308.1250   218.6084     2.6066   115.7237
 1308.2500   215.4349     2.6107   113.8055
 1308.3750   216.3057     2.6118   113.6727
 1308.5000   219.5021     2.6095   115.2689
 1308.6250   223.9259     2.6082   118.5904
 1308.7500   228.8677     2.6126   122.8683
 1308.8750   231.7109     2.6225   126.4620
 1309.0000   230.3578     2.6302   127.3118
 1309.1250   227.1755     2.6285   125.2535
 1309.2500   225.5487     2.6175   121.6049
 1309.3750   225.6382     2.6067   118.9137
 1309.5000   226.1810     2.6010   118.2487
 1309.6250   226.9880     2.5989   119.3555
 1309.7500   227.1430     2.5979   119.9756
 1309.8750   225.8234     2.5999   119.2399
 1310.0000   224.4894     2.6071   117.6237
 1310.1250   224.5963     2.6149   116.2377
 1310.2500   225.5756     2.6188   115.9083
 1310.3750   226.1020     2.6185   116.4222
 1310.5000   226.0112     2.6170   117.3161
 1310.6250   225.7261     2.6162   118.8956
 1310.7500   225.9138     2.6169   121.9030
 1310.8750   226.6670     2.6198   126.5793
 1311.0000   228.0782     2.6238   131.4268
 1311.1250   229.9006     2.6276   134.0017
 1311.2500   231.3598     2.6314   133.2505
 1311.3750   231.1427     2.6355   128.7893
 1311.5000   229.6511     2.6381   122.9778
 1311.6250   227.8810     2.6364   117.8046
 1311.7500   226.0142     2.6307   114.9141
 1311.8750   224.1575     2.6257   114.6341
 1312.0000   223.9183     2.6242   116.0493
 1312.1250   225.4805     2.6237   117.1403
 1312.2500   226.8820     2.6216   117.0883
 1312.3750   227.6499     2.6200   116.4228
 1312.5000   226.5550     2.6239   116.3132
 1312.6250   221.2646     2.6326   115.8602
 1312.7500   214.2750     2.6389   113.6532
 1312.8750   211.1796     2.6371   111.7774
 1313.0000   211.5243     2.6311   113.0783
 1313.1250   214.0773     2.6290   118.2735
 1313.2500   219.1314     2.6312   123.2402
 1313.3750   224.0912     2.6330   124.9232
 1313.5000   225.6334     2.6302   123.5773
 1313.6250   225.4386     2.6224   120.9837
 1313.7500   225.5803     2.6089   117.8890
 1313.8750   226.6912     2.5937   115.2469
 1314.0000   227.7504     2.5845   114.0518
 1314.1250   227.5543     2.5863   114.3715
 1314.2500   226.3134     2.5941   114.0217
 1314.3750   223.7121     2.6023   111.8049
 1314.5000   220.1660     2.6063   108.5195
 1314.6250   218.5509     2.6047   106.1588
 1314.7500   220.2366     2.5991   106.3797
 1314.8750   223.7615     2.5950   110.0241
 1315.0000   226.4976     2.5936   115.0500
 1315.1250   227.5403     2.5914   119.1010
 1315.2500   227.1339     2.5854   121.0951
 1315.3750   225.1276     2.5784   122.4908
 1315.5000   223.0972     2.5721   124.0513
 1315.6250   224.1154     2.5670   124.7632
 1315.7500   226.8448     2.5650   123.8963
 1315.8750   228.1917     2.5678   122.2797
 1316.0000   228.3467     2.5719   121.3478
 1316.1250   228.1715     2.5744   120.7430
 1316.2500   227.4304     2.5743   119.9528
 1316.3750   226.8625     2.5702   119.3334
 1316.5000   227.7615     2.5588   118.3170
 1316.6250   229.3538     2.5430   115.3709
 1316.7500   229.4776     2.5346   111.1509
 1316.8750   228.4986     2.5420   108.3371
 1317.0000   228.0042     2.5590   108.3120
 1317.1250   226.6517     2.5730   109.1239
 1317.2500   223.9184     2.5758   108.6517
 1317.3750   222.2446     2.5702   107.0323
 1317.5000   220.2518     2.5650   104.9303
 1317.6250   215.5936     2.5698   102.3276
 1317.7500   212.6420     2.5823    99.6183
 1317.8750   213.5958     2.5949    97.5349
 1318.0000   215.6888     2.5983    96.6914
 1318.1250   219.3297     2.5897    96.7191
 1318.2500   226.1089     2.5688    97.0942
 1318.3750   232.4543     2.5422    97.0105
 1318.5000   235.6656     2.5203    95.9448
 1318.6250   236.5877     2.5114    95.2663
 1318.7500   236.3531     2.5164    98.7639
 1318.8750   234.4948     2.5316   107.3845
 1319.0000   231.5192     2.5539   118.4085
 1319.1250   230.2069     2.5720   126.2442
 1319.2500   230.8403     2.5740   127.8443
 1319.3750   231.8290     2.5559   122.6220
 1319.5000   232.7108     2.5331   114.4167
 1319.6250   233.1966     2.5178   106.4421
 1319.7500   233.3492     2.5150   101.2528
 1319.8750   234.5785     2.5177    98.4924
 1320.0000   236.5913     2.5165    97.4660
 1320.1250   238.3609     2.5068    97.7787
 1320.2500   240.2160     2.4941    99.4009
 1320.3750   240.9978     2.4884   102.7016
 1320.5000   239.3500     2.4950   107.7091
 1320.6250   237.0494     2.5117   114.6543
 1320.7500   235.9581     2.5348   122.4022
 1320.8750   234.7663     2.5550   127.1111
 1321.0000   233.0394     2.5624   125.0788
 1321.1250   231.6248     2.5516   115.5851
 1321.2500   230.1313     2.5329   104.1737
 1321.3750   228.5284     2.5177    95.0721
 1321.5000   227.7822     2.5122    90.5865
 1321.6250   227.7666     2.5144    90.7268
 1321.7500   228.4707     2.5224    95.4819
 1321.8750   229.9898     2.5331   103.3512
 1322.0000   232.3281     2.5446   112.0079
 1322.1250   236.3246     2.5581   119.8448
 1322.2500   240.6092     2.5736   126.3283
 1322.3750   242.6936     2.5872   131.0248
 1322.5000   242.2472     2.5935   133.8576
 1322.6250   240.4700     2.5949   135.9644
 1322.7500   237.0655     2.5945   137.8606
 1322.8750   233.7184     2.5945   139.2112
 1323.0000   232.2917     2.5964   139.6340
 1323.1250   232.3595     2.6010   138.7509
 1323.2500   233.5802     2.6052   136.7467
 1323.3750   235.9011     2.6079   134.4096
 1323.5000   237.7404     2.6133   132.9270
 1323.6250   238.4543     2.6231   132.9937
 1323.7500   240.4904     2.6319   133.6189
 1323.8750   245.6195     2.6320   134.3314
 1324.0000   251.6160     2.6244   136.7860
 1324.1250   258.0969     2.6134   141.1665
 1324.2500   265.3680     2.6033   145.4608
 1324.3750   269.2116     2.5973   147.7341
 1324.5000   266.3676     2.5996   148.1990
 1324.6250   259.3212     2.6117   147.8095
 1324.7500   252.3603     2.6280   146.6188
 1324.8750   247.7619     2.6397   145.4244
 1325.0000   246.9732     2.6435   146.3260
 1325.1250   249.2070     2.6437   148.7417
 1325.2500   252.9823     2.6447   149.8954
 1325.3750   256.1904     2.6448   148.3465
 1325.5000   257.0134     2.6416   145.7632
 1325.6250   254.9119     2.6373   144.8616
 1325.7500   252.9851     2.6357   145.9326
 1325.8750   253.4822     2.6350   147.7107
 1326.0000   256.2928     2.6319   148.5552
 1326.1250   259.5988     2.6275   148.2602
 1326.2500   262.8040     2.6248   147.4750
 1326.3750   264.8344     2.6242   147.1241
 1326.5000   264.1064     2.6233   147.2849
 1326.6250   261.0494     2.6230   146.9752
 1326.7500   257.7870     2.6273   145.7156
 1326.8750   254.7983     2.6369   144.3537
 1327.0000   252.6679     2.6481   143.4143
 1327.1250   251.7367     2.6555   142.0395
 1327.2500   251.3704     2.6567   140.1732
 1327.3750   251.2172     2.6499   138.7638
 1327.5000   251.1049     2.6382   138.5568
 1327.6250   250.6811     2.6266   138.9965
 1327.7500   250.3469     2.6215   139.6904
 1327.8750   250.4224     2.6227   141.1659
 1328.0000   249.8166     2.6273   142.6319
 1328.1250   248.0796     2.6311   142.3288
 1328.2500   246.3871     2.6312   140.6738
 1328.3750   245.0332     2.6280   139.6768
 1328.5000   244.0531     2.6259   140.7206
 1328.6250   244.2326     2.6279   143.0017
 1328.7500   245.3760     2.6325   144.8421
 1328.8750   245.9635     2.6362   145.1798
 1329.0000   246.0381     2.6383   144.0797
 1329.1250   245.7439     2.6394   142.7984
 1329.2500   244.5008     2.6378   141.3548
 1329.3750   243.0810     2.6341   138.6036
 1329.5000   242.6971     2.6313   134.1436
 1329.6250   242.0510     2.6318   130.3109
 1329.7500   240.7635     2.6356   130.5109
 1329.8750   240.1880     2.6388   134.5212
 1330.0000   239.7621     2.6375   139.1506
 1330.1250   238.8242     2.6314   141.5343
 1330.2500   238.4717     2.6254   141.1462
 1330.3750   238.7340     2.6233   139.0307
 1330.5000   240.1296     2.6242   136.4048
 1330.6250   243.3093     2.6246   134.2801
 1330.7500   246.8430     2.6249   133.3737
 1330.8750   247.6747     2.6288   133.5083
 1331.0000   245.1780     2.6377   133.8544
 1331.1250   240.0165     2.6488   134.2467
 1331.2500   234.3656     2.6575   135.2364
 1331.3750   230.3901     2.6615   136.8736
 1331.5000   229.5492     2.6598   138.3260
 1331.6250   231.2565     2.6565   138.4083
 1331.7500   233.7148     2.6560   137.1877
 1331.8750   234.8875     2.6603   136.4699
 1332.0000   234.9217     2.6645   138.0081
 1332.1250   235.4845     2.6634   141.6884
 1332.2500   237.2040     2.6568   145.2905
 1332.3750   238.1339     2.6494   146.6645
 1332.5000   238.1376     2.6436   145.7138
 1332.6250   238.1333     2.6409   143.8327
 1332.7500   237.1766     2.6420   141.8375
 1332.8750   235.0779     2.6456   139.5114
 1333.0000   233.0820     2.6490   136.8153
 1333.1250   231.7627     2.6524   133.9094
 1333.2500   231.9634     2.6578   131.6763
 1333.3750   232.7675     2.6629   131.6830
 1333.5000   232.6313     2.6636   133.7753
 1333.6250   230.8619     2.6574   135.5158
 1333.7500   227.5254     2.6480   134.8291
 1333.8750   223.9122     2.6378   132.2099
 1334.0000   222.6486     2.6272   129.8587
 1334.1250   224.6089     2.6175   128.7033
 1334.2500   230.0685     2.6122   128.6807
 1334.3750   236.2194     2.6144   129.7536
 1334.5000   239.8564     2.6217   132.0267
 1334.6250   241.6801     2.6307   135.3229
 1334.7500   244.0772     2.6390   138.2237
 1334.8750   246.2012     2.6457   139.6625
 1335.0000   246.2031     2.6492   138.9841
 1335.1250   244.3375     2.6492   137.6092
 1335.2500   241.0425     2.6477   136.5135
 1335.3750   236.2951     2.6473   135.4377
 1335.5000   231.9635     2.6476   134.2013
 1335.6250   230.1794     2.6473   132.9218
 1335.7500   230.8930     2.6455   132.9509
 1335.8750   232.7030     2.6421   135.2293
 1336.0000   233.5786     2.6379   138.5609
 1336.1250   231.0606     2.6337   139.7239
 1336.2500   225.6729     2.6303   136.3017
 1336.3750   219.5494     2.6283   128.5454
 1336.5000   215.3808     2.6283   122.0039
 1336.6250   214.6969     2.6311   120.1575
 1336.7500   217.8563     2.6392   123.9771
 1336.8750   223.7872     2.6503   129.7680
 1337.0000   230.7729     2.6595   134.0690
 1337.1250   234.9860     2.6620   135.3312
 1337.2500   236.7719     2.6609   135.2646
 1337.3750   238.3961     2.6606   136.0566
 1337.5000   239.5493     2.6608   138.8035
 1337.6250   239.1969     2.6579   141.3023
 1337.7500   237.5731     2.6520   141.5102
 1337.8750   235.9996     2.6486   139.8254
 1338.0000   235.2439     2.6500   137.2221
 1338.1250   234.6564     2.6532   134.8064
 1338.2500   233.5894     2.6527   132.3970
 1338.3750   233.4186     2.6469   129.5860
 1338.5000   234.9093     2.6398   127.4857
 1338.6250   235.4268     2.6361   127.6099
 1338.7500   234.4907     2.6371   130.8230
 1338.8750   234.3976     2.6397   135.3468
 1339.0000   234.4396     2.6418   138.1903
 1339.1250   233.1364     2.6461   138.6079
 1339.2500   232.1921     2.6547   137.5491
 1339.3750   232.3004     2.6637   136.2639
 1339.5000   232.7566     2.6673   135.8078
 1339.6250   233.9932     2.6658   137.1605
 1339.7500   235.8039     2.6640   140.4530
 1339.8750   237.5806     2.6635   144.0366
 1340.0000   238.4242     2.6627   145.0148
 1340.1250   235.7546     2.6613   141.4665
 1340.2500   230.0638     2.6603   133.5169
 1340.3750   225.8013     2.6576   125.0312
 1340.5000   223.7385     2.6504   120.3194
 1340.6250   224.5673     2.6407   121.6488
 1340.7500   229.9720     2.6337   126.2525
 1340.8750   237.2777     2.6320   131.2117
 1341.0000   241.3100     2.6325   135.2017
 1341.1250   241.9274     2.6312   138.2345
 1341.2500   239.7286     2.6286   140.5241
 1341.3750   236.6656     2.6274   141.5885
 1341.5000   235.4689     2.6276   141.1439
 1341.6250   237.2089     2.6279   139.8877
 1341.7500   240.1775     2.6275   138.8900
 1341.8750   243.5921     2.6278   138.6639
 1342.0000   245.6886     2.6294   138.9130
 1342.1250   245.5789     2.6310   139.8274
 1342.2500   244.2899     2.6308   142.0624
 1342.3750   243.6154     2.6294   144.7345
 1342.5000   244.3960     2.6298   146.3086
 1342.6250   246.6864     2.6337   146.0505
 1342.7500   248.9130     2.6382   144.5780
 1342.8750   249.8877     2.6399   143.0160
 1343.0000   248.3089     2.6370   142.8422
 1343.1250   244.9331     2.6347   143.8056
 1343.2500   242.0280     2.6367   144.3153
 1343.3750   241.0405     2.6428   142.6488
 1343.5000   241.6850     2.6481   139.8040
 1343.6250   244.5903     2.6489   138.0224
 1343.7500   248.4272     2.6458   138.3777
 1343.8750   250.4864     2.6426   139.7498
 1344.0000   250.3792     2.6403   141.1803
 1344.1250   249.5287     2.6389   142.6650
 1344.2500   248.1831     2.6397   144.3307
 1344.3750   246.0743     2.6434   145.5629
 1344.5000   243.5114     2.6468   145.3280
 1344.6250   240.9371     2.6466   143.9486
 1344.7500   238.4474     2.6413   142.1668
 1344.8750   236.1931     2.6343   139.7564
 1345.0000   235.2869     2.6285   136.5338
 1345.1250   236.1935     2.6284   134.2484
 1345.2500   238.1153     2.6337   135.0373
 1345.3750   241.4435     2.6390   139.8607
 1345.5000   245.9037     2.6378   146.8209
 1345.6250   249.8485     2.6329   152.6576
 1345.7500   251.6979     2.6308   154.4414
 1345.8750   250.7057     2.6338   152.1251
 1346.0000   247.8581     2.6377   147.9922
 1346.1250   244.2026     2.6387   144.8577
 1346.2500   240.0185     2.6384   142.3554
 1346.3750   237.1869     2.6395   139.2660
 1346.5000   237.6356     2.6413   136.3671
 1346.6250   239.2060     2.6410   135.4164
 1346.7500   241.7051     2.6370   136.9439
 1346.8750   245.8710     2.6312   139.2857
 1347.0000   249.5560     2.6258   140.6177
 1347.1250   250.3811     2.6231   141.3401
 1347.2500   248.0302     2.6243   142.3238
 1347.3750   244.1261     2.6295   143.2257
 1347.5000   240.1423     2.6370   143.3827
 1347.6250   236.6281     2.6433   143.8981
 1347.7500   235.5832     2.6462   145.4057
 1347.8750   238.7966     2.6466   147.1828
 1348.0000   242.3413     2.6481   147.6528
 1348.1250   244.6276     2.6510   146.5965
 1348.2500   246.2789     2.6518   145.0948
 1348.3750   245.9195     2.6482   144.2184
 1348.5000   244.0415     2.6411   143.9709
 1348.6250   244.0922     2.6345   144.0930
 1348.7500   244.9737     2.6302   143.9379
 1348.8750   244.8984     2.6283   142.7994
 1349.0000   245.2749     2.6280   140.6911
 1349.1250   245.6229     2.6287   139.1564
 1349.2500   244.2380     2.6306   140.1834
 1349.3750   243.0610     2.6340   142.3862
 1349.5000   242.8827     2.6379   142.9850
 1349.6250   241.9343     2.6405   141.1400
 1349.7500   239.9151     2.6406   138.9356
 1349.8750   237.5574     2.6393   137.7239
 1350.0000   235.8364     2.6385   137.6814
 1350.1250   234.6450     2.6391   139.0086
 1350.2500   233.2040     2.6405   141.8072
 1350.3750   232.6402     2.6417   143.9946
 1350.5000   234.0925     2.6430   144.0570
 1350.6250   236.7193     2.6449   143.4411
 1350.7500   239.0105     2.6476   144.8091
 1350.8750   240.1882     2.6510   147.6999
 1351.0000   239.3166     2.6555   147.9303
 1351.1250   237.1230     2.6603   144.0551
 1351.2500   234.8055     2.6629   138.8571
 1351.3750   235.3105     2.6598   136.1581
 1351.5000   239.6061     2.6534   136.3143
 1351.6250   244.8388     2.6470   138.2580
 1351.7500   247.8317     2.6421   140.6232
 1351.8750   249.3152     2.6377   142.7703
 1352.0000   248.8042     2.6345   144.1557
 1352.1250   245.9356     2.6351   144.4555
 1352.2500   243.5661     2.6389   143.9202
 1352.3750   243.6082     2.6434   142.9680
 1352.5000   244.1081     2.6477   142.3532
 1352.6250   244.6789     2.6519   142.1372
 1352.7500   245.3484     2.6548   142.1594
 1352.8750   244.6590     2.6551   141.8834
 1353.0000   242.7213     2.6545   141.6164
 1353.1250   240.3340     2.6552   142.2198
 1353.2500   237.7686     2.6546   143.2212
 1353.3750   237.1348     2.6489   143.3710
 1353.5000   239.3851     2.6397   142.5705
 1353.6250   242.0841     2.6330   142.6165
 1353.7500   245.2166     2.6322   144.6699
 1353.8750   249.2640     2.6330   146.5264
 1354.0000   251.4333     2.6310   146.3066
 1354.1250   249.7290     2.6273   143.9736
 1354.2500   247.1292     2.6261   141.6130
 1354.3750   245.4041     2.6279   140.6113
 1354.5000   244.9934     2.6305   141.4554
 1354.6250   244.9717     2.6338   142.9803
 1354.7500   244.7085     2.6405   143.1679
 1354.8750   244.6400     2.6508   140.3932
 1355.0000   243.9058     2.6600   136.3263
 1355.1250   240.8536     2.6637   134.2782
 1355.2500   238.1743     2.6624   135.9125
 1355.3750   238.2144     2.6603   139.0976
 1355.5000   238.7539     2.6597   140.5270
 1355.6250   238.8694     2.6591   139.1827
 1355.7500   240.5960     2.6567   136.7961
 1355.8750   242.2051     2.6535   135.8965
 1356.0000   241.8419     2.6517   136.3300
 1356.1250   241.5576     2.6507   136.7604
 1356.2500   242.4675     2.6484   137.1764
 1356.3750   243.5475     2.6455   138.2715
 1356.5000   244.6514     2.6443   139.9089
 1356.6250   245.4670     2.6454   140.9425
 1356.7500   245.9491     2.6475   141.1380
 1356.8750   245.9195     2.6512   140.7673
 1357.0000   245.2850     2.6568   140.1315
 1357.1250   244.8797     2.6609   139.7833
 1357.2500   244.5245     2.6590   140.4128
 1357.3750   243.5824     2.6527   141.1012
 1357.5000   242.9920     2.6463   140.9635
 1357.6250   243.3884     2.6418   140.7392
 1357.7500   243.9054     2.6373   141.8657
 1357.8750   244.2243     2.6334   144.2607
 1358.0000   243.8181     2.6333   145.8707
 1358.1250   242.1007     2.6370   145.0953
 1358.2500   239.3436     2.6423   142.3360
 1358.3750   237.4015     2.6473   140.4718
 1358.5000   237.5617     2.6509   141.1744
 1358.6250   239.3013     2.6494   143.8380
 1358.7500   240.0470     2.6416   145.2884
 1358.8750   239.4415     2.6313   143.9372
 1359.0000   239.9454     2.6252   140.5377
 1359.1250   241.1062     2.6257   137.9726
 1359.2500   241.0881     2.6311   137.7015
 1359.3750   241.9104     2.6369   138.6700
 1359.5000   244.5926     2.6389   139.0096
 1359.6250   244.6072     2.6363   138.2611
 1359.7500   240.2986     2.6316   137.2126
 1359.8750   236.8265     2.6285   136.2705
 1360.0000   235.5481     2.6295   135.7149
 1360.1250   234.4309     2.6351   136.1783
 1360.2500   236.1923     2.6430   138.0278
 1360.3750   242.5228     2.6484   141.3066
 1360.5000   249.5628     2.6479   145.5730
 1360.6250   255.8560     2.6435   150.1627
 1360.7500   259.3710     2.6410   152.7737
 1360.8750   258.8392     2.6447   152.3650
 1361.0000   255.7125     2.6529   150.5076
 1361.1250   251.6509     2.6595   150.0448
 1361.2500   248.1741     2.6595   150.8627
 1361.3750   247.3556     2.6532   151.3807
 1361.5000   248.1755     2.6484   150.9830
 1361.6250   248.1933     2.6523   151.2363
 1361.7500   247.0413     2.6650   153.6096
 1361.8750   245.8488     2.6767   156.9831
 1362.0000   245.4383     2.6784   159.3341
 1362.1250   246.4664     2.6644   159.0966
 1362.2500   248.0703     2.6431   157.6151
 1362.3750   248.5039     2.6253   155.9149
 1362.5000   246.0390     2.6218   153.0177
 1362.6250   241.5988     2.6296   148.8437
 1362.7500   237.1551     2.6406   144.7878
 1362.8750   234.1582     2.6460   142.2033
 1363.0000   232.9528     2.6432   140.8095
 1363.1250   233.9365     2.6317   139.8536
 1363.2500   234.7033     2.6170   138.8300
 1363.3750   233.7277     2.6074   137.1654
 1363.5000   232.8445     2.6095   134.8349
 1363.6250   232.6296     2.6202   133.9229
 1363.7500   232.1177     2.6338   135.7322
 1363.8750   232.7449     2.6457   139.3121
 1364.0000   234.4281     2.6501   141.5079
 1364.1250   235.0328     2.6387   140.3082
 1364.2500   233.1480     2.6110   134.2166
 1364.3750   229.1522     2.5814   122.6665
 1364.5000   223.8771     2.5632   106.8137
 1364.6250   218.5444     2.5605    91.9276
 1364.7500   214.0820     2.5657    81.9903
 1364.8750   212.4673     2.5669    77.9966
 1365.0000   214.2810     2.5583    77.1925
 1365.1250   217.5270     2.5458    77.6891
 1365.2500   220.0621     2.5388    78.1589
 1365.3750   222.6348     2.5382    77.4741
 1365.5000   225.8057     2.5376    76.2981
 1365.6250   228.3152     2.5306    76.5856
 1365.7500   230.1165     2.5200    77.7805
 1365.8750   232.3653     2.5089    77.9526
 1366.0000   234.5160     2.4990    76.6015
 1366.1250   235.0594     2.4917    75.4254
 1366.2500   234.8782     2.4876    75.7020
 1366.3750   236.0738     2.4863    76.4248
 1366.5000   237.1371     2.4870    76.5432
 1366.6250   236.1844     2.4891    77.1271
 1366.7500   235.5807     2.4920    80.6844
 1366.8750   236.4432     2.4975    87.6016
 1367.0000   237.3158     2.5081    95.0443
 1367.1250   238.0589     2.5202    99.1038
 1367.2500   238.5383     2.5265    98.5049
 1367.3750   237.6876     2.5240    95.0815
 1367.5000   235.7233     2.5196    91.0282
 1367.6250   233.5709     2.5180    87.6933
 1367.7500   232.6551     2.5164    86.5068
 1367.8750   234.0188     2.5125    87.3193
 1368.0000   236.9160     2.5067    88.9032
 1368.1250   239.3513     2.5003    89.6324
 1368.2500   241.2746     2.4942    89.5301
 1368.3750   242.6468     2.4907    90.1950
 1368.5000   242.8443     2.4914    92.2036
 1368.6250   242.7146     2.4961    95.7678
 1368.7500   242.6667     2.5048   102.1124
 1368.8750   242.1565     2.5176   111.5363
 1369.0000   241.5301     2.5315   121.0496
 1369.1250   240.6427     2.5384   123.3444
 1369.2500   239.4016     2.5356   116.2536
 1369.3750   238.6332     2.5293   104.7285
 1369.5000   238.5157     2.5319   100.0608
 1369.6250   239.2482     2.5491   106.5358
 1369.7500   240.5932     2.5784   120.6053
 1369.8750   240.7548     2.6068   133.7887
 1370.0000   239.5202     2.6247   142.4483
 1370.1250   237.2853     2.6297   146.0724
 1370.2500   233.6603     2.6311   145.5367
 1370.3750   229.1884     2.6347   140.2381
 1370.5000   226.2947     2.6401   132.1659
 1370.6250   226.0201     2.6429   125.5847
 1370.7500   227.3257     2.6406   122.1775
 1370.8750   228.1405     2.6349   120.0781
 1371.0000   228.6292     2.6294   117.8338
 1371.1250   229.5841     2.6257   116.8701
 1371.2500   230.4533     2.6249   119.5259
 1371.3750   231.4498     2.6252   125.2618
 1371.5000   232.9788     2.6207   131.5667
 1371.6250   232.8786     2.6102   134.4962
 1371.7500   229.7991     2.5998   131.5324
 1371.8750   226.3126     2.5981   122.9314
 1372.0000   224.8737     2.6061   114.2670
 1372.1250   224.4292     2.6225   110.3109
 1372.2500   224.1176     2.6421   112.2948
 1372.3750   224.3879     2.6574   116.8615
 1372.5000   223.3577     2.6626   120.9264
 1372.6250   220.1341     2.6572   122.7010
 1372.7500   217.8109     2.6458   122.8223
 1372.8750   216.9140     2.6355   121.8788
 1373.0000   215.9319     2.6346   119.9642
 1373.1250   217.7556     2.6453   117.4476
 1373.2500   224.0826     2.6619   116.9522
 1373.3750   229.7461     2.6736   121.0420
 1373.5000   234.0676     2.6780   129.1529
 1373.6250   240.0981     2.6791   137.4920
 1373.7500   244.4865     2.6777   143.3705
 1373.8750   243.6900     2.6664   146.6450
 1374.0000   243.8414     2.6195   148.1023
 1374.1250   249.3761     2.5220   147.8466
 1374.2500   257.3701     2.3920   145.5997
 1374.3750   266.0847     2.2803   142.9453
 1374.5000   277.7050     2.2135   141.6583
 1374.6250   289.8394     2.1983   142.8715
 1374.7500   295.9074     2.2172   145.6443
 1374.8750   294.4279     2.2651   148.4980
 1375.0000   288.3609     2.3337   149.8414
 1375.1250   281.5442     2.3751   149.2608
 1375.2500   275.9799     2.3369   147.0756
 1375.3750   277.6304     2.2229   145.2117
 1375.5000   287.9509     2.1003   145.0055
 1375.6250   300.4314     2.0158   145.7594
 1375.7500   308.2024     1.9879   145.0700
 1375.8750   309.1027     2.0147   143.0296
 1376.0000   297.2288     2.0956   141.0619
 1376.1250   277.3304     2.2148   139.6721
 1376.2500   260.3548     2.3581   138.3283
 1376.3750   252.6032     2.4912   137.2678
 1376.5000   254.7256     2.5712   137.7375
 1376.6250   263.5386     2.5915   139.5239
 1376.7500   267.6780     2.5802   140.0076
 1376.8750   266.2089     2.5704   138.1287
 1377.0000   261.8685     2.5759   135.6273
 1377.1250   254.5179     2.5953   135.6332
 1377.2500   249.5437     2.6149   137.3570
 1377.3750   251.6311     2.6256   137.8890
 1377.5000   254.5640     2.6306   137.0097
 1377.6250   254.0174     2.6365   136.2237
 1377.7500   250.9975     2.6443   135.3223
 1377.8750   248.7611     2.6477   132.9626
 1378.0000   248.0936     2.6435   130.0415
 1378.1250   250.2801     2.6320   129.6546
 1378.2500   257.8452     2.6133   132.5785
 1378.3750   268.8741     2.5858   137.6769
 1378.5000   275.8207     2.5558   142.9306
 1378.6250   278.2808     2.5347   146.2455
 1378.7500   277.3210     2.5311   146.6766
 1378.8750   272.1126     2.5406   145.8877
 1379.0000   268.2114     2.5486   145.5515
 1379.1250   271.7577     2.5424   145.9797
 1379.2500   277.6868     2.5246   146.1689
 1379.3750   281.2242     2.5086   145.7982
 1379.5000   280.9962     2.5114   144.3132
 1379.6250   275.7343     2.5344   140.6983
 1379.7500   266.1156     2.5692   135.5237
 1379.8750   256.9190     2.6011   131.6381
 1380.0000   252.3836     2.6218   130.3534
 1380.1250   253.0399     2.6305   130.8853
 1380.2500   254.4854     2.6323   131.9580
 1380.3750   254.1386     2.6327   133.1949
 1380.5000   252.8069     2.6313   133.5139
 1380.6250   251.1009     2.6228   132.1523
 1380.7500   249.5456     2.6078   130.5430
 1380.8750   249.2837     2.5970   130.4284
 1381.0000   250.0451     2.5982   131.2912
 1381.1250   251.0942     2.6045   131.6794
 1381.2500   250.3187     2.6002   131.3378
 1381.3750   247.5154     2.5878   131.2603
 1381.5000   248.4727     2.5921   131.7348
 1381.6250   255.3380     2.6321   132.9394
 1381.7500   258.6345     2.6506   134.3519
 1381.8750   257.4600     2.6173   135.2729
 1382.0000   259.1467     2.6230   135.3238
 1382.1250   259.2664     2.6202   135.5824
 1382.2500   256.5918     2.6058   138.0773
 1382.3750   260.4924     2.6255   142.6323
 1382.5000   268.6136     2.6396   147.1275
 1382.6250   272.6220     2.6249   149.4995
 1382.7500   270.8477     2.6053   149.1290
 1382.8750   261.7910     2.5988   144.9851
 1383.0000   246.6871     2.6062   135.0663
 1383.1250   230.8954     2.6138   121.2840
 1383.2500   217.4028     2.6141   107.6481
 1383.3750   211.5886     2.6063   100.2024
 1383.5000   213.7846     2.5958   100.1734
 1383.6250   218.9962     2.5910   104.8436
 1383.7500   223.5340     2.5964   108.2908
 1383.8750   226.5772     2.6069   108.7478
 1384.0000   226.2068     2.6174   108.8313
 1384.1250   224.8653     2.6264   111.4324
 1384.2500   225.4317     2.6334   116.2511
 1384.3750   226.8754     2.6354   122.6415
 1384.5000   227.7936     2.6305   129.2022
 1384.6250   228.2157     2.6193   132.9681
 1384.7500   227.4449     2.6066   129.2400
 1384.8750   226.3984     2.5949   118.2524
 1385.0000   226.3976     2.5802   103.7048
 1385.1250   227.6874     2.5563    91.4967
 1385.2500   230.3893     2.5266    84.2440
 1385.3750   233.7474     2.5046    82.3388
 1385.5000   236.0932     2.4986    83.0720
 1385.6250   237.2986     2.5041    84.0750
 1385.7500   237.3232     2.5117    84.1812
 1385.8750   236.5146     2.5162    83.7695
 1386.0000   234.8695     2.5177    84.2695
 1386.1250   232.1948     2.5173    88.3411
 1386.2500   229.8590     2.5191    95.1068
 1386.3750   228.2958     2.5273   101.5571
 1386.5000   226.7630     2.5413   103.8052
 1386.6250   226.1107     2.5546   102.2170
 1386.7500   226.1868     2.5616    98.5420
 1386.8750   224.4008     2.5615    94.2342
 1387.0000   221.2250     2.5580    90.0377
 1387.1250   218.2724     2.5577    87.5137
 1387.2500   215.7037     2.5668    86.7531
 1387.3750   214.8588     2.5829    86.3507
 1387.5000   217.6758     2.5911    84.4990
 1387.6250   222.1659     2.5776    81.3214
 1387.7500   227.2156     2.5419    77.4966
 1387.8750   232.9186     2.4995    74.3804
 1388.0000   238.1972     2.4675    73.2363
 1388.1250   241.3767     2.4550    74.5074
 1388.2500   242.4258     2.4607    76.6224
 1388.3750   242.7062     2.4761    77.8641
 1388.5000   241.7864     2.4929    78.4136
 1388.6250   238.8384     2.5039    80.0948
 1388.7500   235.5630     2.5075    82.6738
 1388.8750   234.1809     2.5063    84.5917
 1389.0000   234.7326     2.5047    85.3255
 1389.1250   236.8954     2.5019    85.5963
 1389.2500   239.9806     2.4948    85.9499
 1389.3750   242.9498     2.4846    86.1007
 1389.5000   244.7784     2.4744    85.5741
 1389.6250   244.3272     2.4656    84.4698
 1389.7500   242.8077     2.4572    83.0829
 1389.8750   242.0470     2.4509    81.7503
 1390.0000   242.0467     2.4511    81.1616
 1390.1250   241.3819     2.4594    82.0355
 1390.2500   240.0826     2.4755    84.6119
 1390.3750   239.2532     2.4947    88.4773
 1390.5000   238.0931     2.5133    93.5868
 1390.6250   236.2520     2.5304   100.8382
 1390.7500   235.5439     2.5485   110.0197
 1390.8750   235.5835     2.5678   119.4647
 1391.0000   234.2069     2.5827   125.0323
 1391.1250   232.3227     2.5889   124.1097
 1391.2500   231.3700     2.5890   118.1371
 1391.3750   231.3427     2.5911   115.2269
 1391.5000   231.9256     2.6000   120.4672
 1391.6250   233.7136     2.6162   132.9796
 1391.7500   236.2338     2.6365   146.1883
 1391.8750   238.3649     2.6570   155.7447
 1392.0000   239.0286     2.6748   159.9037
 1392.1250   237.8649     2.6864   160.0689
 1392.2500   235.8878     2.6898   158.0525
 1392.3750   234.5328     2.6844   155.4999
 1392.5000   233.3618     2.6706   152.3092
 1392.6250   231.8138     2.6466   147.4573
 1392.7500   229.1881     2.6165   138.9376
 1392.8750   224.9339     2.5907   125.9763
 1393.0000   218.3797     2.5796   110.4252
 1393.1250   211.0273     2.5847    98.4916
 1393.2500   208.9811     2.5973    94.7748
 1393.3750   215.9526     2.6078   101.5299
 1393.5000   225.1586     2.6130   114.5019
 1393.6250   233.7118     2.6180   128.5830
 1393.7500   242.1118     2.6285   140.0907
 1393.8750   245.7538     2.6429   148.1893
 1394.0000   243.1263     2.6575   152.7072
 1394.1250   238.3524     2.6664   153.2515
 1394.2500   235.6579     2.6630   152.0103
 1394.3750   240.0284     2.6429   152.8245
 1394.5000   254.7427     2.6115   159.4603
 1394.6250   273.8346     2.5791   170.8341
 1394.7500   290.2882     2.5535   182.5651
 1394.8750   297.6681     2.5408   187.8154
 1395.0000   294.9580     2.5438   183.9218
 1395.1250   285.4127     2.5623   172.8795
 1395.2500   273.9900     2.5846   161.9800
 1395.3750   263.7367     2.6013   154.7369
 1395.5000   257.7715     2.6119   151.1757
 1395.6250   251.9433     2.6241   148.7929
 1395.7500   242.6180     2.6400   146.1047
 1395.8750   232.2639     2.6561   142.3087
 1396.0000   224.6848     2.6670   137.4356
 1396.1250   221.9089     2.6693   133.2378
 1396.2500   223.5800     2.6647   131.6207
 1396.3750   225.5370     2.6588   132.4299
 1396.5000   226.6327     2.6558   134.9554
 1396.6250   229.4273     2.6549   137.4615
 1396.7500   232.5498     2.6554   138.5888
 1396.8750   233.6022     2.6587   137.8883
 1397.0000   235.1048     2.6627   136.7659
 1397.1250   238.8727     2.6620   137.3536
 1397.2500   243.6150     2.6553   141.3017
 1397.3750   247.2721     2.6504   147.8014
 1397.5000   251.3680     2.6508   155.0703
 1397.6250   256.7602     2.6496   160.5378
 1397.7500   260.6580     2.6400   163.7473
 1397.8750   265.1716     2.6213   164.9695
 1398.0000   273.8098     2.5985   164.3132
 1398.1250   281.7602     2.5771   163.2144
 1398.2500   286.0409     2.5626   163.1703
 1398.3750   289.9851     2.5556   163.6826
 1398.5000   293.2985     2.5539   163.6224
 1398.6250   294.6437     2.5546   162.3688
 1398.7500   296.1887     2.5564   160.7807
 1398.8750   299.7040     2.5597   159.8754
 1399.0000   304.3328     2.5644   159.7489
 1399.1250   305.7626     2.5699   160.1481
 1399.2500   302.4746     2.5752   160.7806
 1399.3750   299.0777     2.5788   161.1770
 1399.5000   297.3121     2.5809   161.3786
 1399.6250   295.8295     2.5817   160.7534
 1399.7500   295.9951     2.5747   159.0056
 1399.8750   298.1167     2.5514   157.0650
 1400.0000   296.2591     2.5130   155.7547
 1400.1250   286.3441     2.4840   154.4343
 1400.2500   271.4715     2.4851   151.9626
 1400.3750   256.7006     2.5250   148.2939
 1400.5000   243.9058     2.5813   145.2675
 1400.6250   235.0277     2.6311   143.6679
 1400.7500   231.6668     2.6548   142.2627
 1400.8750   230.7878     2.6557   139.8628
 1401.0000   229.2912     2.6451   136.8525
 1401.1250   227.0652     2.6382   134.0494
 1401.2500   225.8201     2.6395   131.7837
 1401.3750   226.2714     2.6468   131.0957
 1401.5000   226.8105     2.6551   132.5968
 1401.6250   226.1353     2.6627   135.1365
 1401.7500   224.0466     2.6676   136.0109
 1401.8750   222.3533     2.6690   134.5361
 1402.0000   221.9707     2.6691   131.8067
 1402.1250   221.5438     2.6733   130.0610
 1402.2500   220.6805     2.6805   130.9286
 1402.3750   220.7170     2.6841   133.5646
 1402.5000   222.5695     2.6758   134.2721
 1402.6250   225.2636     2.6538   131.7909
 1402.7500   227.6427     2.6231   128.3990
 1402.8750   229.4597     2.6017   128.0492
 1403.0000   229.9037     2.6014   130.4768
 1403.1250   227.3236     2.6221   132.5996
 1403.2500   223.4944     2.6452   132.4088
 1403.3750   220.6184     2.6570   129.6625
 1403.5000   218.4616     2.6513   123.1806
 1403.6250   216.2131     2.6363   112.8512
 1403.7500   213.4774     2.6202    99.6684
 1403.8750   211.2389     2.6120    86.6319
 1404.0000   211.4284     2.6132    76.0669
 1404.1250   212.5714     2.6187    69.0079
 1404.2500   212.4150     2.6195    65.1758
 1404.3750   212.7798     2.6118    63.4501
 1404.5000   213.4027     2.5929    62.7319
 1404.6250   212.8205     2.5691    62.2330
 1404.7500   212.3514     2.5531    62.2385
 1404.8750   212.1495     2.5557    63.4487
 1405.0000   210.9043     2.5716    65.4371
 1405.1250   209.2175     2.5905    67.1078
 1405.2500   208.5189     2.5996    67.5145
 1405.3750   209.8725     2.5952    67.3035
 1405.5000   213.5246     2.5809    67.6459
 1405.6250   219.3090     2.5684    69.3966
 1405.7500   224.3562     2.5634    72.9741
 1405.8750   229.8823     2.5605    79.4037
 1406.0000   243.0704     2.5470    90.1452
 1406.1250   258.1167     2.5230   105.4896
 1406.2500   264.1191     2.5035   123.5558
 1406.3750   266.2113     2.5074   138.6184
 1406.5000   264.4448     2.5397   146.7654
 1406.6250   250.7039     2.5930   147.1287
 1406.7500   235.7800     2.6442   143.9791
 1406.8750   229.5044     2.6788   140.3816
 1407.0000   228.8447     2.6937   138.7030
 1407.1250   230.5710     2.6994   139.6532
 1407.2500   235.5898     2.7014   143.2166
 1407.3750   241.4130     2.6991   147.1458
 1407.5000   247.7990     2.6881   149.4963
 1407.6250   255.8103     2.6646   149.4290
 1407.7500   259.5034     2.6347   146.8236
 1407.8750   257.3397     2.6083   141.5569
 1408.0000   254.1610     2.5995   133.6972
 1408.1250   248.6510     2.6126   125.5871
 1408.2500   239.9047     2.6382   119.1253
 1408.3750   235.1417     2.6624   115.4573
 1408.5000   233.8501     2.6791   113.7372
 1408.6250   230.6038     2.6860   112.9347
 1408.7500   227.7388     2.6836   111.8168
 1408.8750   228.7061     2.6766   110.1356
 1409.0000   231.1774     2.6664   108.7853
 1409.1250   233.1306     2.6490   108.5717
 1409.2500   237.3833     2.6255   109.6825
 1409.3750   243.0274     2.6041   112.3152
 1409.5000   243.8910     2.5917   115.3779
 1409.6250   240.9262     2.5891   117.3452
 1409.7500   239.7976     2.5950   116.4920
 1409.8750   239.9402     2.6059   114.6814
 1410.0000   239.9899     2.6191   114.8481
 1410.1250   240.4155     2.6269   118.0223
 1410.2500   238.1405     2.6260   120.2336
 1410.3750   231.6734     2.6200   117.0900
 1410.5000   225.1265     2.6157   108.8668
 1410.6250   219.1069     2.6152   100.5037
 1410.7500   213.7834     2.6193    95.3234
 1410.8750   212.1659     2.6279    91.9551
 1411.0000   211.9619     2.6377    87.8768
 1411.1250   209.4653     2.6399    82.9188
 1411.2500   209.4360     2.6308    80.3964
 1411.3750   215.5721     2.6154    83.1645
 1411.5000   226.5649     2.6032    91.8802
 1411.6250   237.7972     2.5968   102.3259
 1411.7500   244.8684     2.5935   110.5953
 1411.8750   243.7966     2.5926   113.9833
 1412.0000   235.7365     2.5966   112.3191
 1412.1250   224.5639     2.6073   105.4277
 1412.2500   216.4856     2.6200    96.2898
 1412.3750   213.3483     2.6290    89.0173
 1412.5000   216.1266     2.6301    87.1593
 1412.6250   222.2572     2.6233    89.5722
 1412.7500   226.5717     2.6123    92.6628
 1412.8750   229.2582     2.6020    92.9015
 1413.0000   230.5587     2.5954    89.8309
 1413.1250   225.8695     2.5919    84.5412
 1413.2500   218.8826     2.5901    79.0600
 1413.3750   216.1431     2.5901    74.6687
 1413.5000   214.1248     2.5928    72.2970
 1413.6250   211.5539     2.5979    72.1165
 1413.7500   212.6770     2.6038    73.3475
 1413.8750   214.9685     2.6089    74.8707
 1414.0000   213.2622     2.6115    75.0594
 1414.1250   209.6379     2.6117    73.6702
 1414.2500   207.5299     2.6136    72.1247
 1414.3750   207.4597     2.6226    72.6505
 1414.5000   210.1555     2.6381    76.0839
 1414.6250   217.0442     2.6514    82.7105
 1414.7500   225.8920     2.6538    91.9718
 1414.8750   233.7415     2.6467   102.7074
 1415.0000   238.6917     2.6384   111.6804
 1415.1250   242.1900     2.6310   116.9910
 1415.2500   245.8574     2.6192   119.5890
 1415.3750   252.7447     2.5953   123.3364
 1415.5000   263.0985     2.5611   129.1889
 1415.6250   272.8164     2.5260   135.7547
 1415.7500   279.2527     2.5027   141.6991
 1415.8750   283.1919     2.4971   146.3676
 1416.0000   281.3291     2.5091   148.4619
 1416.1250   274.8794     2.5271   147.2065
 1416.2500   268.6379     2.5453   142.6665
 1416.3750   263.2194     2.5618   136.7100
 1416.5000   256.8126     2.5756   131.3192
 1416.6250   251.8471     2.5808   127.0382
 1416.7500   251.0681     2.5666   123.9428
 1416.8750   252.8570     2.5317   121.8447
 1417.0000   254.6317     2.4832   121.5853
 1417.1250   255.2072     2.4356   122.8791
 1417.2500   256.0008     2.3956   123.9796
 1417.3750   255.9124     2.3605   124.4228
 1417.5000   254.0323     2.3259   125.3409
 1417.6250   254.2873     2.2979   126.6451
 1417.7500   256.6455     2.2930   126.8497
 1417.8750   254.1892     2.3154   125.4028
 1418.0000   246.4645     2.3610   122.6696
 1418.1250   237.2334     2.4152   118.1482
 1418.2500   226.9613     2.4536   111.6583
 1418.3750   218.4962     2.4518   105.0082
 1418.5000   218.5345     2.4093   102.0979
 1418.6250   226.7541     2.3556   104.8250
 1418.7500   239.4050     2.3201   112.2037
 1418.8750   252.1277     2.3158   120.3621
 1419.0000   261.3647     2.3432   126.7925
 1419.1250   264.1722     2.3998   130.6080
 1419.2500   262.0649     2.4638   132.2491
 1419.3750   257.5586     2.5154   132.0759
 1419.5000   254.2980     2.5452   131.0617
 1419.6250   253.3795     2.5640   130.0915
 1419.7500   251.2214     2.5787   128.6201
 1419.8750   246.8503     2.5899   125.8828
 1420.0000   243.0217     2.5975   122.6502
 1420.1250   238.8065     2.6020   120.0916
 1420.2500   235.6312     2.6055   118.3241
 1420.3750   238.1413     2.6087   116.8550
 1420.5000   244.1194     2.6103   116.4939
 1420.6250   248.7498     2.6080   118.7004
 1420.7500   254.1111     2.6031   124.1590
 1420.8750   259.3860     2.6008   132.0377
 1421.0000   260.2646     2.6059   139.2207
 1421.1250   257.1169     2.6181   143.7772
 1421.2500   250.8887     2.6321   144.7760
 1421.3750   243.8904     2.6409   143.8946
 1421.5000   242.3232     2.6388   143.4755
 1421.6250   247.0239     2.6230   144.5304
 1421.7500   250.0024     2.5995   145.3918
 1421.8750   250.8547     2.5806   144.2053
 1422.0000   252.8216     2.5792   142.2181
 1422.1250   250.3411     2.5967   141.8858
 1422.2500   243.4153     2.6268   143.5546
 1422.3750   242.2451     2.6563   145.9245
 1422.5000   244.9481     2.6784   148.7122
 1422.6250   244.3291     2.6904   150.9376
 1422.7500   243.6306     2.6920   151.1427
 1422.8750   246.4147     2.6782   150.0291
 1423.0000   251.2637     2.6473   150.1695
 1423.1250   255.3035     2.6127   151.6219
 1423.2500   257.6896     2.5918   152.6087
 1423.3750   259.0973     2.5932   152.9835
 1423.5000   258.6614     2.6098   154.0145
 1423.6250   256.6085     2.6303   155.6648
 1423.7500   257.5919     2.6424   156.8402
 1423.8750   262.6123     2.6346   157.0768
 1424.0000   267.0793     2.5963   156.3212
 1424.1250   268.1905     2.5482   155.1035
 1424.2500   268.2256     2.5171   153.8777
 1424.3750   268.4424     2.5203   153.3370
 1424.5000   265.4131     2.5422   152.7384
 1424.6250   259.3357     2.5672   151.1740
 1424.7500   255.5771     2.5905   149.1107
 1424.8750   253.0886     2.6116   147.2502
 1425.0000   251.2512     2.6233   146.7572
 1425.1250   257.5757     2.6190   149.0740
 1425.2500   270.8470     2.6006   154.8633
 1425.3750   281.8761     2.5738   163.2147
 1425.5000   288.6327     2.5486   169.7520
 1425.6250   291.1136     2.5333   171.9187
 1425.7500   285.7586     2.5351   170.1605
 1425.8750   278.1624     2.5482   167.9666
 1426.0000   273.6015     2.5642   166.2501
 1426.1250   273.1311     2.5767   163.9994
 1426.2500   277.5896     2.5846   162.3862
 1426.3750   286.3489     2.5857   163.8048
 1426.5000   294.7275     2.5793   168.5767
 1426.6250   302.2372     2.5682   173.9945
 1426.7500   308.0953     2.5547   176.6818
 1426.8750   308.4367     2.5394   176.1230
 1427.0000   305.8862     2.5211   174.2034
 1427.1250   307.6982     2.4991   173.8831
 1427.2500   308.6429     2.4808   175.3156
 1427.3750   301.3093     2.4768   176.2617
 1427.5000   287.9853     2.4991   173.4169
 1427.6250   272.5914     2.5435   167.1755
 1427.7500   254.2495     2.5985   159.5784
 1427.8750   239.7626     2.6462   153.1598
 1428.0000   234.6454     2.6763   149.0836
 1428.1250   235.5410     2.6848   148.1576
 1428.2500   236.3638     2.6790   149.0622
 1428.3750   235.8192     2.6681   149.1837
 1428.5000   233.6344     2.6599   146.3866
 1428.6250   230.8620     2.6580   141.7842
 1428.7500   229.2168     2.6604   137.8714
 1428.8750   229.9235     2.6625   136.5556
 1429.0000   231.9173     2.6615   137.6655
 1429.1250   234.5488     2.6582   140.5225
 1429.2500   237.0732     2.6544   143.0481
 1429.3750   238.4150     2.6505   143.5548
 1429.5000   238.1948     2.6477   142.2756
 1429.6250   237.2991     2.6480   141.2809
 1429.7500   235.8527     2.6529   141.4053
 1429.8750   233.5969     2.6614   141.7267
 1430.0000   231.9574     2.6678   141.6940
 1430.1250   231.1949     2.6676   141.5048
 1430.2500   229.9346     2.6603   141.6120
 1430.3750   229.2138     2.6519   141.5688
 1430.5000   230.1721     2.6456   140.9919
 1430.6250   231.2050     2.6409   140.1572
 1430.7500   231.2538     2.6375   138.8585
 1430.8750   230.7472     2.6364   136.5126
 1431.0000   229.7137     2.6381   133.6034
 1431.1250   227.6778     2.6408   131.0466
 1431.2500   224.8523     2.6429   129.2932
 1431.3750   223.1233     2.6430   128.2411
 1431.5000   222.2103     2.6397   127.6631
 1431.6250   220.3235     2.6355   126.6173
 1431.7500   219.0397     2.6352   124.3612
 1431.8750   219.7138     2.6392   122.3444
 1432.0000   221.1652     2.6434   124.3482
 1432.1250   223.7299     2.6464   130.4837
 1432.2500   228.2427     2.6495   138.0812
 1432.3750   232.8394     2.6499   143.7835
 1432.5000   235.8825     2.6441   146.5594
 1432.6250   236.8043     2.6342   145.6086
 1432.7500   235.5358     2.6247   140.2331
 1432.8750   232.9057     2.6156   130.9753
 1433.0000   228.7454     2.6071   118.8090
 1433.1250   222.4633     2.6028   105.8828
 1433.2500   215.9863     2.6041    94.1919
 1433.3750   211.4833     2.6093    85.5487
 1433.5000   207.3867     2.6161    79.9776
 1433.6250   203.2995     2.6233    76.9856
 1433.7500   202.3620     2.6281    76.7387
 1433.8750   205.4358     2.6281    79.9218
 1434.0000   211.2809     2.6218    87.7832
 1434.1250   218.0898     2.6062    98.7986
 1434.2500   224.8191     2.5848   107.9858
 1434.3750   229.9749     2.5686   111.0995
 1434.5000   231.0585     2.5684   109.4255
 1434.6250   228.9834     2.5795   106.9944
 1434.7500   227.0002     2.5909   106.0217
 1434.8750   225.7949     2.5955   106.6565
 1435.0000   224.9080     2.5941   108.6684
 1435.1250   225.1618     2.5886   110.9368
 1435.2500   226.4010     2.5813   111.7427
 1435.3750   227.9462     2.5730   110.2745
 1435.5000   228.9988     2.5632   106.7085
 1435.6250   231.0803     2.5525   101.3642
 1435.7500   235.0313     2.5428    94.5146
 1435.8750   236.7535     2.5374    88.2423
 1436.0000   236.0321     2.5373    84.8909
 1436.1250   235.2433     2.5439    85.8038
 1436.2500   232.4201     2.5549    89.3340
 1436.3750   227.9453     2.5632    92.1521
 1436.5000   225.5385     2.5601    90.8745
 1436.6250   225.0979     2.5487    86.9864
 1436.7500   226.4413     2.5383    84.8154
 1436.8750   228.6805     2.5381    87.9108
 1437.0000   228.7704     2.5488    93.8074
 1437.1250   227.6912     2.5690   100.2352
 1437.2500   229.2089     2.5936   107.2961
 1437.3750   233.2630     2.6148   116.4476
 1437.5000   238.3803     2.6276   127.9647
 1437.6250   241.5244     2.6324   137.9347
 1437.7500   240.2943     2.6318   141.2349
 1437.8750   234.2219     2.6287   134.2744
 1438.0000   226.0066     2.6269   121.4928
 1438.1250   218.7110     2.6268   109.7734
 1438.2500   216.6753     2.6268   103.5659
 1438.3750   219.9039     2.6279   100.9890
 1438.5000   224.2795     2.6320    99.8563
 1438.6250   224.7355     2.6373    98.7767
 1438.7500   222.9859     2.6387    98.6979
 1438.8750   224.1665     2.6352   102.2334
 1439.0000   230.2499     2.6304   111.3102
 1439.1250   237.4944     2.6269   123.9906
 1439.2500   244.3283     2.6232   136.8405
 1439.3750   251.0201     2.6200   146.9288
 1439.5000   254.8288     2.6222   153.4795
 1439.6250   252.7764     2.6346   155.6419
 1439.7500   248.9559     2.6525   154.2448
 1439.8750   246.8390     2.6676   151.0262
 1440.0000   245.6047     2.6734   147.8923
 1440.1250   243.7617     2.6729   146.3811
 1440.2500   241.6027     2.6707   147.3108
 1440.3750   239.0920     2.6717   149.6506
 1440.5000   236.0901     2.6739   150.5075
 1440.6250   233.4254     2.6704   148.5677
 1440.7500   235.3589     2.6544   146.8707
 1440.8750   245.7127     2.6276   149.1099
 1441.0000   263.7797     2.5954   157.2831
 1441.1250   283.1604     2.5643   169.6371
 1441.2500   297.9112     2.5383   182.7277
 1441.3750   300.8263     2.5236   190.8744
 1441.5000   294.4631     2.5236   191.0430
 1441.6250   283.5111     2.5382   184.5552
 1441.7500   271.0289     2.5608   175.8526
 1441.8750   261.0385     2.5812   168.6434
 1442.0000   254.6483     2.5951   163.7773
 1442.1250   248.7183     2.6053   160.3465
 1442.2500   243.3446     2.6164   157.0057
 1442.3750   240.2807     2.6288   153.6774
 1442.5000   240.5015     2.6380   151.7654
 1442.6250   244.8666     2.6401   152.3531
 1442.7500   250.4158     2.6362   155.4976
 1442.8750   253.7772     2.6326   158.2549
 1443.0000   255.8280     2.6325   158.2080
 1443.1250   254.9533     2.6353   154.9042
 1443.2500   250.8054     2.6389   151.2632
 1443.3750   246.8188     2.6429   149.1148
 1443.5000   245.3969     2.6472   148.8294
 1443.6250   245.4855     2.6521   150.3001
 1443.7500   247.2654     2.6581   153.9156
 1443.8750   249.4436     2.6631   158.5031
 1444.0000   249.9573     2.6642   162.1257
 1444.1250   248.5866     2.6607   162.8616
 1444.2500   247.3718     2.6550   161.1457
 1444.3750   247.4891     2.6481   159.0043
 1444.5000   248.5260     2.6415   158.9614
 1444.6250   250.0936     2.6376   160.7809
 1444.7500   252.3835     2.6323   162.2739
 1444.8750   253.0432     2.6243   162.6046
 1445.0000   250.1112     2.6192   163.2901
 1445.1250   248.6613     2.6114   164.8549
 1445.2500   258.5818     2.5802   166.5095
 1445.3750   273.7946     2.5168   167.6485
 1445.5000   285.5424     2.4342   167.8894
 1445.6250   294.4938     2.3676   164.7943
 1445.7500   301.0143     2.3260   156.7779
 1445.8750   300.1639     2.3053   145.7208
 1446.0000   292.6644     2.2838   136.7469
 1446.1250   284.0451     2.2691   131.4201
 1446.2500   278.9508     2.3040   128.5402
 1446.3750   273.5366     2.3624   127.2696
 1446.5000   265.1753     2.4304   128.6510
 1446.6250   260.2176     2.4954   132.7862
 1446.7500   261.1928     2.5148   137.2447
 1446.8750   263.1858     2.4849   140.1113
 1447.0000   262.3395     2.4410   140.7705
 1447.1250   259.8697     2.4110   139.8338
 1447.2500   256.8462     2.3999   137.6638
 1447.3750   253.0421     2.3634   134.8113
 1447.5000   251.6764     2.2641   131.6276
 1447.6250   256.9213     2.1196   128.4647
 1447.7500   266.6498     1.9930   126.0253
 1447.8750   278.1263     1.9195   124.3092
 1448.0000   289.0007     1.9346   122.7998
 1448.1250   293.8032     2.0243   121.6069
 1448.2500   286.9672     2.1802   121.4418
 1448.3750   272.2986     2.3727   122.6680
 1448.5000   259.5360     2.5308   124.3215
 1448.6250   250.0963     2.5896   125.4628
 1448.7500   244.7044     2.5896   125.3044
 1448.8750   246.3846     2.5942   123.7987
 1449.0000   251.7994     2.6142   122.0934
 1449.1250   254.3338     2.6272   121.6783
 1449.2500   255.5998     2.6286   123.3403
 1449.3750   258.2017     2.6169   126.6042
 1449.5000   262.2260     2.5969   129.2711
 1449.6250   265.7219     2.5727   130.0125
 1449.7500   267.0610     2.5468   129.1073
 1449.8750   266.6002     2.5319   128.0700
 1450.0000   262.2917     2.5348   127.1133
 1450.1250   252.6385     2.5499   124.5867
 1450.2500   241.3614     2.5700   119.7860
 1450.3750   232.1653     2.5909   113.2746
 1450.5000   227.3090     2.6082   107.6026
 1450.6250   227.5035     2.6217   105.4610
 1450.7500   233.3741     2.6298   108.7832
 1450.8750   242.4626     2.6306   114.9491
 1451.0000   250.4544     2.6275   120.8253
 1451.1250   254.5431     2.6254   124.8769
 1451.2500   256.8403     2.6229   127.7316
 1451.3750   256.4852     2.6145   129.2034
 1451.5000   253.1143     2.5999   128.4133
 1451.6250   249.2071     2.5880   125.3872
 1451.7500   242.9375     2.5864   119.4274
 1451.8750   232.8799     2.5945   109.8907
 1452.0000   224.3948     2.6060    98.6180
 1452.1250   221.2982     2.6169    90.6319
 1452.2500   221.1617     2.6272    90.4487
 1452.3750   224.0601     2.6383    96.7886
 1452.5000   229.4125     2.6480   104.1780
 1452.6250   232.9261     2.6495   108.6772
 1452.7500   235.4250     2.6385   111.5268
 1452.8750   238.6852     2.6196   115.3621
 1453.0000   238.8306     2.6057   118.9148
 1453.1250   236.8198     2.6043   118.1690
 1453.2500   235.6815     2.6150   110.5950
 1453.3750   230.4148     2.6310    99.4244
 1453.5000   220.1914     2.6449    88.9711
 1453.6250   212.8871     2.6522    81.8999
 1453.7500   208.4900     2.6539    77.7209
 1453.8750   203.2837     2.6541    75.4296
 1454.0000   202.8974     2.6508    75.4699
 1454.1250   213.4427     2.6346    78.9045
 1454.2500   228.5341     2.5977    86.9383
 1454.3750   239.5579     2.5572    97.4169
 1454.5000   249.2087     2.5339   107.4086
 1454.6250   252.2544     2.5424   112.6023
 1454.7500   242.1720     2.5683   111.3457
 1454.8750   230.2469     2.5865   104.9200
 1455.0000   231.4982     2.5694    99.9526
 1455.1250   239.3956     2.5194   101.5363
 1455.2500   246.5652     2.4606   109.7009
 1455.3750   251.3310     2.4306   116.7102
 1455.5000   249.9402     2.4454   116.3564
 1455.6250   237.0874     2.5019   106.2302
 1455.7500   219.0052     2.5665    91.7439
 1455.8750   204.9521     2.6148    78.2532
 1456.0000   199.5799     2.6381    70.5648
 1456.1250   197.6730     2.6509    67.8240
 1456.2500   198.0569     2.6588    68.4410
 1456.3750   204.5557     2.6581    72.4779
 1456.5000   214.9924     2.6471    81.0553
 1456.6250   225.1678     2.6271    94.0143
 1456.7500   235.0519     2.6047   106.9400
 1456.8750   243.4896     2.5874   115.4583
 1457.0000   246.0328     2.5836   117.7177
 1457.1250   243.3219     2.5947   116.5437
 1457.2500   239.3777     2.6129   114.3751
 1457.3750   238.0049     2.6248   112.6525
 1457.5000   238.5131     2.6268   111.7673
 1457.6250   238.9477     2.6247   112.3408
 1457.7500   239.8231     2.6244   115.1766
 1457.8750   241.6390     2.6257   118.1810
 1458.0000   242.0982     2.6257   118.0451
 1458.1250   238.8625     2.6236   112.6330
 1458.2500   232.8532     2.6214   103.0956
 1458.3750   225.0842     2.6225    91.6686
 1458.5000   215.6840     2.6276    80.8463
 1458.6250   206.2990     2.6334    72.4899
 1458.7500   201.0394     2.6351    68.6410
 1458.8750   200.2692     2.6322    68.3050
 1459.0000   203.1940     2.6286    70.2865
 1459.1250   209.8048     2.6276    74.1398
 1459.2500   217.3680     2.6281    79.8999
 1459.3750   223.6664     2.6280    87.0282
 1459.5000   227.0498     2.6257    92.6603
 1459.6250   226.8260     2.6199    93.9496
 1459.7500   223.4724     2.6104    90.1332
 1459.8750   219.3983     2.5999    83.9223
 1460.0000   216.1898     2.5938    78.4425
 1460.1250   214.7263     2.5964    75.0578
 1460.2500   214.7024     2.6039    73.2605
 1460.3750   215.3949     2.6102    72.8465
 1460.5000   216.2643     2.6115    73.3671
 1460.6250   216.9140     2.6103    73.3788
 1460.7500   216.9549     2.6106    72.2401
 1460.8750   216.2587     2.6138    71.0264
 1461.0000   215.6088     2.6163    71.6671
 1461.1250   217.1254     2.6148    75.2877
 1461.2500   222.3149     2.6108    82.3632
 1461.3750   227.6136     2.6092    91.7578
 1461.5000   228.8359     2.6138    99.8586
 1461.6250   226.7508     2.6237   101.6784
 1461.7500   223.7042     2.6334    96.9858
 1461.8750   221.5292     2.6382    90.4639
 1462.0000   220.9000     2.6415    88.1046
 1462.1250   220.7500     2.6480    89.9025
 1462.2500   218.9364     2.6600    90.3088
 1462.3750   214.1770     2.6710    86.2869
 1462.5000   210.1755     2.6686    80.8913
 1462.6250   216.5710     2.6507    80.4303
 1462.7500   230.5980     2.6364    86.8724
 1462.8750   243.7643     2.6092    98.2962
 1463.0000   252.8693     2.5856   109.3330
 1463.1250   255.8812     2.6057   116.2461
 1463.2500   248.9953     2.6310   117.5765
 1463.3750   237.2355     2.6383   115.3814
 1463.5000   226.0373     2.6572   111.1520
 1463.6250   219.5076     2.6708   104.9955
 1463.7500   218.2537     2.6591   100.1660
 1463.8750   219.5881     2.6335    99.9842
 1464.0000   224.0761     2.6056   104.4783
 1464.1250   233.8436     2.5758   109.5585
 1464.2500   244.7782     2.5407   113.7715
 1464.3750   250.1806     2.5016   117.5695
 1464.5000   251.9241     2.4686   120.5107
 1464.6250   254.4910     2.4432   121.6263
 1464.7500   257.0224     2.4040   121.9264
 1464.8750   256.2419     2.3441   123.0484
 1465.0000   253.0917     2.2837   124.9439
 1465.1250   252.9946     2.2537   125.2025
 1465.2500   256.3577     2.2584   123.3633
 1465.3750   258.9254     2.2731   121.6733
 1465.5000   259.6536     2.2652   122.3499
 1465.6250   261.8951     2.2368   124.9047
 1465.7500   266.3293     2.2187   126.4871
 1465.8750   267.6914     2.2247   126.0786
 1466.0000   266.8604     2.2513   125.0112
 1466.1250   271.2978     2.2813   124.8418
 1466.2500   277.1031     2.2999   125.4247
 1466.3750   277.7427     2.2999   126.4154
 1466.5000   277.7451     2.2902   127.2687
 1466.6250   280.7359     2.2840   127.9751
 1466.7500   280.9546     2.2826   129.1972
 1466.8750   278.2088     2.2702   130.9620
 1467.0000   276.2438     2.2400   132.2617
 1467.1250   272.7743     2.2066   131.0933
 1467.2500   269.4696     2.1969   127.2901
 1467.3750   271.4373     2.2226   122.2741
 1467.5000   276.4009     2.2661   118.6187
 1467.6250   278.6374     2.3033   117.7904
 1467.7500   276.6558     2.3361   119.5950
 1467.8750   273.0503     2.3838   121.7266
 1468.0000   269.0061     2.4460   123.0421
 1468.1250   262.5482     2.5042   124.3226
 1468.2500   255.6915     2.5464   126.3669
 1468.3750   252.5758     2.5741   128.3135
 1468.5000   253.6651     2.5854   128.3883
 1468.6250   256.0649     2.5859   127.0678
 1468.7500   259.4175     2.5852   125.9636
 1468.8750   262.3332     2.5911   126.1577
 1469.0000   262.9871     2.5971   127.1638
 1469.1250   261.8959     2.5851   128.5399
 1469.2500   261.4277     2.5395   130.0475
 1469.3750   262.5121     2.4708   130.7425
 1469.5000   266.4817     2.4026   129.8188
 1469.6250   272.0652     2.3617   128.7255
 1469.7500   275.1376     2.3490   128.7177
 1469.8750   274.8036     2.3404   129.7939
 1470.0000   275.8680     2.3063   131.0497
 1470.1250   277.8058     2.2442   132.0133
 1470.2500   277.8981     2.1780   132.5192
 1470.3750   277.9176     2.1359   131.9683
 1470.5000   278.3696     2.1299   130.2102
 1470.6250   277.1881     2.1578   128.6729
 1470.7500   274.8123     2.2084   128.3696
 1470.8750   273.0012     2.2771   129.9894
 1471.0000   271.6129     2.3550   132.5754
 1471.1250   270.2553     2.4274   133.8183
 1471.2500   269.5564     2.4772   132.5687
 1471.3750   268.9965     2.5062   130.6306
 1471.5000   266.9553     2.5267   130.0782
 1471.6250   264.0521     2.5442   131.4573
 1471.7500   263.7206     2.5566   132.9398
 1471.8750   266.0463     2.5628   133.4401
 1472.0000   267.7540     2.5640   132.9513
 1472.1250   267.9903     2.5617   132.1396
 1472.2500   266.3008     2.5573   131.2641
 1472.3750   261.9565     2.5514   130.5835
 1472.5000   258.0919     2.5368   129.7517
 1472.6250   257.9134     2.5018   128.2473
 1472.7500   260.5417     2.4505   127.0837
 1472.8750   264.7372     2.4021   127.1866
 1473.0000   268.2768     2.3833   128.8600
 1473.1250   269.7689     2.3984   131.2194
 1473.2500   268.5860     2.4336   133.0771
 1473.3750   264.2812     2.4679   133.6688
 1473.5000   261.2749     2.4802   133.1708
 1473.6250   261.6331     2.4530   131.7854
 1473.7500   266.2259     2.3789   130.7176
 1473.8750   276.6786     2.2816   131.2453
 1474.0000   289.1504     2.1920   134.1413
 1474.1250   295.9273     2.1417   137.7777
 1474.2500   298.9410     2.1392   139.4509
 1474.3750   296.6163     2.1845   138.2364
 1474.5000   286.8113     2.2658   135.9764
 1474.6250   276.6033     2.3690   133.9393
 1474.7500   271.2833     2.4675   133.2018
 1474.8750   266.5171     2.5381   133.8444
 1475.0000   262.1313     2.5791   135.0580
 1475.1250   260.7954     2.5976   135.1003
 1475.2500   260.3955     2.6001   133.6289
 1475.3750   259.6605     2.5850   131.7333
 1475.5000   260.7466     2.5561   131.0326
 1475.6250   263.1741     2.5246   131.7951
 1475.7500   264.9044     2.5007   133.8179
 1475.8750   265.1587     2.4934   135.8404
 1476.0000   263.3876     2.5061   136.7275
 1476.1250   259.0858     2.5389   135.8933
 1476.2500   255.2812     2.5777   133.8967
 1476.3750   254.0740     2.6074   131.7137
 1476.5000   254.8928     2.6182   131.1000
 1476.6250   255.6915     2.6219   131.9300
 1476.7500   255.1555     2.6298   132.5767
 1476.8750   252.5730     2.6450   131.3474
 1477.0000   249.0281     2.6600   129.0631
 1477.1250   246.3436     2.6693   127.3830
 1477.2500   245.8323     2.6724   127.2728
 1477.3750   247.2672     2.6735   128.1529
 1477.5000   249.6675     2.6750   129.1755
 1477.6250   251.6181     2.6757   130.6688
 1477.7500   252.5203     2.6727   133.0019
 1477.8750   252.1362     2.6639   135.7041
 1478.0000   250.5112     2.6527   137.6710
 1478.1250   249.0039     2.6435   138.4522
 1478.2500   248.6927     2.6356   138.2262
 1478.3750   248.7429     2.6213   137.2922
 1478.5000   248.5430     2.5979   135.1295
 1478.6250   247.1901     2.5765   131.6787
 1478.7500   244.7210     2.5683   127.7030
 1478.8750   243.3361     2.5766   124.6150
 1479.0000   242.4274     2.5940   123.7075
 1479.1250   240.6519     2.6140   124.6984
 1479.2500   240.2195     2.6340   126.3022
 1479.3750   239.9157     2.6512   126.6007
 1479.5000   237.0205     2.6620   125.4828
 1479.6250   235.3361     2.6633   124.5194
 1479.7500   236.3698     2.6576   124.6825
 1479.8750   236.6204     2.6474   125.3468
 1480.0000   236.0378     2.6361   125.1834
 1480.1250   234.7128     2.6283   124.3116
 1480.2500   230.4349     2.6270   123.2196
 1480.3750   228.4400     2.6292   121.4525
 1480.5000   230.6813     2.6296   119.0195
 1480.6250   231.3352     2.6263   116.3076
 1480.7500   230.7125     2.6229   114.1508
 1480.8750   232.9846     2.6222   113.7305
 1481.0000   236.3039     2.6239   116.1800
 1481.1250   238.1875     2.6247   120.2004
 1481.2500   239.0224     2.6219   123.6744
 1481.3750   238.6891     2.6150   123.4511
 1481.5000   235.5819     2.6083   118.7696
 1481.6250   228.1238     2.6058   110.1958
 1481.7500   220.3530     2.6075   100.6317
 1481.8750   216.7883     2.6103    92.6891
 1482.0000   214.3816     2.6129    86.5413
 1482.1250   209.5315     2.6180    80.8674
 1482.2500   204.7763     2.6269    75.2194
 1482.3750   200.9855     2.6369    70.1052
 1482.5000   196.5105     2.6419    66.7455
 1482.6250   193.5415     2.6387    66.0512
 1482.7500   195.2439     2.6269    68.3930
 1482.8750   198.7044     2.6130    71.3072
 1483.0000   202.4679     2.6012    72.6862
 1483.1250   207.3881     2.5934    72.0056
 1483.2500   211.8346     2.5875    70.4049
 1483.3750   214.4671     2.5824    68.6846
 1483.5000   215.9557     2.5796    67.9683
 1483.6250   216.1629     2.5811    68.9059
 1483.7500   215.1894     2.5876    71.0848
 1483.8750   214.8102     2.5961    73.2522
 1484.0000   215.3725     2.6020    75.4582
 1484.1250   216.4339     2.6022    79.6414
 1484.2500   218.2084     2.6007    86.8524
 1484.3750   220.4088     2.6017    95.5761
 1484.5000   220.9538     2.6059   101.6198
 1484.6250   219.1405     2.6067   102.5540
 1484.7500   216.2105     2.6014    98.7795
 1484.8750   212.8448     2.5950    92.9154
 1485.0000   210.1324     2.5932    87.2316
 1485.1250   210.9071     2.5959    83.6721
 1485.2500   214.5973     2.5978    85.2239
 1485.3750   218.4937     2.5978    92.7587
 1485.5000   223.1803     2.5977   104.0349
 1485.6250   229.3090     2.6002   114.3591
 1485.7500   234.3703     2.6058   121.1809
 1485.8750   236.1628     2.6125   123.0739
 1486.0000   237.3586     2.6158   121.9050
 1486.1250   240.4817     2.6146   120.2043
 1486.2500   243.9127     2.6109   121.0800
 1486.3750   245.3205     2.6066   124.3535
 1486.5000   246.7505     2.6023   127.7537
 1486.6250   249.3646     2.6007   129.9560
 1486.7500   250.7239     2.6046   131.7012
 1486.8750   250.7356     2.6140   133.6476
 1487.0000   251.1083     2.6234   135.4084
 1487.1250   251.6467     2.6287   136.0328
 1487.2500   251.2108     2.6291   135.1722
 1487.3750   249.2993     2.6283   134.1140
 1487.5000   247.8285     2.6278   133.6226
 1487.6250   248.9940     2.6290   133.5310
 1487.7500   250.6800     2.6325   133.7026
 1487.8750   251.7841     2.6385   134.6830
 1488.0000   252.4816     2.6452   136.5526
 1488.1250   250.9195     2.6501   138.1625
 1488.2500   246.3183     2.6514   138.3320
 1488.3750   240.8433     2.6480   136.2769
 1488.5000   236.9555     2.6406   132.0766
 1488.6250   236.1402     2.6315   127.2727
 1488.7500   236.5755     2.6233   124.1936
 1488.8750   235.9519     2.6176   122.4947
 1489.0000   233.0583     2.6167   119.2502
 1489.1250   227.0665     2.6200   112.9965
 1489.2500   218.3654     2.6262   105.1326
 1489.3750   210.9485     2.6335    99.0297
 1489.5000   208.3716     2.6405    96.6274
 1489.6250   211.3270     2.6447    98.3894
 1489.7500   217.6809     2.6405   103.2515
 1489.8750   225.4803     2.6277   109.9104
 1490.0000   233.4868     2.6112   117.2378
 1490.1250   237.8944     2.5977   122.5624
 1490.2500   237.1003     2.5883   122.7645
 1490.3750   232.1225     2.5822   114.8888
 1490.5000   224.3654     2.5778   101.0041
 1490.6250   214.8981     2.5747    85.3220
 1490.7500   208.0322     2.5724    73.1798
 1490.8750   205.3370     2.5726    66.2770
 1491.0000   204.1653     2.5780    63.4029
 1491.1250   202.2518     2.5899    62.6257
 1491.2500   200.4238     2.6037    63.1155
 1491.3750   198.7499     2.6128    64.8954
 1491.5000   198.1528     2.6141    67.1060
 1491.6250   200.0697     2.6118    68.7693
 1491.7500   204.0872     2.6109    69.7490
 1491.8750   208.1522     2.6124    70.6535
 1492.0000   210.6855     2.6138    71.3069
 1492.1250   210.6964     2.6126    71.4992
 1492.2500   210.2874     2.6092    72.4003
 1492.3750   211.1870     2.6057    75.5293
 1492.5000   213.8726     2.6067    82.4123
 1492.6250   218.7231     2.6128    92.3513
 1492.7500   224.9826     2.6213   103.5948
 1492.8750   231.5275     2.6256   113.9430
 1493.0000   240.5852     2.6224   122.3715
 1493.1250   249.6875     2.6135   128.2684
 1493.2500   251.0174     2.6078   130.3349
 1493.3750   246.1538     2.6122   126.8331
 1493.5000   237.3477     2.6285   117.1740
 1493.6250   223.5481     2.6471   105.4798
 1493.7500   211.4488     2.6593    96.3149
 1493.8750   210.5153     2.6590    94.1023
 1494.0000   215.4739     2.6515    98.2340
 1494.1250   221.4085     2.6426   105.9175
 1494.2500   225.6883     2.6357   111.9608
 1494.3750   225.8385     2.6328   112.8853
 1494.5000   222.3155     2.6360   108.6825
 1494.6250   218.5474     2.6442   103.6345
 1494.7500   216.7729     2.6530   101.8509
 1494.8750   219.5901     2.6553   105.0637
 1495.0000   227.3413     2.6457   111.9250
 1495.1250   238.4985     2.6256   120.9102
 1495.2500   253.4051     2.6016   131.9396
 1495.3750   268.7659     2.5811   143.4319
 1495.5000   279.2758     2.5650   152.5939
 1495.6250   284.5429     2.5483   156.4416
 1495.7500   289.2099     2.5256   155.7262
 1495.8750   290.6608     2.4993   151.8063
 1496.0000   286.3065     2.4852   146.9282
 1496.1250   282.3531     2.4953   142.8334
 1496.2500   279.6379     2.5299   140.8936
 1496.3750   271.7253     2.5717   140.4218
 1496.5000   260.7188     2.6058   139.0839
 1496.6250   252.5131     2.6276   135.4365
 1496.7500   246.4936     2.6431   130.8417
 1496.8750   240.8847     2.6562   127.6477
 1497.0000   237.5112     2.6671   128.0655
 1497.1250   237.8513     2.6733   130.3533
 1497.2500   240.6461     2.6722   132.2153
 1497.3750   243.2603     2.6624   132.2664
 1497.5000   245.4543     2.6486   131.7028
 1497.6250   246.0152     2.6373   131.5003
 1497.7500   242.7004     2.6338   130.5645
 1497.8750   237.1838     2.6356   127.7950
 1498.0000   232.1314     2.6386   123.8310
 1498.1250   228.7348     2.6400   120.6541
 1498.2500   227.3268     2.6402   118.9895
 1498.3750   228.0829     2.6401   119.0519
 1498.5000   230.5369     2.6397   120.6079
 1498.6250   234.0129     2.6376   123.2332
 1498.7500   237.8391     2.6323   126.6723
 1498.8750   242.9166     2.6250   130.9970
 1499.0000   248.7651     2.6197   135.7448
 1499.1250   251.1741     2.6202   138.3593
 1499.2500   247.7113     2.6231   136.0827
 1499.3750   238.7691     2.6241   128.3536
 1499.5000   229.1152     2.6235   119.2636
 1499.6250   224.0776     2.6241   113.8882
 1499.7500   226.1876     2.6267   116.1459
 1499.8750   233.5747     2.6281   125.2115
 1500.0000   246.0592     2.6247   138.5989
 1500.1250   260.1637     2.6139   154.0702
 1500.2500   267.7258     2.5997   167.6208
 1500.3750   269.2675     2.5896   175.5656
 1500.5000   269.3528     2.5914   175.9300
 1500.6250   265.8857     2.6022   172.5560
 1500.7500   257.8659     2.6148   168.0978
 1500.8750   249.3198     2.6211   161.3652
 1501.0000   241.2471     2.6203   150.1445
 1501.1250   233.1913     2.6138   135.3898
 1501.2500   226.3941     2.6042   121.6765
 1501.3750   222.3105     2.5935   111.9265
 1501.5000   221.7798     2.5846   106.6033
 1501.6250   222.4575     2.5792   102.8310
 1501.7500   223.1036     2.5758    99.0776
 1501.8750   224.0595     2.5725    96.2973
 1502.0000   224.7148     2.5702    96.4134
 1502.1250   224.8332     2.5713   100.4065
 1502.2500   225.0798     2.5762   107.1223
 1502.3750   225.8612     2.5824   114.5672
 1502.5000   227.3583     2.5885   121.5968
 1502.6250   229.1548     2.5962   127.4441
 1502.7500   230.6698     2.6055   131.5324
 1502.8750   232.2675     2.6131   133.1005
 1503.0000   233.6453     2.6133   132.5311
 1503.1250   234.0425     2.6048   131.1257
 1503.2500   233.9986     2.5908   128.9621
 1503.3750   235.4948     2.5784   123.8845
 1503.5000   239.6122     2.5712   115.6058
 1503.6250   244.1393     2.5723   108.7475
 1503.7500   246.0202     2.5788   107.5281
 1503.8750   245.3127     2.5837   111.6584
 1504.0000   244.8216     2.5755   115.4036
 1504.1250   243.8676     2.5527   114.3795
 1504.2500   240.4800     2.5247   108.2971
 1504.3750   237.6495     2.5084   101.5240
 1504.5000   236.8441     2.5084    97.3197
 1504.6250   234.2220     2.5193    96.3180
 1504.7500   230.3197     2.5291    95.9721
 1504.8750   228.1723     2.5358    95.8415
 1505.0000   227.2144     2.5459    97.0288
 1505.1250   227.5201     2.5649    98.1841
 1505.2500   228.2440     2.5936    96.4386
 1505.3750   224.1297     2.6283    89.8196
 1505.5000   217.3363     2.6599    80.8457
 1505.6250   211.3854     2.6783    72.9757
 1505.7500   204.6849     2.6785    68.6767
 1505.8750   198.5910     2.6677    67.9817
 1506.0000   198.8561     2.6511    70.8740
 1506.1250   205.1684     2.6284    76.6837
 1506.2500   213.1489     2.6002    84.0453
 1506.3750   220.3892     2.5749    91.5064
 1506.5000   226.8974     2.5632    99.7321
 1506.6250   232.5906     2.5683   111.0556
 1506.7500   236.4739     2.5870   127.2082
 1506.8750   239.3649     2.6071   143.2945
 1507.0000   242.2054     2.6177   152.9957
 1507.1250   243.4473     2.6091   151.8428
 1507.2500   241.9669     2.5846   141.7825
 1507.3750   238.7638     2.5544   126.0420
 1507.5000   235.0951     2.5327   110.3589
 1507.6250   231.5799     2.5253    99.0876
 1507.7500   229.8731     2.5311    94.5136
 1507.8750   229.9622     2.5421    94.2942
 1508.0000   230.2963     2.5523    95.6099
 1508.1250   230.3341     2.5571    97.3149
 1508.2500   230.4850     2.5572   100.3294
 1508.3750   230.5874     2.5567   105.3209
 1508.5000   231.2054     2.5608   110.5366
 1508.6250   233.4864     2.5703   113.9000
 1508.7500   236.8654     2.5828   116.5216
 1508.8750   238.7775     2.5908   121.2658
 1509.0000   238.6466     2.5894   126.2369
 1509.1250   236.8613     2.5793   125.9868
 1509.2500   233.3410     2.5686   118.6658
 1509.3750   229.5414     2.5626   109.0349
 1509.5000   228.1684     2.5606   103.6233
 1509.6250   227.6524     2.5580   103.9444
 1509.7500   225.4399     2.5550   106.9496
 1509.8750   221.2561     2.5581   106.5871
 1510.0000   216.7773     2.5705   101.8154
 1510.1250   213.6762     2.5882    96.8523
 1510.2500   213.6153     2.5956    98.0612
 1510.3750   216.3372     2.5851   104.3865
 1510.5000   221.7735     2.5609   109.4748
 1510.6250   227.3839     2.5384   107.9220
 1510.7500   230.4204     2.5244   102.0886
 1510.8750   231.4376     2.5175    97.0842
 1511.0000   232.0697     2.5137    96.0889
 1511.1250   231.3485     2.5149    98.5216
 1511.2500   229.1461     2.5241   102.6399
 1511.3750   226.5901     2.5367   104.9667
 1511.5000   224.1856     2.5468   102.3864
 1511.6250   222.6746     2.5511    94.9908
 1511.7500   222.3500     2.5538    88.4439
 1511.8750   223.4243     2.5579    87.4383
 1512.0000   225.9196     2.5643    93.3814
 1512.1250   229.2260     2.5724   104.3051
 1512.2500   233.3697     2.5832   118.9587
 1512.3750   238.5452     2.5968   135.2410
 1512.5000   243.8429     2.6103   150.1701
 1512.6250   247.7359     2.6183   160.3217
 1512.7500   249.7975     2.6198   165.3461
 1512.8750   249.8299     2.6183   166.3479
 1513.0000   246.5825     2.6174   164.7043
 1513.1250   242.3955     2.6169   162.2521
 1513.2500   240.4833     2.6159   159.8682
 1513.3750   240.6682     2.6156   158.0152
 1513.5000   240.7143     2.6181   156.1028
 1513.6250   240.5615     2.6218   153.4637
 1513.7500   240.0290     2.6214   150.3083
 1513.8750   238.8378     2.6167   147.7514
 1514.0000   237.7148     2.6120   147.6523
 1514.1250   237.7293     2.6134   150.4361
 1514.2500   238.1981     2.6212   153.7897
 1514.3750   237.1300     2.6315   153.3210
 1514.5000   233.9079     2.6387   147.7873
 1514.6250   229.4044     2.6416   139.4316
 1514.7500   225.8598     2.6406   132.5105
 1514.8750   224.8493     2.6368   129.5710
 1515.0000   226.0367     2.6310   131.3159
 1515.1250   229.4438     2.6262   136.9575
 1515.2500   235.4886     2.6228   144.8734
 1515.3750   243.4901     2.6168   154.3495
 1515.5000   250.6717     2.6049   164.7448
 1515.6250   254.9583     2.5913   173.4507
 1515.7500   255.2182     2.5838   175.5822
 1515.8750   253.1030     2.5851   170.7295
 1516.0000   249.6623     2.5914   163.0807
 1516.1250   246.1331     2.5970   157.7315
 1516.2500   244.5007     2.5985   155.0930
 1516.3750   245.6668     2.5942   153.8541
 1516.5000   249.9115     2.5836   155.1576
 1516.6250   256.6743     2.5691   161.5692
 1516.7500   265.6936     2.5545   173.3046
 1516.8750   274.5534     2.5446   185.0697
 1517.0000   278.7224     2.5427   190.4635
 1517.1250   275.1509     2.5519   185.5773
 1517.2500   267.3560     2.5693   174.1350
 1517.3750   258.6641     2.5888   163.0713
 1517.5000   250.2275     2.6062   157.6365
 1517.6250   243.9994     2.6208   155.3741
 1517.7500   241.2476     2.6320   152.3118
 1517.8750   240.5889     2.6362   148.3795
 1518.0000   240.8161     2.6329   147.0601
 1518.1250   242.7001     2.6250   148.6350
 1518.2500   244.7279     2.6188   150.8675
 1518.3750   246.4186     2.6176   153.2715
 1518.5000   248.7599     2.6204   156.8530
 1518.6250   250.2063     2.6235   161.3912
 1518.7500   251.0192     2.6247   165.3465
 1518.8750   252.8821     2.6239   167.7766
 1519.0000   252.9834     2.6227   168.5605
 1519.1250   251.5215     2.6220   167.4996
 1519.2500   251.4499     2.6211   165.1636
 1519.3750   251.3248     2.6191   162.9329
 1519.5000   250.6621     2.6174   161.3948
 1519.6250   250.5179     2.6197   160.2545
 1519.7500   248.5712     2.6256   158.6633
 1519.8750   244.1259     2.6308   156.8648
 1520.0000   239.9679     2.6294   155.4194
 1520.1250   238.2398     2.6206   154.6276
 1520.2500   240.4827     2.6057   155.9973
 1520.3750   248.0528     2.5892   162.6124
 1520.5000   257.8374     2.5759   174.6219
 1520.6250   263.8504     2.5726   187.4404
 1520.7500   267.3501     2.5789   195.2449
 1520.8750   271.7228     2.5885   197.9955
 1521.0000   274.7850     2.5909   199.2312
 1521.1250   275.2720     2.5856   200.0565
 1521.2500   273.7387     2.5794   195.6374
 1521.3750   266.9979     2.5806   179.3338
 1521.5000   254.5731     2.5880   154.8950
 1521.6250   241.3061     2.5956   132.5751
 1521.7500   234.8470     2.5978   124.8623
 1521.8750   235.3521     2.5963   132.4641
 1522.0000   238.2757     2.5969   147.8053
 1522.1250   239.8949     2.6033   158.5109
 1522.2500   238.9192     2.6140   160.4574
 1522.3750   234.3776     2.6244   155.8035
 1522.5000   232.4982     2.6304   151.7716
 1522.6250   237.6593     2.6298   152.7874
 1522.7500   244.8817     2.6219   159.3451
 1522.8750   250.3362     2.6127   166.3938
 1523.0000   255.7810     2.6092   168.8794
 1523.1250   257.3086     2.6138   165.4537
 1523.2500   253.9378     2.6212   160.3682
 1523.3750   250.6821     2.6250   156.3554
 1523.5000   247.1198     2.6230   152.3885
 1523.6250   242.0855     2.6178   147.5046
 1523.7500   241.4991     2.6120   144.3226
 1523.8750   243.9383     2.6069   146.8485
 1524.0000   245.0750     2.6035   154.3492
 1524.1250   246.9965     2.6031   161.4257
 1524.2500   248.4414     2.6045   162.8855
 1524.3750   244.3513     2.6054   157.6392
 1524.5000   236.4028     2.6010   147.1802
 1524.6250   231.0131     2.5889   134.2086
 1524.7500   230.5101     2.5704   122.3836
 1524.8750   232.5066     2.5517   117.4195
 1525.0000   235.1251     2.5370   119.6329
 1525.1250   239.2299     2.5284   124.4795
 1525.2500   242.5142     2.5268   126.3997
 1525.3750   241.2235     2.5334   126.0049
 1525.5000   237.1647     2.5472   125.8981
 1525.6250   234.1737     2.5623   126.0377
 1525.7500   231.3801     2.5752   126.2993
 1525.8750   230.1968     2.5827   129.3023
 1526.0000   232.2461     2.5829   135.3011
 1526.1250   234.9659     2.5743   140.9654
 1526.2500   235.9705     2.5591   140.8140
 1526.3750   235.8986     2.5445   134.5555
 1526.5000   233.7161     2.5366   125.9836
 1526.6250   230.7572     2.5357   120.2410
 1526.7500   229.8504     2.5370   118.0771
 1526.8750   231.8890     2.5370   117.7113
 1527.0000   236.0125     2.5375   118.4066
 1527.1250   240.4175     2.5419   122.0224
 1527.2500   243.2326     2.5509   130.1097
 1527.3750   246.6056     2.5597   140.8921
 1527.5000   248.8685     2.5645   150.4558
 1527.6250   244.2984     2.5659   150.8315
 1527.7500   235.5097     2.5662   139.0848
 1527.8750   227.1084     2.5656   118.7247
 1528.0000   222.3665     2.5618   102.5448
 1528.1250   223.8493     2.5539    98.7127
 1528.2500   232.7503     2.5423   107.5272
 1528.3750   244.1395     2.5280   120.6014
 1528.5000   253.1939     2.5122   131.0354
 1528.6250   256.3868     2.4972   134.9639
 1528.7500   254.3339     2.4839   132.8774
 1528.8750   250.3096     2.4715   125.7882
 1529.0000   250.3913     2.4621   116.5506
 1529.1250   255.9128     2.4621   110.2289
 1529.2500   262.3020     2.4755   110.1481
 1529.3750   262.7767     2.4954   115.4083
 1529.5000   258.6101     2.5105   120.7070
 1529.6250   251.8655     2.5162   121.2054
 1529.7500   241.5602     2.5168   114.4882
 1529.8750   231.1304     2.5161   103.0372
 1530.0000   226.9476     2.5145    92.0410
 1530.1250   229.0816     2.5112    87.4084
 1530.2500   237.8694     2.5160    93.2033
 1530.3750   252.1838     2.5298   115.5465
 1530.5000   264.4207     2.5136   151.4374
 1530.6250   274.4151     2.4933   191.9240
 1530.7500   283.1930     2.5041   220.7303
 1530.8750   285.7702     2.5049   231.2134
 1531.0000   284.6859     2.4934   225.4760
 1531.1250   288.1756     2.5008   213.6736
 1531.2500   290.6588     2.5200   202.6705
 1531.3750   284.8891     2.5476   193.4767
 1531.5000   274.8591     2.5830   183.6779
 1531.6250   263.4552     2.6201   173.2263
 1531.7500   250.6100     2.6470   164.8690
 1531.8750   241.4131     2.6586   159.9597
 1532.0000   239.1823     2.6586   156.8814
 1532.1250   240.7387     2.6535   154.4740
 1532.2500   241.4778     2.6470   152.9796
 1532.3750   241.7784     2.6409   152.9667
 1532.5000   243.0424     2.6383   153.6619
 1532.6250   243.8910     2.6378   153.1881
 1532.7500   243.2904     2.6365   151.4521
 1532.8750   242.1139     2.6346   150.2318
 1533.0000   240.2974     2.6351   149.5211
 1533.1250   236.9167     2.6394   148.2758
 1533.2500   233.1566     2.6449   145.4503
 1533.3750   231.1887     2.6489   141.5762
 1533.5000   231.9705     2.6485   138.5945
 1533.6250   235.1732     2.6435   138.6815
 1533.7500   240.9605     2.6356   142.8052
 1533.8750   246.6884     2.6293   148.6659
 1534.0000   249.5528     2.6289   152.4719
 1534.1250   249.9014     2.6366   153.4345
 1534.2500   248.6513     2.6493   153.1904
 1534.3750   247.0243     2.6588   153.3724
 1534.5000   247.3898     2.6588   154.2035
 1534.6250   249.3259     2.6537   155.0241
 1534.7500   251.4312     2.6517   155.3162
 1534.8750   253.5858     2.6567   155.6925
 1535.0000   254.1659     2.6654   157.6444
 1535.1250   252.3102     2.6730   160.4832
 1535.2500   250.2820     2.6750   161.3491
 1535.3750   248.7064     2.6714   159.7090
 1535.5000   246.2905     2.6644   156.5984
 1535.6250   244.1055     2.6576   153.3962
 1535.7500   243.0828     2.6527   150.8750
 1535.8750   242.2888     2.6498   150.1522
 1536.0000   241.7652     2.6490   152.1164
 1536.1250   241.6364     2.6491   154.7237
 1536.2500   240.8956     2.6484   154.9117
 1536.3750   239.4642     2.6460   152.2391
 1536.5000   238.4084     2.6425   148.8530
 1536.6250   238.2709     2.6394   147.5727
 1536.7500   238.4624     2.6374   148.5590
 1536.8750   238.8048     2.6375   150.4597
 1537.0000   239.9171     2.6404   151.6761
 1537.1250   241.4907     2.6448   152.0454
 1537.2500   242.7393     2.6490   153.1214
 1537.3750   243.6217     2.6506   156.7340
 1537.5000   244.4482     2.6487   161.4876
 1537.6250   244.5484     2.6439   163.8067
 1537.7500   241.7087     2.6388   160.0828
 1537.8750   235.0066     2.6336   149.5280
 1538.0000   227.1718     2.6279   133.5586
 1538.1250   222.2327     2.6238   118.3445
 1538.2500   219.9561     2.6238   109.7119
 1538.3750   220.6758     2.6271   112.1044
 1538.5000   225.0161     2.6278   121.0495
 1538.6250   229.8258     2.6228   131.2144
 1538.7500   231.2362     2.6106   136.5213
 1538.8750   231.2274     2.5903   134.7355
 1539.0000   231.1205     2.5610   125.8478
 1539.1250   230.8601     2.5297   114.2378
 1539.2500   231.4133     2.5069   105.3136
 1539.3750   232.2626     2.4991   102.6589
 1539.5000   232.2076     2.5027   104.7154
 1539.6250   232.0395     2.5113   108.0968
 1539.7500   232.2912     2.5215   111.0598
 1539.8750   232.6820     2.5319   114.8743
 1540.0000   232.9367     2.5401   119.8975
 1540.1250   231.8539     2.5402   123.3526
 1540.2500   230.0828     2.5306   123.1253
 1540.3750   229.6183     2.5119   119.9845
 1540.5000   230.6952     2.4871   116.0573
 1540.6250   232.5553     2.4619   111.8418
 1540.7500   235.7586     2.4416   106.8958
 1540.8750   239.3682     2.4290   101.7700
 1541.0000   241.3011     2.4226    97.2201
 1541.1250   240.9677     2.4213    93.7211
 1541.2500   239.5027     2.4253    91.8363
 1541.3750   237.4848     2.4345    91.1359
 1541.5000   235.2730     2.4478    90.6809
 1541.6250   232.9516     2.4597    90.6185
 1541.7500   230.8373     2.4662    91.7893
 1541.8750   230.5190     2.4655    94.5320
 1542.0000   232.0845     2.4619    97.5131
 1542.1250   234.2432     2.4601   100.0458
 1542.2500   236.2038     2.4645   102.5512
 1542.3750   237.1416     2.4750   105.3926
 1542.5000   235.8488     2.4881   107.9460
 1542.6250   233.7200     2.4954   108.1849
 1542.7500   232.3411     2.4926   105.1615
 1542.8750   232.1781     2.4809    99.7100
 1543.0000   233.7538     2.4686    94.1026
 1543.1250   236.5760     2.4614    90.0064
 1543.2500   238.2917     2.4622    88.5456
 1543.3750   238.5151     2.4670    89.3650
 1543.5000   237.4076     2.4695    91.4249
 1543.6250   235.0350     2.4614    92.8538
 1543.7500   233.1858     2.4428    93.0568
 1543.8750   233.0185     2.4195    92.6343
 1544.0000   234.1365     2.4034    92.4246
 1544.1250   236.7929     2.4015    92.7959
 1544.2500   240.1770     2.4163    93.7877
 1544.3750   241.4932     2.4428    95.4097
 1544.5000   240.8804     2.4784    98.9792
 1544.6250   240.1971     2.5222   106.9733
 1544.7500   238.9446     2.5661   118.3418
 1544.8750   237.3775     2.6013   129.7754
 1545.0000   238.7314     2.6241   137.5963
 1545.1250   242.1770     2.6402   143.0960
 1545.2500   244.9689     2.6511   149.5345
 1545.3750   248.5899     2.6534   158.3697
 1545.5000   252.8339     2.6447   166.7587
 1545.6250   252.5300     2.6245   170.0039
 1545.7500   247.6865     2.5969   164.5537
 1545.8750   243.0058     2.5672   151.2696
 1546.0000   238.7651     2.5401   133.2624
 1546.1250   234.1175     2.5172   116.0394
 1546.2500   231.8763     2.5002   102.4968
 1546.3750   232.8445     2.4936    94.1303
 1546.5000   232.8949     2.4976    90.2073
 1546.6250   231.9977     2.5091    90.7041
 1546.7500   233.1119     2.5227    94.6709
 1546.8750   236.9747     2.5363   101.8519
 1547.0000   242.3140     2.5507   113.4472
 1547.1250   245.4775     2.5635   127.7605
 1547.2500   245.5893     2.5716   139.2895
 1547.3750   244.1551     2.5764   142.9628
 1547.5000   240.3763     2.5837   140.5625
 1547.6250   233.6929     2.5952   136.5403
 1547.7500   227.5460     2.6057   133.4220
 1547.8750   223.8838     2.6100   130.3109
 1548.0000   221.3193     2.6093   125.9830
 1548.1250   219.7049     2.6085   121.6417
 1548.2500   220.6750     2.6096   120.5250
 1548.3750   223.4979     2.6138   124.6239
 1548.5000   225.1659     2.6229   132.2955
 1548.6250   225.9029     2.6344   139.4081
 1548.7500   225.9863     2.6400   142.6461
 1548.8750   223.6492     2.6347   139.7110
 1549.0000   220.3031     2.6237   131.1228
 1549.1250   218.6272     2.6158   121.2229
 1549.2500   217.8470     2.6152   117.0359
 1549.3750   217.5028     2.6212   120.6149
 1549.5000   219.9123     2.6287   129.1895
 1549.6250   224.6176     2.6320   137.1647
 1549.7500   228.7242     2.6293   142.8011
 1549.8750   229.8578     2.6227   146.1171
 1550.0000   229.1735     2.6169   146.6537
 1550.1250   227.4717     2.6144   143.6865
 1550.2500   224.7772     2.6136   138.3241
 1550.3750   221.9921     2.6114   131.8988
 1550.5000   220.2638     2.6050   124.5276
 1550.6250   219.5345     2.5960   116.7936
 1550.7500   219.2372     2.5886   110.5866
 1550.8750   219.2126     2.5857   108.4634
 1551.0000   219.7370     2.5867   109.0134
 1551.1250   221.2028     2.5897   110.0533
 1551.2500   223.1124     2.5937   111.5620
 1551.3750   224.7017     2.5985   114.4262
 1551.5000   225.0072     2.6034   117.8894
 1551.6250   222.3014     2.6086   118.2196
 1551.7500   218.2526     2.6152   114.0211
 1551.8750   216.1252     2.6219   107.6952
 1552.0000   216.0087     2.6234   104.2108
 1552.1250   216.8936     2.6178   104.8860
 1552.2500   218.5916     2.6098   106.7395
 1552.3750   218.8287     2.6059   104.6959
 1552.5000   215.7200     2.6048    98.1390
 1552.6250   210.3556     2.5987    90.2647
 1552.7500   207.0943     2.5839    84.8727
 1552.8750   208.2161     2.5639    82.1641
 1553.0000   212.4937     2.5481    81.3378
 1553.1250   217.8933     2.5411    83.1227
 1553.2500   223.3858     2.5408    89.3935
 1553.3750   226.5111     2.5385    98.6335
 1553.5000   227.4825     2.5310   105.7109
 1553.6250   228.3459     2.5216   106.3700
 1553.7500   228.4469     2.5163   102.3959
 1553.8750   226.8955     2.5157    98.3728
 1554.0000   225.8460     2.5166    97.2970
 1554.1250   225.9995     2.5155    97.4525
 1554.2500   225.4919     2.5142    97.1886
 1554.3750   225.0659     2.5205    97.3622
 1554.5000   226.5024     2.5353   100.3375
 1554.6250   227.5412     2.5536   106.5503
 1554.7500   226.1622     2.5665   112.4945
 1554.8750   225.4340     2.5715   114.7727
 1555.0000   226.7826     2.5722   113.9346
 1555.1250   228.5602     2.5760   115.0512
 1555.2500   230.0320     2.5866   120.6029
 1555.3750   230.6705     2.6025   128.0969
 1555.5000   230.5405     2.6162   132.2201
 1555.6250   230.0834     2.6237   132.1837
 1555.7500   228.4389     2.6267   131.4511
 1555.8750   227.5521     2.6311   133.2409
 1556.0000   229.8464     2.6387   137.3923
 1556.1250   232.7421     2.6473   142.3600
 1556.2500   234.0081     2.6535   146.5584
 1556.3750   236.2230     2.6565   148.9363
 1556.5000   238.8911     2.6567   148.9772
 1556.6250   239.0391     2.6555   147.4773
 1556.7500   237.4363     2.6550   145.4397
 1556.8750   235.1961     2.6566   143.2974
 1557.0000   231.5443     2.6585   141.0917
 1557.1250   227.9098     2.6563   138.6499
 1557.2500   226.3589     2.6498   136.1707
 1557.3750   226.0894     2.6426   134.1851
 1557.5000   224.8504     2.6391   132.3238
 1557.6250   222.4049     2.6388   128.6670
 1557.7500   219.9351     2.6390   121.8612
 1557.8750   217.6227     2.6380   114.3996
 1558.0000   216.0010     2.6368   110.9946
 1558.1250   217.5736     2.6363   113.9740
 1558.2500   221.5685     2.6369   120.5989
 1558.3750   224.6490     2.6392   126.5185
 1558.5000   225.2297     2.6438   129.4136
 1558.6250   224.0947     2.6492   130.0588
 1558.7500   223.0759     2.6514   129.7265
 1558.8750   226.5288     2.6449   130.8124
 1559.0000   235.3385     2.6311   135.6767
 1559.1250   244.8943     2.6180   143.6086
 1559.2500   249.7225     2.6161   149.6656
 1559.3750   249.9125     2.6245   150.1723
 1559.5000   243.8012     2.6353   145.7006
 1559.6250   233.0087     2.6393   139.7920
 1559.7500   225.3138     2.6376   134.2952
 1559.8750   223.7697     2.6353   129.4881
 1560.0000   223.9334     2.6329   126.3804
 1560.1250   224.8815     2.6283   126.4543
 1560.2500   227.1804     2.6230   130.4007
 1560.3750   228.9855     2.6202   136.0076
 1560.5000   230.1536     2.6191   141.0323
 1560.6250   232.1178     2.6148   142.4424
 1560.7500   233.4408     2.6031   138.6708
 1560.8750   232.2404     2.5836   128.4549
 1561.0000   229.8311     2.5592   113.4042
 1561.1250   228.0024     2.5363    99.4518
 1561.2500   226.5475     2.5212    91.8379
 1561.3750   225.5423     2.5170    91.9245
 1561.5000   225.9779     2.5195    95.9002
 1561.6250   227.6743     2.5226    99.6689
 1561.7500   228.7828     2.5224   101.3306
 1561.8750   229.2021     2.5200   101.7822
 1562.0000   229.4920     2.5172   102.7970
 1562.1250   229.1874     2.5131   104.0715
 1562.2500   228.9203     2.5060   103.5750
 1562.3750   230.0511     2.4967    99.5859
 1562.5000   231.3886     2.4918    93.9798
 1562.6250   231.5319     2.4978    89.6693
 1562.7500   230.3387     2.5149    89.7087
 1562.8750   228.6791     2.5350    94.3931
 1563.0000   227.2575     2.5499   102.3343
 1563.1250   226.6060     2.5548   108.1775
 1563.2500   227.4508     2.5515   108.8795
 1563.3750   229.7668     2.5468   106.1118
 1563.5000   231.1256     2.5508   106.0760
 1563.6250   230.4009     2.5669   112.0034
 1563.7500   229.1122     2.5901   122.4887
 1563.8750   228.5947     2.6083   131.7460
 1564.0000   227.8336     2.6165   136.8171
 1564.1250   226.6218     2.6166   137.7740
 1564.2500   226.4115     2.6159   138.0405
 1564.3750   226.8006     2.6175   139.6647
 1564.5000   226.5558     2.6189   142.3316
 1564.6250   226.6295     2.6158   144.1703
 1564.7500   227.5755     2.6037   142.1202
 1564.8750   228.2962     2.5821   134.2029
 1565.0000   229.0906     2.5557   122.3136
 1565.1250   231.0024     2.5323   110.9279
 1565.2500   233.5147     2.5198   103.9347
 1565.3750   235.2318     2.5207   102.0344
 1565.5000   235.1958     2.5300   105.0241
 1565.6250   234.6323     2.5335   109.7079
 1565.7500   234.0415     2.5228   112.1106
 1565.8750   232.7902     2.5017   108.8015
 1566.0000   231.9752     2.4828   102.2375
 1566.1250   232.8128     2.4747    96.2931
 1566.2500   233.1695     2.4791    92.9471
 1566.3750   232.0925     2.4894    91.7466
 1566.5000   231.6152     2.4974    92.2107
 1566.6250   232.2681     2.5003    93.5064
 1566.7500   232.2763     2.5030    94.9590
 1566.8750   230.9715     2.5117    96.4580
 1567.0000   229.7338     2.5233    98.7448
 1567.1250   228.9289     2.5322   101.6562
 1567.2500   229.4033     2.5333   104.4903
 1567.3750   231.0848     2.5280   106.5429
 1567.5000   232.3332     2.5190   106.9789
 1567.6250   232.4593     2.5098   105.0372
 1567.7500   231.8978     2.5023   101.3196
 1567.8750   229.8305     2.4963    97.3923
 1568.0000   227.6434     2.4927    94.9632
 1568.1250   227.2564     2.4937    93.8908
 1568.2500   228.0617     2.5009    93.9285
 1568.3750   228.8143     2.5104    94.4051
 1568.5000   229.7607     2.5191    94.7525
 1568.6250   230.4081     2.5255    94.1367
 1568.7500   230.0401     2.5295    93.1346
 1568.8750   229.0435     2.5287    92.7617
 1569.0000   228.7251     2.5193    93.8920
 1569.1250   230.3011     2.5027    95.5250
 1569.2500   234.0263     2.4840    95.7836
 1569.3750   237.9646     2.4704    94.2797
 1569.5000   240.7151     2.4646    92.8652
 1569.6250   241.6974     2.4665    93.1201
 1569.7500   240.2900     2.4731    94.5084
 1569.8750   237.6901     2.4832    96.6048
 1570.0000   236.0476     2.4965   101.1859
 1570.1250   235.6100     2.5111   108.2625
 1570.2500   236.0517     2.5241   115.6974
 1570.3750   236.2894     2.5329   121.6556
 1570.5000   235.0677     2.5390   125.1324
 1570.6250   232.9900     2.5428   124.2061
 1570.7500   231.3385     2.5432   118.3677
 1570.8750   229.6324     2.5416   111.2333
 1571.0000   226.3403     2.5427   105.9946
 1571.1250   221.6642     2.5489   101.7146
 1571.2500   217.8605     2.5551    96.2329
 1571.3750   216.3650     2.5535    90.4658
 1571.5000   216.3581     2.5440    87.2351
 1571.6250   218.4252     2.5329    87.2684
 1571.7500   223.1842     2.5269    89.9740
 1571.8750   226.5824     2.5255    93.4675
 1572.0000   227.0214     2.5260    96.8600
 1572.1250   227.5687     2.5270    99.9704
 1572.2500   228.8147     2.5301   102.8234
 1572.3750   229.1759     2.5369   105.2201
 1572.5000   229.5499     2.5442   107.1503
 1572.6250   229.7554     2.5458   109.7401
 1572.7500   228.5975     2.5372   114.2877
 1572.8750   227.8524     2.5225   118.8859
 1573.0000   228.0503     2.5071   120.5866
 1573.1250   228.2009     2.4936   117.6393
 1573.2500   228.8382     2.4825   112.2797
 1573.3750   229.7986     2.4760   106.3357
 1573.5000   229.8308     2.4753   101.0680
 1573.6250   229.7900     2.4764    97.4910
 1573.7500   231.2325     2.4752    96.1987
 1573.8750   237.6695     2.4721    97.1878
 1574.0000   245.8980     2.4723    98.7286
 1574.1250   249.4804     2.4786    98.5848
 1574.2500   249.7448     2.4879    96.1867
 1574.3750   248.5844     2.4962    93.2051
 1574.5000   241.6944     2.5026    92.0806
 1574.6250   233.0673     2.5100    92.9869
 1574.7500   228.5186     2.5177    94.6961
 1574.8750   227.6479     2.5201    96.7760
 1575.0000   227.8775     2.5131    98.1982
 1575.1250   228.7815     2.5003    97.8476
 1575.2500   229.5682     2.4939    96.5755
 1575.3750   229.8905     2.5017    97.8819
 1575.5000   229.1071     2.5223   104.2986
 1575.6250   228.3200     2.5431   113.2252
 1575.7500   229.5431     2.5537   119.1095
 1575.8750   231.4387     2.5519   117.9901
 1576.0000   232.1757     2.5461   111.6154
 1576.1250   232.8104     2.5442   105.0154
 1576.2500   231.7421     2.5495   102.8409
 1576.3750   228.0530     2.5587   105.1212
 1576.5000   226.1753     2.5682   109.5357
 1576.6250   230.3316     2.5762   113.9849
 1576.7500   235.0183     2.5829   118.6269
 1576.8750   237.2253     2.5875   123.5160
 1577.0000   238.1107     2.5897   127.0576
 1577.1250   236.7026     2.5902   128.1409
 1577.2500   230.8114     2.5902   126.4172
 1577.3750   224.4362     2.5908   123.2970
 1577.5000   221.1898     2.5917   120.9508
 1577.6250   220.4097     2.5900   123.0764
 1577.7500   222.4333     2.5830   131.4149
 1577.8750   229.2407     2.5726   144.2774
 1578.0000   238.7273     2.5665   158.1143
 1578.1250   245.1062     2.5674   168.1976
 1578.2500   247.7585     2.5689   170.2021
 1578.3750   248.6951     2.5573   159.5860
 1578.5000   248.2670     2.5316   139.3485
 1578.6250   245.9328     2.5018   116.3584
 1578.7500   242.7720     2.4853    99.8391
 1578.8750   240.7434     2.4898    93.7511
 1579.0000   240.1717     2.5152    99.8100
 1579.1250   241.1945     2.5519   115.6715
 1579.2500   246.4442     2.5898   136.7033
 1579.3750   257.8588     2.6169   156.2935
 1579.5000   270.8876     2.6265   170.4232
 1579.6250   282.4353     2.6190   180.0474
 1579.7500   291.4064     2.6008   188.4638
 1579.8750   295.4949     2.5808   198.0668
 1580.0000   291.1570     2.5627   206.6557
 1580.1250   280.2314     2.5492   207.6240
 1580.2500   266.6824     2.5400   195.7361
 1580.3750   250.2985     2.5317   169.2565
 1580.5000   236.3391     2.5175   137.0952
 1580.6250   230.0780     2.4992   110.3450
 1580.7500   228.4662     2.4884    96.2689
 1580.8750   226.6938     2.4982    93.2368
 1581.0000   226.1282     2.5288    97.2028
 1581.1250   226.2113     2.5687   104.8318
 1581.2500   225.6636     2.6000   111.4201
 1581.3750   225.9172     2.6162   113.5605
 1581.5000   227.8690     2.6210   112.2734
 1581.6250   230.6581     2.6243   113.4233
 1581.7500   232.7624     2.6264   120.1627
 1581.8750   232.6742     2.6205   128.7339
 1582.0000   231.3380     2.6046   132.4870
 1582.1250   229.8041     2.5839   128.6090
 1582.2500   228.4071     2.5676   121.3316
 1582.3750   227.0373     2.5596   114.9041
 1582.5000   225.5726     2.5614   110.6123
 1582.6250   224.8876     2.5710   107.1930
 1582.7500   225.0302     2.5852   105.5013
 1582.8750   225.5785     2.5985   108.5525
 1583.0000   227.5927     2.6069   116.2107
 1583.1250   230.7952     2.6103   125.7215
 1583.2500   232.7229     2.6125   131.7932
 1583.3750   232.5825     2.6160   132.4330
 1583.5000   229.6222     2.6173   127.7067
 1583.6250   224.1968     2.6113   119.0241
 1583.7500   219.6260     2.6014   109.0369
 1583.8750   218.7778     2.5970   102.5972
 1584.0000   221.7403     2.6025   104.6443
 1584.1250   226.3517     2.6123   114.6127
 1584.2500   232.9625     2.6201   127.7237
 1584.3750   238.8464     2.6257   137.9064
 1584.5000   242.1273     2.6305   143.0426
 1584.6250   242.9509     2.6336   144.4921
 1584.7500   244.1133     2.6344   145.6161
 1584.8750   246.6792     2.6350   148.0728
 1585.0000   249.3345     2.6368   151.5660
 1585.1250   251.7545     2.6351   154.3008
 1585.2500   252.5542     2.6245   153.8140
 1585.3750   249.1262     2.6058   148.1371
 1585.5000   243.3578     2.5838   137.8531
 1585.6250   238.7853     2.5612   124.8160
 1585.7500   235.5375     2.5386   111.8048
 1585.8750   234.0720     2.5175   101.4239
 1586.0000   235.3155     2.5023    96.5838
 1586.1250   237.0931     2.4958    95.9695
 1586.2500   238.4695     2.4992    97.6836
 1586.3750   239.2640     2.5102   101.1512
 1586.5000   238.6250     2.5208   106.5855
 1586.6250   237.1841     2.5227   111.8124
 1586.7500   236.7464     2.5124   113.0896
 1586.8750   236.9279     2.4965   110.5182
 1587.0000   237.2091     2.4857   106.2314
 1587.1250   238.0313     2.4854   103.2260
 1587.2500   239.1876     2.4914   102.4802
 1587.3750   239.6534     2.4980   103.5578
 1587.5000   239.1465     2.5055   104.8500
 1587.6250   238.5436     2.5185   105.8098
 1587.7500   238.4433     2.5353   108.3347
 1587.8750   238.0825     2.5437   112.1147
 1588.0000   237.2153     2.5374   113.1758
 1588.1250   235.9795     2.5248   108.0032
 1588.2500   233.9662     2.5199    99.5271
 1588.3750   231.5474     2.5253    92.2501
 1588.5000   229.6134     2.5328    88.9780
 1588.6250   227.8087     2.5357    88.5324
 1588.7500   226.3044     2.5326    89.5595
 1588.8750   226.5159     2.5242    90.7370
 1589.0000   228.3260     2.5123    91.2566
 1589.1250   230.4169     2.5031    91.3197
 1589.2500   234.2758     2.5055    92.2317
 1589.3750   234.7807     2.5244    95.8251
 1589.5000   235.7805     2.5588   105.1247
 1589.6250   238.1554     2.5984   119.5544
 1589.7500   241.5724     2.6342   136.2044
 1589.8750   246.0215     2.6590   149.4145
 1590.0000   250.4514     2.6728   156.7261
 1590.1250   252.5017     2.6765   158.9960
 1590.2500   252.8640     2.6730   159.6382
 1590.3750   254.2243     2.6664   160.7295
 1590.5000   256.1344     2.6583   161.8977
 1590.6250   255.0985     2.6454   160.6687
 1590.7500   251.6577     2.6253   155.1366
 1590.8750   248.2013     2.6012   145.1251
 1591.0000   243.5769     2.5776   134.9396
 1591.1250   237.9942     2.5524   127.3239
 1591.2500   235.6446     2.5244   120.8871
 1591.3750   236.3448     2.5028   113.3892
 1591.5000   237.3143     2.4990   106.5502
 1591.6250   237.3284     2.5118   105.0736
 1591.7500   236.7826     2.5268   108.0592
 1591.8750   235.5909     2.5307   109.7966
 1592.0000   233.6526     2.5245   106.0115
 1592.1250   231.4783     2.5157    99.3383
 1592.2500   230.5039     2.5085    95.4991
 1592.3750   230.9416     2.5032    95.0594
 1592.5000   231.7915     2.5010    95.7387
 1592.6250   231.5787     2.5060    96.7833
 1592.7500   229.0544     2.5203    99.9260
 1592.8750   224.8137     2.5438   105.5628
 1593.0000   222.7494     2.5677   111.2812
 1593.1250   224.1013     2.5795   116.2481
 1593.2500   227.7544     2.5705   120.4783
 1593.3750   233.1946     2.5481   121.5826
 1593.5000   238.7009     2.5270   117.8915
 1593.6250   240.4016     2.5204   111.1232
 1593.7500   238.5073     2.5274   106.3013
 1593.8750   236.1733     2.5390   105.0930
 1594.0000   235.2731     2.5469   106.1495
 1594.1250   235.0216     2.5537   108.3795
 1594.2500   235.6809     2.5653   113.2817
 1594.3750   237.4437     2.5832   122.4870
 1594.5000   237.7931     2.6033   133.6620
 1594.6250   235.1478     2.6213   142.5419
 1594.7500   232.7007     2.6331   145.9844
 1594.8750   234.0256     2.6360   146.1458
 1595.0000   238.5390     2.6294   147.4432
 1595.1250   243.3390     2.6180   152.6929
 1595.2500   249.5543     2.6052   160.4761
 1595.3750   257.3012     2.5912   168.2920
 1595.5000   260.9947     2.5764   175.9325
 1595.6250   260.3822     2.5647   182.7614
 1595.7500   260.5842     2.5642   183.8730
 1595.8750   261.2826     2.5738   177.1242
 1596.0000   260.0599     2.5856   165.6559
 1596.1250   259.4806     2.5871   157.4483
 1596.2500   260.8656     2.5747   155.4189
 1596.3750   261.9070     2.5537   158.0812
 1596.5000   262.7936     2.5356   164.2577
 1596.6250   266.0615     2.5246   174.6387
 1596.7500   271.8883     2.5139   190.4627
 1596.8750   281.1103     2.4911   212.4983
 1597.0000   296.9663     2.4536   242.2264
 1597.1250   315.3591     2.4122   280.8797
 1597.2500   326.0420     2.3841   319.5114
 1597.3750   329.9056     2.3773   344.8892
 1597.5000   331.1204     2.3892   347.1913
 1597.6250   327.3119     2.4079   336.0982
 1597.7500   316.9316     2.4299   321.7010
 1597.8750   302.3515     2.4588   302.6666
 1598.0000   283.7040     2.4940   269.2727
 1598.1250   261.7384     2.5240   218.5834
 1598.2500   241.6350     2.5321   166.1465
 1598.3750   228.9302     2.5162   125.2129
 1598.5000   227.5762     2.4874   101.3169
 1598.6250   231.8205     2.4627    89.4920
 1598.7500   235.5867     2.4482    86.0936
 1598.8750   235.3004     2.4436    88.0018
 1599.0000   232.1877     2.4451    90.8792
 1599.1250   229.4834     2.4530    93.6836
 1599.2500   230.9579     2.4683    99.1834
 1599.3750   234.9707     2.4887   109.2301
 1599.5000   238.4843     2.5095   122.2687
 1599.6250   241.1476     2.5224   131.6011
 1599.7500   241.7958     2.5246   132.2243
 1599.8750   236.4652     2.5207   124.2662
 1600.0000   227.2222     2.5249   115.2320
 1600.1250   219.3076     2.5428   108.8805
 1600.2500   214.9451     2.5624   104.0149
 1600.3750   213.3018     2.5623    98.4038
 1600.5000   216.0267     2.5363    93.6618
 1600.6250   223.1705     2.4997    92.1324
 1600.7500   230.0875     2.4723    92.3645
 1600.8750   234.5262     2.4635    93.2668
 1601.0000   237.3092     2.4719    96.4499
 1601.1250   238.4010     2.4879   102.4972
 1601.2500   237.6946     2.4989   108.4660
 1601.3750   237.4924     2.4955   109.2567
 1601.5000   239.0492     2.4809   104.3554
 1601.6250   240.8001     2.4675    97.4920
 1601.7500   240.6204     2.4670    93.5485
 1601.8750   240.0285     2.4820    94.5707
 1602.0000   240.9561     2.5091   101.9834
 1602.1250   240.3672     2.5384   113.8600
 1602.2500   237.5171     2.5620   126.8024
 1602.3750   236.7868     2.5723   135.1102
 1602.5000   238.3315     2.5682   136.8341
 1602.6250   238.2085     2.5508   132.0682
 1602.7500   236.6954     2.5304   122.8135
 1602.8750   236.6276     2.5178   112.3970
 1603.0000   236.3522     2.5168   105.5894
 1603.1250   233.9917     2.5214   104.6655
 1603.2500   231.8361     2.5258   107.3887
 1603.3750   231.2619     2.5281   109.5996
 1603.5000   231.0304     2.5288   110.1234
 1603.6250   231.0846     2.5298   110.2921
 1603.7500   231.6159     2.5375   111.6771
 1603.8750   233.2055     2.5536   115.4358
 1604.0000   235.3371     2.5730   122.2676
 1604.1250   235.8978     2.5860   130.1376
 1604.2500   235.4180     2.5885   134.6903
 1604.3750   235.0894     2.5780   131.9804
 1604.5000   234.0013     2.5575   123.2323
 1604.6250   232.4128     2.5352   112.9218
 1604.7500   231.6288     2.5214   105.3614
 1604.8750   230.9440     2.5190   101.1101
 1605.0000   229.2804     2.5252    99.2677
 1605.1250   226.6180     2.5359    99.7203
 1605.2500   223.8016     2.5485   101.2778
 1605.3750   221.7764     2.5629   102.5691
 1605.5000   221.9729     2.5785   104.5032
 1605.6250   224.9431     2.5919   111.0442
 1605.7500   230.6720     2.5995   124.9994
 1605.8750   237.2357     2.6020   142.2113
 1606.0000   242.1533     2.6033   156.3628
 1606.1250   245.7051     2.6005   165.6567
 1606.2500   253.9298     2.5826   177.9981
 1606.3750   268.2355     2.5423   203.4321
 1606.5000   286.9836     2.4803   249.2944
 1606.6250   306.2299     2.4200   303.3642
 1606.7500   317.9907     2.3850   346.9663
 1606.8750   313.5680     2.3937   357.9836
 1607.0000   300.1901     2.4316   337.4491
 1607.1250   285.3903     2.4755   298.1632
 1607.2500   276.1570     2.5017   263.8011
 1607.3750   276.8245     2.5096   248.5889
 1607.5000   289.4739     2.5008   257.7849
 1607.6250   305.2306     2.4813   284.7748
 1607.7500   311.4910     2.4639   318.0872
 1607.8750   306.8322     2.4639   340.5822
 1608.0000   304.5896     2.4753   344.5183
 1608.1250   305.4096     2.4766   341.8026
 1608.2500   306.2445     2.4487   355.0755
 1608.3750   309.4367     2.4118   381.2900
 1608.5000   310.6337     2.3898   395.9804
 1608.6250   299.7331     2.3982   369.9417
 1608.7500   280.2137     2.4308   310.6415
 1608.8750   260.6181     2.4801   241.6983
 1609.0000   249.5328     2.5350   192.7280
 1609.1250   247.7976     2.5839   170.9967
 1609.2500   250.8377     2.6145   169.8291
 1609.3750   252.0385     2.6223   172.4789
 1609.5000   250.3070     2.6103   170.8428
 1609.6250   245.5380     2.5811   161.5426
 1609.7500   238.7515     2.5450   145.6823
 1609.8750   234.6095     2.5121   126.3858
 1610.0000   238.3778     2.4944   109.7325
 1610.1250   243.4294     2.4947   100.8269
 1610.2500   244.7803     2.5112   102.2306
 1610.3750   244.1673     2.5368   112.8214
 1610.5000   241.1055     2.5636   127.1185
 1610.6250   234.2320     2.5877   139.7287
 1610.7500   229.1050     2.6079   148.2138
 1610.8750   228.7070     2.6203   153.8826
 1611.0000   233.2723     2.6130   156.3312
 1611.1250   240.0850     2.5852   152.7291
 1611.2500   244.1849     2.5511   141.5749
 1611.3750   243.7373     2.5329   125.6783
 1611.5000   241.7535     2.5359   113.4357
 1611.6250   236.6914     2.5526   110.1534
 1611.7500   229.5131     2.5661   114.4049
 1611.8750   225.5112     2.5633   117.9202
 1612.0000   225.2674     2.5421   115.8837
 1612.1250   225.3948     2.5169   109.9531
 1612.2500   225.4303     2.5051   105.1708
 1612.3750   226.2285     2.5171   105.2490
 1612.5000   227.4430     2.5462   111.2610
 1612.6250   228.2583     2.5791   122.2686
 1612.7500   228.5275     2.6036   134.4845
 1612.8750   227.8599     2.6169   141.9921
 1613.0000   225.9387     2.6224   142.2739
 1613.1250   223.6086     2.6248   136.8792
 1613.2500   221.9963     2.6266   131.9736
 1613.3750   222.1020     2.6285   131.5240
 1613.5000   224.1415     2.6283   136.4175
 1613.6250   226.4982     2.6200   142.5879
 1613.7500   228.9201     2.5969   144.5861
 1613.8750   231.9154     2.5604   139.0373
 1614.0000   234.7569     2.5208   127.2605
 1614.1250   236.8813     2.4906   113.1384
 1614.2500   238.4766     2.4765   102.1733
 1614.3750   239.6653     2.4764    96.9319
 1614.5000   240.4449     2.4820    97.0951
 1614.6250   239.7441     2.4844    98.3353
 1614.7500   237.7012     2.4817    98.7121
 1614.8750   236.1884     2.4778    98.3460
 1615.0000   234.6711     2.4762    97.9412
 1615.1250   232.9940     2.4756    97.0563
 1615.2500   233.5849     2.4726    95.4056
 1615.3750   235.6664     2.4672    93.9147
 1615.5000   236.7869     2.4629    93.6248
 1615.6250   236.9409     2.4631    95.2458
 1615.7500   236.1744     2.4693    98.6693
 1615.8750   233.0876     2.4834   103.9719
 1616.0000   229.3162     2.5032   110.8767
 1616.1250   227.2592     2.5240   117.6611
 1616.2500   226.7449     2.5382   121.3770
 1616.3750   225.9539     2.5426   121.7401
 1616.5000   225.9232     2.5363   119.5148
 1616.6250   227.2384     2.5220   115.0533
 1616.7500   227.8933     2.5058   108.5859
 1616.8750   228.5096     2.4918   101.7083
 1617.0000   231.7160     2.4819    97.5055
 1617.1250   235.9760     2.4763    96.3869
 1617.2500   238.7329     2.4746    96.7474
 1617.3750   239.7233     2.4744    96.8920
 1617.5000   238.6693     2.4750    96.6744
 1617.6250   235.2245     2.4773    96.3144
 1617.7500   231.8706     2.4829    95.9237
 1617.8750   230.4599     2.4929    95.8276
 1618.0000   231.5913     2.5105    97.5971
 1618.1250   233.7271     2.5363   102.9798
 1618.2500   234.5739     2.5667   113.3695
 1618.3750   233.0313     2.5890   126.9264
 1618.5000   230.1609     2.5939   136.8865
 1618.6250   226.5187     2.5795   135.7051
 1618.7500   224.7843     2.5568   123.8865
 1618.8750   227.0421     2.5377   109.2418
 1619.0000   231.1833     2.5321   100.9586
 1619.1250   233.8075     2.5431   102.8513
 1619.2500   234.3189     2.5680   113.4172
 1619.3750   231.3114     2.5961   127.3360
 1619.5000   226.4064     2.6134   136.4719
 1619.6250   222.6429     2.6145   137.1179
 1619.7500   222.4065     2.6050   131.5658
 1619.8750   224.9351     2.5957   125.7254
 1620.0000   228.0562     2.5907   122.6663
 1620.1250   228.9224     2.5889   121.8831
 1620.2500   227.4725     2.5870   121.1870
 1620.3750   224.2736     2.5844   118.8702
 1620.5000   221.6235     2.5825   116.0781
 1620.6250   221.9819     2.5829   115.3702
 1620.7500   225.0511     2.5854   118.8140
 1620.8750   228.3368     2.5893   125.3574
 1621.0000   231.3583     2.5954   132.9043
 1621.1250   231.3364     2.6020   139.0954
 1621.2500   226.3817     2.6043   142.1793
 1621.3750   219.0796     2.6013   140.0821
 1621.5000   215.0058     2.5988   133.7281
 1621.6250   215.5814     2.6007   127.5872
 1621.7500   220.6224     2.6040   126.7469
 1621.8750   227.7801     2.6043   133.4845
 1622.0000   233.2595     2.6029   144.3907
 1622.1250   233.8852     2.6018   153.5895
 1622.2500   230.3657     2.6017   156.7648
 1622.3750   225.0235     2.6033   153.7061
 1622.5000   221.2354     2.6067   146.9506
 1622.6250   219.7064     2.6099   139.2344
 1622.7500   217.9875     2.6115   130.9223
 1622.8750   214.9395     2.6126   122.7387
 1623.0000   212.9610     2.6163   117.0895
 1623.1250   212.2413     2.6233   116.6329
 1623.2500   212.0660     2.6309   120.9731
 1623.3750   213.0792     2.6349   125.0485
 1623.5000   214.6981     2.6308   123.8693
 1623.6250   216.0652     2.6209   118.6915
 1623.7500   217.8475     2.6110   115.4507
 1623.8750   219.2917     2.6056   120.5036
 1624.0000   220.4116     2.6032   131.6793
 1624.1250   222.4307     2.6019   142.3964
 1624.2500   223.2848     2.6010   144.8288
 1624.3750   221.2813     2.5988   138.8948
 1624.5000   219.1909     2.5958   129.0326
 1624.6250   218.9627     2.5953   122.8414
 1624.7500   219.0588     2.5971   123.9334
 1624.8750   222.4054     2.5948   134.4727
 1625.0000   232.6033     2.5814   156.4443
 1625.1250   245.5508     2.5585   189.8058
 1625.2500   257.8475     2.5290   229.0158
 1625.3750   269.0604     2.4976   258.6217
 1625.5000   275.5186     2.4697   269.6483
 1625.6250   276.5550     2.4527   266.8716
 1625.7500   277.6832     2.4474   272.0887
 1625.8750   277.6911     2.4511   295.7160
 1626.0000   274.8835     2.4594   325.3432
 1626.1250   270.8464     2.4670   337.0278
 1626.2500   264.1668     2.4700   320.5995
 1626.3750   259.2613     2.4698   290.5925
 1626.5000   260.4178     2.4738   268.9100
 1626.6250   264.0291     2.4902   264.8923
 1626.7500   266.3456     2.5202   265.8128
 1626.8750   267.1098     2.5590   255.8518
 1627.0000   262.5079     2.5984   228.9862
 1627.1250   254.1248     2.6297   198.5429
 1627.2500   246.2757     2.6491   175.9794
 1627.3750   241.3851     2.6585   165.6214
 1627.5000   238.8507     2.6653   161.4568
 1627.6250   237.4926     2.6702   159.6047
 1627.7500   235.0684     2.6681   158.2980
 1627.8750   230.5204     2.6571   155.4438
 1628.0000   224.6658     2.6405   148.7084
 1628.1250   220.5402     2.6249   138.7480
 1628.2500   218.8645     2.6140   129.5502
 1628.3750   219.2581     2.6095   126.3097
 1628.5000   222.3067     2.6119   130.1111
 1628.6250   227.1512     2.6195   138.5905
 1628.7500   230.1686     2.6286   148.8252
 1628.8750   230.3431     2.6315   156.0050
 1629.0000   231.1061     2.6200   155.7748
 1629.1250   235.5126     2.5885   144.6466
 1629.2500   240.7840     2.5488   126.5072
 1629.3750   245.0996     2.5151   107.9862
 1629.5000   248.0261     2.4971    96.2057
 1629.6250   246.5439     2.4919    92.6123
 1629.7500   239.7402     2.4951    95.7520
 1629.8750   233.6897     2.5003   100.6722
 1630.0000   232.6920     2.5021   103.7041
 1630.1250   237.3586     2.4991   103.2532
 1630.2500   244.1316     2.4973   102.0147
 1630.3750   248.7916     2.5029   103.4572
 1630.5000   247.5600     2.5173   108.9941
 1630.6250   241.6913     2.5320   115.0626
 1630.7500   233.2596     2.5384   117.9723
 1630.8750   227.4434     2.5306   115.2902
 1631.0000   229.5563     2.5132   108.5680
 1631.1250   238.0974     2.4952   100.2517
 1631.2500   244.2464     2.4866    93.8269
 1631.3750   246.4824     2.4879    91.4066
 1631.5000   245.8649     2.4955    93.6670
 1631.6250   240.8148     2.5076    98.8492
 1631.7500   234.3561     2.5269   105.6556
 1631.8750   231.9367     2.5549   113.9935
 1632.0000   231.8144     2.5827   124.0216
 1632.1250   232.0602     2.6011   135.0101
 1632.2500   232.8836     2.6065   144.0180
 1632.3750   232.5108     2.6052   148.4131
 1632.5000   229.6459     2.5997   146.6290
 1632.6250   225.5753     2.5908   138.8710
 1632.7500   222.2957     2.5822   128.3601
 1632.8750   221.5688     2.5797   119.7460
 1633.0000   223.8512     2.5813   117.9033
 1633.1250   227.7869     2.5763   121.8489
 1633.2500   232.3816     2.5554   125.3016
 1633.3750   236.0574     2.5274   121.8059
 1633.5000   236.3549     2.5077   112.4988
 1633.6250   233.9365     2.5094   105.5237
 1633.7500   232.8066     2.5233   106.8264
 1633.8750   232.3624     2.5334   115.0768
 1634.0000   231.4146     2.5276   122.4793
 1634.1250   232.8234     2.5143   123.2740
 1634.2500   235.6025     2.5067   117.6874
 1634.3750   235.5398     2.5120   111.4858
 1634.5000   234.2582     2.5255   109.5099
 1634.6250   234.3028     2.5397   112.9886
 1634.7500   233.2322     2.5493   118.3231
 1634.8750   230.9667     2.5554   123.1838
 1635.0000   232.3447     2.5609   127.6350
 1635.1250   237.6037     2.5643   131.7254
 1635.2500   241.7576     2.5609   133.5640
 1635.3750   242.7082     2.5482   130.2229
 1635.5000   242.8373     2.5342   123.0035
 1635.6250   240.9554     2.5265   114.6565
 1635.7500   236.0428     2.5295   109.0739
 1635.8750   231.0809     2.5414   108.4488
 1636.0000   228.7286     2.5575   113.0630
 1636.1250   228.4804     2.5690   118.0930
 1636.2500   228.0511     2.5704   118.2984
 1636.3750   227.1539     2.5622   112.6075
 1636.5000   227.4452     2.5524   107.1257
 1636.6250   227.4352     2.5454   106.1248
 1636.7500   225.9697     2.5416   109.7324
 1636.8750   225.7454     2.5393   113.7747
 1637.0000   228.5383     2.5379   116.3505
 1637.1250   232.4416     2.5371   118.3150
 1637.2500   235.1654     2.5347   120.8677
 1637.3750   236.8300     2.5260   123.0349
 1637.5000   237.2620     2.5081   121.0688
 1637.6250   234.9995     2.4881   113.9322
 1637.7500   230.8050     2.4766   104.8960
 1637.8750   227.9405     2.4800    99.9611
 1638.0000   227.1449     2.4968   101.3497
 1638.1250   227.3825     2.5230   108.9545
 1638.2500   228.3265     2.5500   120.2227
 1638.3750   230.9372     2.5712   132.8538
 1638.5000   233.5760     2.5811   143.4552
 1638.6250   233.6113     2.5801   148.7607
 1638.7500   232.0887     2.5670   145.9555
 1638.8750   230.9969     2.5433   134.2188
 1639.0000   229.9596     2.5172   118.3117
 1639.1250   229.3081     2.4968   104.2671
 1639.2500   230.2052     2.4881    97.1552
 1639.3750   231.7024     2.4935    96.6789
 1639.5000   232.1160     2.5143   100.6509
 1639.6250   231.6824     2.5439   106.4399
 1639.7500   231.1541     2.5737   113.7523
 1639.8750   230.5063     2.5940   122.3036
 1640.0000   230.0273     2.6009   128.9851
 1640.1250   229.9640     2.5950   129.9334
 1640.2500   230.0115     2.5813   123.0247
 1640.3750   230.2547     2.5715   113.6346
 1640.5000   230.7002     2.5746   108.5163
 1640.6250   231.4874     2.5894   113.3343
 1640.7500   232.3198     2.6019   125.3405
 1640.8750   232.5875     2.6004   137.5578
 1641.0000   233.1531     2.5887   143.0209
 1641.1250   234.6394     2.5783   141.9642
 1641.2500   235.2741     2.5753   138.3002
 1641.3750   234.0748     2.5755   134.7154
 1641.5000   231.8056     2.5728   130.0276
 1641.6250   230.0857     2.5598   123.1689
 1641.7500   229.8733     2.5373   115.7195
 1641.8750   230.8381     2.5107   109.1511
 1642.0000   233.0779     2.4911   103.7716
 1642.1250   236.1095     2.4839    99.6816
 1642.2500   237.4353     2.4911    98.0044
 1642.3750   235.3719     2.5092    99.5496
 1642.5000   231.6585     2.5319   104.0771
 1642.6250   229.3150     2.5541   111.7086
 1642.7500   230.0492     2.5728   121.8584
 1642.8750   232.5791     2.5862   133.1247
 1643.0000   235.3859     2.5908   141.6198
 1643.1250   237.5390     2.5860   143.5569
 1643.2500   238.1768     2.5733   137.4845
 1643.3750   237.7549     2.5548   124.8397
 1643.5000   236.2730     2.5346   111.0269
 1643.6250   233.5305     2.5180   100.3782
 1643.7500   232.8115     2.5118    95.7130
 1643.8750   234.0958     2.5186    96.4202
 1644.0000   234.3098     2.5376   101.2155
 1644.1250   233.9426     2.5616   107.9160
 1644.2500   234.7072     2.5828   115.8190
 1644.3750   236.2496     2.5979   126.4260
 1644.5000   237.5679     2.6109   141.0418
 1644.6250   238.7474     2.6245   157.7396
 1644.7500   241.7841     2.6353   171.4861
 1644.8750   248.0742     2.6363   179.9144
 1645.0000   254.4182     2.6244   184.2001
 1645.1250   255.5082     2.6026   185.4049
 1645.2500   252.9045     2.5795   181.5642
 1645.3750   248.0409     2.5609   169.6096
 1645.5000   239.8975     2.5454   151.4749
 1645.6250   232.4205     2.5265   133.2286
 1645.7500   230.8829     2.5008   119.7529
 1645.8750   233.5054     2.4755   110.2485
 1646.0000   237.9973     2.4592   102.5338
 1646.1250   242.9069     2.4541    97.2340
 1646.2500   245.1156     2.4524    95.9619
 1646.3750   244.9267     2.4500    98.3723
 1646.5000   244.3910     2.4498   101.4855
 1646.6250   243.5653     2.4554   102.7490
 1646.7500   242.8316     2.4682   102.0827
 1646.8750   242.6222     2.4875   100.1462
 1647.0000   241.4620     2.5103    97.6254
 1647.1250   238.1374     2.5321    95.6574
 1647.2500   233.4683     2.5475    96.3759
 1647.3750   229.1858     2.5561   100.1459
 1647.5000   226.8100     2.5597   104.8917
 1647.6250   226.9989     2.5621   108.5211
 1647.7500   230.3989     2.5665   112.7888
 1647.8750   235.8593     2.5771   121.9710
 1648.0000   238.8001     2.5930   134.9287
 1648.1250   238.0464     2.6080   146.5328
 1648.2500   235.3682     2.6119   150.2912
 1648.3750   231.3810     2.6020   146.8016
 1648.5000   227.6300     2.5804   138.9101
 1648.6250   227.7900     2.5534   129.2778
 1648.7500   230.8736     2.5268   118.9762
 1648.8750   234.3902     2.5061   109.2269
 1649.0000   237.0719     2.4932   101.9805
 1649.1250   237.4871     2.4872    98.2360
 1649.2500   235.5336     2.4873    97.9954
 1649.3750   234.3709     2.4921    99.2150
 1649.5000   234.5463     2.4995   100.7835
 1649.6250   234.8715     2.5065   102.0176
 1649.7500   235.4375     2.5127   103.5418
 1649.8750   235.3042     2.5209   106.5168
 1650.0000   232.4635     2.5322   111.4027
 1650.1250   228.7664     2.5412   115.9601
 1650.2500   227.3373     2.5408   117.3832
 1650.3750   228.5390     2.5307   114.6028
 1650.5000   230.8942     2.5181   110.0243
 1650.6250   233.4289     2.5104   106.1718
 1650.7500   234.8482     2.5093   103.1157
 1650.8750   234.2524     2.5116    99.5786
 1651.0000   232.3821     2.5124    95.3649
 1651.1250   231.1311     2.5119    92.4100
 1651.2500   231.2456     2.5156    92.8170
 1651.3750   232.5090     2.5295    98.3396
 1651.5000   233.8781     2.5464   107.6940
 1651.6250   234.8547     2.5552   117.9475
 1651.7500   234.8850     2.5498   123.1049
 1651.8750   233.6464     2.5385   120.9503
 1652.0000   231.3740     2.5329   114.3667
 1652.1250   230.1137     2.5424   111.1283
 1652.2500   231.2027     2.5661   115.0311
 1652.3750   232.8030     2.5960   125.4699
 1652.5000   232.4558     2.6179   135.4730
 1652.6250   231.0967     2.6260   139.9382
 1652.7500   228.7118     2.6236   137.1146
 1652.8750   223.7476     2.6208   132.1213
 1653.0000   218.2887     2.6195   128.4958
 1653.1250   217.0189     2.6164   126.2298
 1653.2500   217.5147     2.6098   123.0510
 1653.3750   215.9863     2.6014   118.8275
 1653.5000   215.0442     2.5960   115.3493
 1653.6250   216.9582     2.5966   114.8076
 1653.7500   219.2803     2.6040   119.8830
 1653.8750   221.8262     2.6144   129.6533
 1654.0000   226.2033     2.6238   140.9623
 1654.1250   229.7971     2.6286   150.6188
 1654.2500   230.3874     2.6292   157.3603
 1654.3750   229.6315     2.6272   160.8061
 1654.5000   229.4789     2.6256   160.4431
 1654.6250   229.5530     2.6261   157.8131
 1654.7500   230.1238     2.6281   155.3517
 1654.8750   231.8920     2.6304   154.7623
 1655.0000   233.3589     2.6311   155.6063
 1655.1250   232.4547     2.6279   155.8538
 1655.2500   229.6798     2.6181   151.2115
 1655.3750   226.2706     2.6031   140.0509
 1655.5000   222.2206     2.5873   124.4370
 1655.6250   218.5610     2.5753   110.2863
 1655.7500   216.9309     2.5666   100.7790
 1655.8750   216.6284     2.5617    97.0457
 1656.0000   216.5295     2.5623    97.3686
 1656.1250   218.7362     2.5701   101.0362
 1656.2500   222.9257     2.5834   108.1271
 1656.3750   226.5468     2.5985   118.3140
 1656.5000   230.5586     2.6117   130.7642
 1656.6250   234.5243     2.6197   142.9881
 1656.7500   235.8905     2.6231   152.5744
 1656.8750   235.4395     2.6238   158.0320
 1657.0000   234.9186     2.6228   159.7867
 1657.1250   232.6555     2.6199   158.1463
 1657.2500   228.1303     2.6185   152.8167
 1657.3750   223.4327     2.6225   144.2762
 1657.5000   220.1264     2.6290   133.6864
 1657.6250   219.8039     2.6281   124.3592
 1657.7500   222.5518     2.6173   120.4481
 1657.8750   226.9050     2.6032   124.5902
 1658.0000   229.6382     2.5969   133.6262
 1658.1250   228.9888     2.5990   139.4502
 1658.2500   225.1066     2.6027   136.9119
 1658.3750   222.6657     2.6006   130.6099
 1658.5000   225.5451     2.5944   130.7959
 1658.6250   232.3455     2.5918   144.8306
 1658.7500   238.1884     2.5976   165.0327
 1658.8750   243.4957     2.6090   180.2359
 1659.0000   249.4431     2.6179   183.4294
 1659.1250   255.2252     2.6206   181.8914
 1659.2500   261.6634     2.6188   183.1727
 1659.3750   268.5833     2.6171   188.4209
 1659.5000   272.0971     2.6170   191.6968
 1659.6250   268.1206     2.6162   189.8553
 1659.7500   258.5566     2.6108   186.0395
 1659.8750   250.4940     2.5979   185.8021
 1660.0000   246.9647     2.5773   193.2596
 1660.1250   246.8408     2.5549   206.5390
 1660.2500   251.1196     2.5372   221.3885
 1660.3750   256.7491     2.5266   233.1941
 1660.5000   256.8942     2.5194   238.7715
 1660.6250   253.9976     2.5125   238.1740
 1660.7500   253.2538     2.5055   233.8619
 1660.8750   252.7401     2.4999   229.6972
 1661.0000   252.1067     2.4968   226.7600
 1661.1250   253.1126     2.4967   223.6753
 1661.2500   254.5501     2.5005   221.5408
 1661.3750   255.2025     2.5121   224.7487
 1661.5000   253.9065     2.5326   235.5673
 1661.6250   251.2231     2.5555   249.0218
 1661.7500   249.9069     2.5683   258.0857
 1661.8750   252.9813     2.5623   261.9152
 1662.0000   260.7703     2.5401   265.4035
 1662.1250   265.3565     2.5152   270.3748
 1662.2500   260.3712     2.5016   268.7743
 1662.3750   249.9035     2.5063   253.2089
 1662.5000   235.1293     2.5309   224.4835
 1662.6250   216.2604     2.5668   192.8730
 1662.7500   203.8143     2.6040   166.5034
 1662.8750   204.9996     2.6301   150.1984
 1663.0000   211.3513     2.6418   144.3531
 1663.1250   217.6824     2.6413   147.9925
 1663.2500   222.9086     2.6379   154.7916
 1663.3750   225.5897     2.6376   159.4590
 1663.5000   225.1267     2.6388   160.2864
 1663.6250   223.5706     2.6337   159.6969
 1663.7500   222.1347     2.6164   157.9430
 1663.8750   221.0985     2.5888   153.0513
 1664.0000   220.4903     2.5627   148.2906
 1664.1250   223.0727     2.5445   150.9230
 1664.2500   230.6968     2.5361   166.4277
 1664.3750   237.7249     2.5366   188.5431
 1664.5000   240.4691     2.5470   207.6123
 1664.6250   242.0488     2.5627   214.0025
 1664.7500   242.5299     2.5736   208.2983
 1664.8750   241.5431     2.5716   200.9718
 1665.0000   245.9260     2.5597   207.1258
 1665.1250   254.9835     2.5457   229.5411
 1665.2500   257.5809     2.5373   256.3652
 1665.3750   253.9052     2.5371   268.6136
 1665.5000   251.2228     2.5420   260.0389
 1665.6250   249.7195     2.5421   238.6249
 1665.7500   248.5487     2.5343   222.4870
 1665.8750   251.8365     2.5228   218.8404
 1666.0000   256.7103     2.5144   221.1892
 1666.1250   256.3155     2.5100   221.4368
 1666.2500   250.3924     2.5100   217.9202
 1666.3750   243.8793     2.5180   211.7709
 1666.5000   238.4679     2.5340   200.7421
 1666.6250   233.1200     2.5500   181.5463
 1666.7500   226.8416     2.5564   158.4520
 1666.8750   221.3623     2.5528   136.4891
 1667.0000   221.0935     2.5463   120.0600
 1667.1250   222.4210     2.5449   110.1900
 1667.2500   222.8077     2.5506   106.8373
 1667.3750   225.8618     2.5597   109.2239
 1667.5000   229.6781     2.5657   115.1349
 1667.6250   229.7830     2.5678   123.5202
 1667.7500   230.1278     2.5726   133.8910
 1667.8750   232.1338     2.5845   145.5424
 1668.0000   230.9817     2.6020   157.3681
 1668.1250   228.2938     2.6169   166.5392
 1668.2500   228.0987     2.6229   169.7661
 1668.3750   227.7037     2.6172   164.6347
 1668.5000   224.8500     2.6066   155.1876
 1668.6250   223.0993     2.5986   146.4142
 1668.7500   223.5637     2.5978   143.9182
 1668.8750   223.8660     2.5997   147.6869
 1669.0000   225.4012     2.6015   155.2713
 1669.1250   229.2864     2.6043   163.1716
 1669.2500   233.1608     2.6090   169.3759
 1669.3750   235.4746     2.6122   172.5089
 1669.5000   236.0007     2.6112   171.6625
 1669.6250   235.6964     2.6090   167.8681
 1669.7500   234.5697     2.6090   163.0666
 1669.8750   232.9747     2.6100   158.7015
 1670.0000   231.1430     2.6095   156.0474
 1670.1250   229.7141     2.6055   156.2587
 1670.2500   230.6490     2.5976   155.8741
 1670.3750   232.4431     2.5856   149.4672
 1670.5000   231.9396     2.5740   134.9228
 1670.6250   231.3666     2.5714   121.0566
 1670.7500   230.8512     2.5816   117.3053
 1670.8750   227.6339     2.5954   124.8088
 1671.0000   224.1735     2.6009   135.7966
 1671.1250   224.3715     2.5941   143.9391
 1671.2500   227.6036     2.5836   149.9009
 1671.3750   231.3181     2.5776   156.9371
 1671.5000   232.7755     2.5823   164.7523
 1671.6250   231.4058     2.5954   168.1327
 1671.7500   227.4151     2.6093   162.6166
 1671.8750   222.4344     2.6118   146.0861
 1672.0000   222.8878     2.5979   125.5685
 1672.1250   229.4351     2.5696   108.7065
 1672.2500   234.8813     2.5371   101.0101
 1672.3750   238.3919     2.5126   100.0328
 1672.5000   240.3578     2.5030   101.7368
 1672.6250   236.1178     2.5052   103.2996
 1672.7500   229.9773     2.5094   104.5321
 1672.8750   230.1541     2.5079   107.2514
 1673.0000   234.1934     2.5012   115.0252
 1673.1250   237.8773     2.4969   129.1199
 1673.2500   241.6728     2.5050   147.6108
 1673.3750   246.3333     2.5260   165.7563
 1673.5000   250.4990     2.5554   181.6626
 1673.6250   252.3397     2.5799   195.2850
 1673.7500   253.2413     2.5918   205.5513
 1673.8750   254.0721     2.5963   210.1256
 1674.0000   252.3328     2.6033   207.4107
 1674.1250   246.5341     2.6119   197.8119
 1674.2500   238.4298     2.6140   180.5175
 1674.3750   231.5565     2.6022   157.1700
 1674.5000   226.4865     2.5797   132.5676
 1674.6250   221.9667     2.5580   114.9036
 1674.7500   218.2710     2.5479   107.4401
 1674.8750   218.8904     2.5487   107.3345
 1675.0000   224.6229     2.5496   108.5455
 1675.1250   229.6958     2.5443   107.8968
 1675.2500   233.8766     2.5381   107.7434
 1675.3750   238.8911     2.5363   112.2973
 1675.5000   240.4189     2.5324   120.1770
 1675.6250   236.1810     2.5203   125.8303
 1675.7500   232.4477     2.5077   123.8532
 1675.8750   233.4343     2.5061   115.8356
 1676.0000   236.6304     2.5196   108.3723
 1676.1250   238.5315     2.5398   108.5282
 1676.2500   239.1849     2.5598   116.8555
 1676.3750   237.5583     2.5750   129.6671
 1676.5000   233.8091     2.5847   140.6087
 1676.6250   229.7682     2.5902   146.6682
 1676.7500   227.4567     2.5948   148.3918
 1676.8750   227.8964     2.5999   149.2058
 1677.0000   230.7412     2.6020   151.5090
 1677.1250   233.9105     2.5990   155.5495
 1677.2500   237.0118     2.5952   159.4278
 1677.3750   238.4247     2.5930   162.1185
 1677.5000   236.3885     2.5887   163.1088
 1677.6250   232.9800     2.5816   161.1577
 1677.7500   230.7052     2.5772   156.1896
 1677.8750   229.7097     2.5798   151.8324
 1678.0000   230.5119     2.5893   151.5068
 1678.1250   233.4464     2.6050   155.6616
 1678.2500   236.3196     2.6224   160.0292
 1678.3750   238.7134     2.6346   163.4112
 1678.5000   241.5968     2.6343   167.4181
 1678.6250   245.4482     2.6246   172.6343
 1678.7500   251.7077     2.6088   179.1017
 1678.8750   258.3957     2.5885   187.6599
 1679.0000   262.4465     2.5666   198.7186
 1679.1250   266.9188     2.5485   210.9924
 1679.2500   272.4489     2.5351   225.2867
 1679.3750   273.4976     2.5224   246.8890
 1679.5000   270.5683     2.5060   279.1408
 1679.6250   269.7396     2.4875   313.2257
 1679.7500   271.1445     2.4707   342.0801
 1679.8750   273.6791     2.4574   367.5795
 1680.0000   279.8251     2.4452   397.4402
 1680.1250   293.2619     2.4277   434.9304
 1680.2500   312.7893     2.3981   479.2736
 1680.3750   329.2064     2.3603   525.7467
 1680.5000   335.6052     2.3284   563.0367
 1680.6250   333.6959     2.3203   574.6689
 1680.7500   328.6876     2.3327   559.6303
 1680.8750   325.4051     2.3443   532.8511
 1681.0000   325.1851     2.3368   518.5609
 1681.1250   328.8009     2.3189   522.0509
 1681.2500   337.2053     2.3109   533.3640
 1681.3750   343.8915     2.3115   540.8779
 1681.5000   345.9219     2.3044   546.8004
 1681.6250   350.6987     2.2749   565.7577
 1681.7500   361.0635     2.2325   602.0385
 1681.8750   369.7561     2.1942   642.3078
 1682.0000   371.0496     2.1789   660.6984
 1682.1250   369.4974     2.1899   650.7339
 1682.2500   366.7195     2.2185   623.1644
 1682.3750   361.0349     2.2433   599.2560
 1682.5000   356.9176     2.2552   587.2201
 1682.6250   357.2463     2.2603   587.9229
 1682.7500   354.7958     2.2700   592.8233
 1682.8750   350.2827     2.2836   595.2940
 1683.0000   349.4202     2.2912   594.7974
 1683.1250   347.9808     2.2871   594.3055
 1683.2500   347.6747     2.2696   591.8430
 1683.3750   355.8453     2.2339   585.1880
 1683.5000   365.4106     2.1813   579.9206
 1683.6250   373.8632     2.1222   584.1741
 1683.7500   386.6971     2.0808   595.8325
 1683.8750   394.1056     2.0727   604.8421
 1684.0000   387.1319     2.1020   603.6030
 1684.1250   377.7058     2.1466   597.0427
 1684.2500   371.5016     2.1814   593.6048
 1684.3750   365.4918     2.1890   598.9673
 1684.5000   359.8382     2.1848   602.1733
 1684.6250   358.4386     2.1876   586.8612
 1684.7500   355.6596     2.2086   545.0813
 1684.8750   336.9043     2.2396   492.4858
 1685.0000   308.6349     2.2727   443.1453
 1685.1250   301.7662     2.3035   402.9846
 1685.2500   315.3542     2.3314   371.6815
 1685.3750   333.1581     2.3506   358.5041
 1685.5000   356.2148     2.3479   376.4256
 1685.6250   382.3111     2.3174   425.4935
 1685.7500   390.3346     2.2680   496.1139
 1685.8750   380.4610     2.2267   563.1254
 1686.0000   369.9560     2.2094   609.3279
 1686.1250   361.3214     2.2226   624.1890
 1686.2500   348.1758     2.2541   616.2899
 1686.3750   337.3734     2.2900   597.9285
 1686.5000   335.9313     2.3112   589.7926
 1686.6250   341.1113     2.3111   597.8343
 1686.7500   349.9224     2.2961   610.3370
 1686.8750   352.0617     2.2848   603.6968
 1687.0000   340.1327     2.2871   571.5135
 1687.1250   318.5582     2.3042   521.5836
 1687.2500   300.3210     2.3284   474.7911
 1687.3750   290.8099     2.3496   444.8562
 1687.5000   291.1013     2.3571   439.2855
 1687.6250   294.0914     2.3575   447.0601
 1687.7500   294.0471     2.3640   457.5666
 1687.8750   291.4947     2.3837   465.5486
 1688.0000   290.9146     2.4037   473.3137
 1688.1250   293.1669     2.4090   481.9733
 1688.2500   299.0908     2.3955   485.8957
 1688.3750   305.6343     2.3750   478.9736
 1688.5000   302.4475     2.3599   460.6163
 1688.6250   290.0386     2.3555   441.4000
 1688.7500   279.0846     2.3581   428.7044
 1688.8750   271.3496     2.3617   420.2238
 1689.0000   262.0034     2.3653   405.5269
 1689.1250   253.2572     2.3716   381.8247
 1689.2500   250.2170     2.3786   359.8508
 1689.3750   254.1503     2.3765   358.1515
 1689.5000   266.1243     2.3606   386.4440
 1689.6250   286.4666     2.3371   438.7608
 1689.7500   309.0552     2.3165   495.5944
 1689.8750   320.6830     2.3031   540.7877
 1690.0000   315.4201     2.2982   558.7408
 1690.1250   305.9850     2.3050   543.7344
 1690.2500   301.7721     2.3250   503.1050
 1690.3750   302.8363     2.3452   468.9061
 1690.5000   309.7214     2.3504   458.7798
 1690.6250   314.7507     2.3380   467.3440
 1690.7500   306.3667     2.3267   471.1780
 1690.8750   287.7307     2.3287   459.2031
 1691.0000   269.4429     2.3434   431.4114
 1691.1250   256.7213     2.3628   397.9914
 1691.2500   252.5407     2.3852   367.4458
 1691.3750   254.9567     2.4096   346.7076
 1691.5000   259.3031     2.4298   335.4834
 1691.6250   261.5272     2.4389   333.1405
 1691.7500   259.2299     2.4382   334.6553
 1691.8750   256.8027     2.4336   331.0107
 1692.0000   256.5379     2.4295   315.3491
 1692.1250   255.2865     2.4254   293.4645
 1692.2500   256.5092     2.4179   272.4409
 1692.3750   262.3597     2.4074   254.6434
 1692.5000   265.5902     2.4024   239.4041
 1692.6250   264.3107     2.4103   229.4491
 1692.7500   259.2351     2.4316   228.0673
 1692.8750   253.4267     2.4573   236.4354
 1693.0000   254.0163     2.4777   261.1433
 1693.1250   266.9802     2.4770   310.3583
 1693.2500   286.6703     2.4507   379.3827
 1693.3750   300.7213     2.4123   451.2899
 1693.5000   303.3041     2.3909   498.4321
 1693.6250   297.2893     2.3981   501.3539
 1693.7500   281.2171     2.4314   447.3450
 1693.8750   259.4171     2.4683   364.1777
 1694.0000   243.8379     2.4880   285.3894
 1694.1250   243.1553     2.4731   240.9878
 1694.2500   250.1306     2.4411   226.7758
 1694.3750   259.5110     2.4169   230.8561
 1694.5000   271.6222     2.4163   242.0679
 1694.6250   287.6728     2.4279   254.7261
 1694.7500   304.9399     2.4338   268.9905
 1694.8750   314.0929     2.4240   285.0342
 1695.0000   311.6197     2.4099   294.1935
 1695.1250   302.0816     2.4123   283.7688
 1695.2500   290.0343     2.4386   256.2742
 1695.3750   273.1865     2.4778   225.5059
 1695.5000   258.5734     2.5073   206.9149
 1695.6250   255.6401     2.5140   199.2597
 1695.7500   259.7895     2.5004   197.0785
 1695.8750   260.9370     2.4759   196.8341
 1696.0000   259.5488     2.4524   197.1832
 1696.1250   258.3557     2.4391   198.0401
 1696.2500   258.1965     2.4389   198.3940
 1696.3750   259.8448     2.4441   197.5190
 1696.5000   263.5077     2.4471   195.4439
 1696.6250   267.2834     2.4469   191.9930
 1696.7500   270.1970     2.4467   186.2029
 1696.8750   271.7921     2.4454   177.6653
 1697.0000   272.7216     2.4401   168.2844
 1697.1250   274.6459     2.4334   160.6491
 1697.2500   278.4437     2.4367   156.9235
 1697.3750   282.9857     2.4563   155.5752
 1697.5000   287.0681     2.4883   155.9663
 1697.6250   288.2640     2.5192   157.7870
 1697.7500   287.4407     2.5383   159.2854
 1697.8750   288.6490     2.5408   158.9000
 1698.0000   290.9365     2.5349   156.9563
 1698.1250   290.3770     2.5342   155.6314
 1698.2500   287.5436     2.5479   156.3651
 1698.3750   281.7235     2.5730   158.3450
 1698.5000   268.5794     2.6008   160.6663
 1698.6250   249.6185     2.6224   159.4075
 1698.7500   231.6724     2.6348   150.3533
 1698.8750   215.4462     2.6398   134.6850
 1699.0000   203.0591     2.6429   120.0157
 1699.1250   198.0272     2.6472   111.9697
 1699.2500   200.6749     2.6509   109.9968
 1699.3750   208.9313     2.6513   110.0536
 1699.5000   219.5764     2.6499   110.5845
 1699.6250   227.8645     2.6471   111.2463
 1699.7500   233.6594     2.6415   111.9848
 1699.8750   240.5272     2.6342   113.3960
 1700.0000   246.3046     2.6301   116.4968
 1700.1250   247.5122     2.6298   121.6075
 1700.2500   245.9121     2.6272   126.7150
 1700.3750   240.7733     2.6172   127.3722
 1700.5000   231.2213     2.6059   121.7972
 1700.6250   221.1956     2.5996   111.5769
 1700.7500   215.8660     2.6016   101.3210
 1700.8750   213.7790     2.6114    92.8026
 1701.0000   212.1964     2.6274    85.3331
 1701.1250   209.2737     2.6434    79.0058
 1701.2500   204.2757     2.6548    74.6033
 1701.3750   198.6485     2.6616    72.6108
 1701.5000   197.3106     2.6643    71.7609
 1701.6250   201.2938     2.6599    71.6181
 1701.7500   208.0117     2.6494    73.2637
 1701.8750   214.7301     2.6417    77.6497
 1702.0000   221.1573     2.6411    84.4697
 1702.1250   225.5706     2.6456    93.2008
 1702.2500   226.8066     2.6513   102.7252
 1702.3750   227.8306     2.6579   111.5533
 1702.5000   233.0740     2.6611   118.4180
 1702.6250   240.0402     2.6545   123.3314
 1702.7500   245.2761     2.6392   125.9741
 1702.8750   248.3489     2.6266   126.5675
 1703.0000   248.3789     2.6242   125.4669
 1703.1250   243.8581     2.6327   123.7687
 1703.2500   237.1886     2.6442   122.8349
 1703.3750   232.2260     2.6503   123.1761
 1703.5000   233.0781     2.6413   125.4434
 1703.6250   238.5509     2.6211   128.6875
 1703.7500   245.7051     2.6027   132.2070
 1703.8750   250.8091     2.6001   135.5592
 1704.0000   251.5016     2.6111   137.9461
 1704.1250   247.1992     2.6280   138.7022
 1704.2500   240.6421     2.6399   137.2646
 1704.3750   234.2709     2.6426   133.6527
 1704.5000   228.8921     2.6368   128.5475
 1704.6250   225.4606     2.6313   123.2607
 1704.7500   224.5015     2.6335   118.9305
 1704.8750   225.1498     2.6427   116.7583
 1705.0000   226.2710     2.6490   116.8794
 1705.1250   228.3736     2.6459   118.8272
 1705.2500   232.7179     2.6301   121.4601
 1705.3750   240.3909     2.6036   124.0551
 1705.5000   249.7557     2.5711   127.2798
 1705.6250   256.6058     2.5459   131.8436
 1705.7500   260.6082     2.5378   136.4202
 1705.8750   260.6204     2.5499   138.5929
 1706.0000   253.8870     2.5728   137.4323
 1706.1250   243.4666     2.5960   133.9078
 1706.2500   234.6744     2.6113   128.9480
 1706.3750   229.6908     2.6189   123.0512
 1706.5000   227.6094     2.6237   116.3795
 1706.6250   226.9439     2.6297   110.7310
 1706.7500   227.5491     2.6343   108.0069
 1706.8750   228.6685     2.6344   108.3039
 1707.0000   226.0097     2.6306   109.9639
 1707.1250   219.6288     2.6291   109.7445
 1707.2500   211.4962     2.6336   104.8167
 1707.3750   204.0864     2.6417    95.9863
 1707.5000   200.7353     2.6473    88.5061
 1707.6250   203.7087     2.6476    88.1919
 1707.7500   211.8017     2.6452    95.1784
 1707.8750   223.9086     2.6435   104.6519
 1708.0000   237.2647     2.6428   112.5154
 1708.1250   248.5809     2.6416   119.0379
 1708.2500   258.6307     2.6380   124.4676
 1708.3750   265.4833     2.6305   127.4490
 1708.5000   265.2632     2.6229   127.5372
 1708.6250   259.3068     2.6191   125.3782
 1708.7500   252.9008     2.6216   122.8708
 1708.8750   247.7421     2.6274   121.1080
 1709.0000   243.6725     2.6309   120.4630
 1709.1250   240.6983     2.6244   120.8456
 1709.2500   238.2138     2.6076   120.3626
 1709.3750   233.2801     2.5902   116.3886
 1709.5000   224.9095     2.5849   108.7508
 1709.6250   217.5717     2.5929    99.6921
 1709.7500   214.0327     2.6091    93.0829
 1709.8750   210.1859     2.6270    89.8169
 1710.0000   207.2946     2.6419    88.3252
 1710.1250   210.4901     2.6448    87.3388
 1710.2500   216.5639     2.6317    88.3335
 1710.3750   223.8286     2.6070    93.9724
 1710.5000   236.0302     2.5865   104.1343
 1710.6250   248.1944     2.5790   114.1747
 1710.7500   251.0017     2.5844   119.3117
 1710.8750   246.3180     2.5967   118.9882
 1711.0000   239.0328     2.6108   115.7238
 1711.1250   230.1295     2.6214   111.6055
 1711.2500   223.3323     2.6280   107.8073
 1711.3750   221.5667     2.6344   105.6072
 1711.5000   224.0326     2.6442   107.1655
 1711.6250   227.1211     2.6537   111.2080
 1711.7500   227.8737     2.6583   114.8348
 1711.8750   228.1332     2.6549   115.2172
 1712.0000   233.2571     2.6428   113.1536
 1712.1250   242.0275     2.6230   112.0346
 1712.2500   248.6712     2.6086   115.3540
 1712.3750   253.6900     2.6119   121.7608
 1712.5000   255.2613     2.6344   127.1915
 1712.6250   249.4324     2.6594   128.5889
 1712.7500   239.1366     2.6743   126.5561
 1712.8750   228.1581     2.6724   121.7123
 1713.0000   218.5766     2.6549   113.3674
 1713.1250   214.8555     2.6289   102.4755
 1713.2500   218.3830     2.6125    94.8258
 1713.3750   225.3094     2.6146    95.1503
 1713.5000   235.5255     2.6292   103.8376
 1713.6250   244.8041     2.6401   115.5847
 1713.7500   246.7092     2.6397   124.5037
 1713.8750   241.3002     2.6277   127.6616
 1714.0000   235.0277     2.6107   125.9486
 1714.1250   230.4986     2.5988   121.6232
 1714.2500   227.2453     2.6023   116.5287
 1714.3750   225.1369     2.6178   111.6410
 1714.5000   224.1568     2.6356   107.6363
 1714.6250   221.8869     2.6456   105.2336
 1714.7500   217.0731     2.6433   102.8031
 1714.8750   211.5847     2.6275    98.8605
 1715.0000   208.2002     2.6078    93.5068
 1715.1250   207.8105     2.6013    88.9221
 1715.2500   210.4318     2.6177    87.3236
 1715.3750   215.3096     2.6494    89.4963
 1715.5000   221.6025     2.6798    94.7791
 1715.6250   226.9491     2.6953   102.1448
 1715.7500   228.5355     2.6927   109.9368
 1715.8750   228.1460     2.6776   116.3702
 1716.0000   229.0954     2.6621   119.6929
 1716.1250   231.2127     2.6577   120.8776
 1716.2500   233.3081     2.6668   121.8933
 1716.3750   235.6034     2.6820   124.1263
 1716.5000   238.1595     2.6915   125.7725
 1716.6250   239.6742     2.6859   124.7176
 1716.7500   239.7580     2.6578   122.0144
 1716.8750   240.4956     2.6171   120.5363
 1717.0000   242.6407     2.5846   121.2734
 1717.1250   246.1041     2.5790   122.4958
 1717.2500   251.5727     2.5961   123.0164
 1717.3750   256.0058     2.6201   123.2513
 1717.5000   255.2634     2.6368   123.5824
 1717.6250   249.6355     2.6450   122.0009
 1717.7500   238.4644     2.6455   114.6041
 1717.8750   224.5902     2.6418   103.0480
 1718.0000   213.5730     2.6406    92.2573
 1718.1250   209.3017     2.6501    88.2381
 1718.2500   211.0987     2.6676    90.8298
 1718.3750   217.1214     2.6855    98.0192
 1718.5000   221.3419     2.6956   106.2899
 1718.6250   222.9471     2.6936   112.7900
 1718.7500   226.8982     2.6744   116.7345
 1718.8750   234.8871     2.6407   120.7574
 1719.0000   244.7116     2.6050   126.8333
 1719.1250   254.0063     2.5838   134.5608
 1719.2500   259.6028     2.5817   140.6546
 1719.3750   259.5750     2.5937   142.6165
 1719.5000   253.3699     2.6106   139.1693
 1719.6250   244.6082     2.6200   132.8369
 1719.7500   238.7606     2.6142   125.8733
 1719.8750   237.6693     2.6015   119.5703
 1720.0000   236.1909     2.6001   114.3170
 1720.1250   233.5616     2.6177   111.1131
 1720.2500   231.9606     2.6430   110.4421
 1720.3750   230.2740     2.6592   112.1576
 1720.5000   227.6801     2.6512   115.7229
 1720.6250   226.3130     2.6219   118.6807
 1720.7500   228.3883     2.5892   119.0169
 1720.8750   233.5136     2.5790   116.8589
 1721.0000   237.6569     2.5932   116.0070
 1721.1250   240.8888     2.6183   118.5342
 1721.2500   243.1338     2.6396   123.1412
 1721.3750   239.4507     2.6542   126.1476
 1721.5000   228.9610     2.6579   124.3391
 1721.6250   221.2872     2.6462   116.2613
 1721.7500   219.9563     2.6272   105.2145
 1721.8750   220.5404     2.6143    96.9130
 1722.0000   221.5763     2.6132    95.8347
 1722.1250   224.7065     2.6188   100.2570
 1722.2500   228.0068     2.6264   105.2144
 1722.3750   229.5656     2.6348   107.7677
 1722.5000   231.5536     2.6443   109.3323
 1722.6250   236.3225     2.6567   112.5247
 1722.7500   241.2196     2.6720   117.3392
 1722.8750   242.2362     2.6864   121.9787
 1723.0000   239.2244     2.6930   124.4076
 1723.1250   235.3908     2.6934   124.6913
 1723.2500   232.0602     2.6900   123.1915
 1723.3750   230.5535     2.6761   120.5922
 1723.5000   232.2666     2.6442   117.8586
 1723.6250   236.3577     2.6021   116.6907
 1723.7500   238.3841     2.5771   117.0863
 1723.8750   237.0915     2.5838   117.2450
 1724.0000   234.6388     2.6193   115.3199
 1724.1250   230.5528     2.6570   111.4045
 1724.2500   225.3742     2.6795   106.6672
 1724.3750   226.6858     2.6735   103.0809
 1724.5000   234.9304     2.6395   102.2379
 1724.6250   244.6456     2.5901   104.6022
 1724.7500   242.0585     2.5538   108.9285
 1724.8750   247.6816     2.5415   114.1143
 1725.0000   251.8155     2.5476   120.6623
 1725.1250   254.9268     2.5561   126.8249
 1725.2500   255.2153     2.5598   128.9879
 1725.3750   247.8850     2.5554   124.0484
 1725.5000   236.7312     2.5465   114.9478
 1725.6250   227.1238     2.5435   106.5692
 1725.7500   221.1665     2.5615   103.7952
 1725.8750   219.2526     2.5973   106.1779
 1726.0000   222.5156     2.6380   112.0155
 1726.1250   229.1278     2.6646   118.4022
 1726.2500   233.9171     2.6685   123.0889
 1726.3750   233.9038     2.6482   125.0538
 1726.5000   231.8358     2.6187   124.5381
 1726.6250   231.2335     2.6003   122.9706
 1726.7500   232.1055     2.6053   122.0752
 1726.8750   233.1284     2.6250   122.9641
 1727.0000   234.7287     2.6445   125.0388
 1727.1250   236.2793     2.6521   126.0910
 1727.2500   234.7635     2.6455   124.5784
 1727.3750   230.6611     2.6258   121.1709
 1727.5000   229.6244     2.5998   118.6741
 1727.6250   231.5721     2.5801   118.7265
 1727.7500   232.8032     2.5749   120.9343
 1727.8750   233.8474     2.5860   123.4980
 1728.0000   235.6598     2.6049   124.9302
 1728.1250   235.4964     2.6213   124.7115
 1728.2500   234.0529     2.6260   123.7521
 1728.3750   234.8274     2.6223   123.4112
 1728.5000   238.3914     2.6197   124.7997
 1728.6250   241.6618     2.6251   127.4395
 1728.7500   242.2435     2.6346   129.9932
 1728.8750   239.0000     2.6376   129.7822
 1729.0000   232.7069     2.6293   124.0768
 1729.1250   223.2598     2.6139   111.9173
 1729.2500   212.3439     2.6036    96.9011
 1729.3750   204.6435     2.6074    85.2713
 1729.5000   203.1655     2.6254    80.7422
 1729.6250   205.8334     2.6451    83.1200
 1729.7500   210.2651     2.6546    89.6203
 1729.8750   215.2140     2.6525    97.4585
 1730.0000   216.9817     2.6458   103.0066
 1730.1250   214.8846     2.6366   104.9890
 1730.2500   212.7692     2.6249   104.9230
 1730.3750   213.5983     2.6153   106.1732
 1730.5000   218.4369     2.6134   110.3340
 1730.6250   228.9517     2.6186   116.8691
 1730.7500   241.9498     2.6208   123.3067
 1730.8750   251.9804     2.6136   127.4680
 1731.0000   253.9959     2.6018   127.0362
 1731.1250   247.9891     2.5947   121.0536
 1731.2500   235.5160     2.5975   110.0545
 1731.3750   222.2379     2.6080    99.5828
 1731.5000   214.3969     2.6196    95.4074
 1731.6250   215.6474     2.6269   100.4266
 1731.7500   223.0352     2.6286   109.8808
 1731.8750   232.3153     2.6278   118.2941
 1732.0000   237.7651     2.6286   123.0799
 1732.1250   237.4757     2.6330   126.1230
 1732.2500   233.6537     2.6414   128.6932
 1732.3750   229.5377     2.6510   130.2979
 1732.5000   227.3086     2.6571   130.1744
 1732.6250   228.2420     2.6559   128.9601
 1732.7500   229.9851     2.6453   128.4270
 1732.8750   230.0302     2.6282   128.8811
 1733.0000   228.6116     2.6103   129.4928
 1733.1250   228.3084     2.5991   129.3709
 1733.2500   230.3897     2.5959   129.0443
 1733.3750   233.2331     2.5996   129.9243
 1733.5000   235.2948     2.6067   131.6985
 1733.6250   237.5399     2.6126   132.8970
 1733.7500   240.5195     2.6065   132.2823
 1733.8750   245.0899     2.5880 -9999.0000
 1734.0000   251.2863     2.5682 -9999.0000
 1734.1250   256.5852     2.5678 -9999.0000
 1734.2500   259.9734     2.5900 -9999.0000
 1734.3750   259.5655     2.6227 -9999.0000
 1734.5000   254.1961     2.6433 -9999.0000
 1734.6250   248.8025     2.6437 -9999.0000
 1734.7500   246.5164     2.6275 -9999.0000
 1734.8750   243.2135     2.6107 -9999.0000
 1735.0000   237.6888     2.6049 -9999.0000
 1735.1250   230.7887     2.6132 -9999.0000
 1735.2500   221.5337     2.6246 -9999.0000
 1735.3750   210.9646     2.6306 -9999.0000
 1735.5000   204.8833     2.6269 -9999.0000
 1735.6250   205.4458     2.6168 -9999.0000
 1735.7500   211.2479     2.6046 -9999.0000
 1735.8750   218.5226     2.5962 -9999.0000
 1736.0000   224.4108     2.5960 -9999.0000
 1736.1250   227.8281     2.6045 -9999.0000
 1736.2500   228.4689     2.6110 -9999.0000
 1736.3750   230.3474     2.6017 -9999.0000
 1736.5000   242.5807     2.5664 -9999.0000
 1736.6250   259.8484     2.5220 -9999.0000
 1736.7500   270.8821     2.4946 -9999.0000
 1736.8750   271.5823     2.5071 -9999.0000
 1737.0000   262.5379     2.5480 -9999.0000
 1737.1250   241.9824     2.5961 -9999.0000
 1737.2500   220.5209     2.6258 -9999.0000
 1737.3750   208.6632     2.6311 -9999.0000
 1737.5000   205.7761     2.6175 -9999.0000
 1737.6250   205.7649     2.6015 -9999.0000
 1737.7500   206.0232     2.5946 -9999.0000
 1737.8750   206.9857     2.5992 -9999.0000
 1738.0000   209.8263     2.6084 -9999.0000
 1738.1250   215.3680     2.6136 -9999.0000
 1738.2500   226.6852     2.6067 -9999.0000
 1738.3750   242.5940     2.5898 -9999.0000
 1738.5000   256.6015     2.5700 -9999.0000
 1738.6250   261.7200     2.5584 -9999.0000
 1738.7500   261.0641     2.5591 -9999.0000
 1738.8750   258.0611     2.5702 -9999.0000
 1739.0000   254.0437     2.5841 -9999.0000
 1739.1250   249.6621     2.5960 -9999.0000
 1739.2500   246.1214     2.6052 -9999.0000
 1739.3750   243.7780     2.6120 -9999.0000
 1739.5000   239.7246     2.6145 -9999.0000
 1739.6250   231.9421     2.6106 -9999.0000
 1739.7500   224.5753     2.6074 -9999.0000
 1739.8750   218.8901     2.6127 -9999.0000
 1740.0000   213.5833     2.6264 -9999.0000
 1740.1250   211.0692     2.6364 -9999.0000
 1740.2500   212.5567     2.6363 -9999.0000
 1740.3750   216.0527     2.6275 -9999.0000
 1740.5000   220.2925     2.6159 -9999.0000
 1740.6250   224.0621     2.6063 -9999.0000
 1740.7500   225.1649     2.6038 -9999.0000
 1740.8750 -9999.0000     2.6088 -9999.0000
 1741.0000 -9999.0000     2.6169 -9999.0000
 1741.1250 -9999.0000     2.6214 -9999.0000
 1741.2500 -9999.0000     2.6191 -9999.0000
 1741.3750 -9999.0000     2.6082 -9999.0000
 1741.5000 -9999.0000     2.5909 -9999.0000
 1741.6250 -9999.0000     2.5727 -9999.0000
 1741.7500 -9999.0000     2.5659 -9999.0000
 1741.8750 -9999.0000     2.5747 -9999.0000
 1742.0000 -9999.0000     2.5942 -9999.0000
 1742.1250 -9999.0000     2.6107 -9999.0000
 1742.2500 -9999.0000     2.6164 -9999.0000
 1742.3750 -9999.0000     2.6109 -9999.0000
 1742.5000 -9999.0000     2.6027 -9999.0000
 1742.6250 -9999.0000     2.6001 -9999.0000
 1742.7500 -9999.0000     2.6067 -9999.0000
 1742.8750 -9999.0000     2.6148 -9999.0000
 1743.0000 -9999.0000     2.6175 -9999.0000
 1743.1250 -9999.0000     2.6123 -9999.0000
 1743.2500 -9999.0000     2.6031 -9999.0000
 1743.3750 -9999.0000     2.5933 -9999.0000
 1743.5000 -9999.0000     2.5908 -9999.0000
 1743.6250 -9999.0000     2.5995 -9999.0000
 1743.7500 -9999.0000     2.6172 -9999.0000
 1743.8750 -9999.0000     2.6328 -9999.0000
 1744.0000 -9999.0000     2.6378 -9999.0000
 1744.1250 -9999.0000     2.6275 -9999.0000
 1744.2500 -9999.0000     2.6064 -9999.0000
 1744.3750 -9999.0000     2.5863 -9999.0000
 1744.5000 -9999.0000     2.5816 -9999.0000
 1744.6250 -9999.0000     2.5935 -9999.0000
 1744.7500 -9999.0000     2.6143 -9999.0000
 1744.8750 -9999.0000     2.6308 -9999.0000
 1745.0000 -9999.0000     2.6355 -9999.0000
 1745.1250 -9999.0000     2.6274 -9999.0000
 1745.2500 -9999.0000     2.6145 -9999.0000
 1745.3750 -9999.0000     2.6056 -9999.0000
 1745.5000 -9999.0000     2.6044 -9999.0000
 1745.6250 -9999.0000     2.6097 -9999.0000
 1745.7500 -9999.0000     2.6158 -9999.0000
 1745.8750 -9999.0000     2.6182 -9999.0000
 1746.0000 -9999.0000     2.6171 -9999.0000
 1746.1250 -9999.0000     2.6103 -9999.0000
 1746.2500 -9999.0000     2.5960 -9999.0000
 1746.3750 -9999.0000     2.5810 -9999.0000
 1746.5000 -9999.0000     2.5748 -9999.0000
 1746.6250 -9999.0000     2.5843 -9999.0000
 1746.7500 -9999.0000     2.6036 -9999.0000
 1746.8750 -9999.0000     2.6243 -9999.0000
 1747.0000 -9999.0000     2.6383 -9999.0000
 1747.1250 -9999.0000     2.6438 -9999.0000
 1747.2500 -9999.0000     2.6392 -9999.0000
 1747.3750 -9999.0000     2.6177 -9999.0000
 1747.5000 -9999.0000     2.5750 -9999.0000
 1747.6250 -9999.0000     2.5180 -9999.0000
 1747.7500 -9999.0000     2.4690 -9999.0000
 1747.8750 -9999.0000     2.4444 -9999.0000
 1748.0000 -9999.0000     2.4578 -9999.0000
 1748.1250 -9999.0000     2.4970 -9999.0000
 1748.2500 -9999.0000     2.5431 -9999.0000
 1748.3750 -9999.0000     2.5707 -9999.0000
 1748.5000 -9999.0000     2.5697 -9999.0000
 1748.6250 -9999.0000     2.5408 -9999.0000
 1748.7500 -9999.0000     2.4978 -9999.0000
 1748.8750 -9999.0000     2.4551 -9999.0000
 1749.0000 -9999.0000     2.4165 -9999.0000
 1749.1250 -9999.0000     2.3750 -9999.0000
 1749.2500 -9999.0000     2.3275 -9999.0000
 1749.3750 -9999.0000     2.2786 -9999.0000
 1749.5000 -9999.0000     2.2391 -9999.0000
 1749.6250 -9999.0000     2.2139 -9999.0000
 1749.7500 -9999.0000     2.2040 -9999.0000
 1749.8750 -9999.0000     2.2034 -9999.0000
 1750.0000 -9999.0000     2.2074 -9999.0000
 1750.1250 -9999.0000     2.2081 -9999.0000
 1750.2500 -9999.0000     2.2060 -9999.0000
 1750.3750 -9999.0000     2.2088 -9999.0000
 1750.5000 -9999.0000     2.2149 -9999.0000
 1750.6250 -9999.0000     2.2164 -9999.0000
 1750.7500 -9999.0000     2.2099 -9999.0000
 1750.8750 -9999.0000     2.2059 -9999.0000
 1751.0000 -9999.0000     2.2053 -9999.0000
 1751.1250 -9999.0000     2.2043 -9999.0000
 1751.2500 -9999.0000     2.2386 -9999.0000
 1751.3750 -9999.0000     2.3517 -9999.0000
 1751.5000 -9999.0000     2.4178 -9999.0000
 1751.6250 -9999.0000     2.4310 -9999.0000
 1751.7500 -9999.0000     2.4319 -9999.0000
 1751.8750 -9999.0000     2.4334 -9999.0000
 1752.0000 -9999.0000     2.4289 -9999.0000
 1752.1250 -9999.0000     2.4268 -9999.0000
 1752.2500 -9999.0000     2.4290 -9999.0000
 1752.3750 -9999.0000     2.4323 -9999.0000
 1752.5000 -9999.0000     2.4316 -9999.0000
 1752.6250 -9999.0000     2.4275 -9999.0000
 1752.7500 -9999.0000 -9999.0000 -9999.0000
 1752.8750 -9999.0000 -9999.0000 -9999.0000
