¾®ºÅ	Éî¶È	TVD	GR	_RT	_SP	_AC
LT2	16.25	16.25	77.019	92624.36	91.374	266.09
LT2	16.375	16.375	76.706	73360.57	91.509	266.205
LT2	16.5	16.5	76.176	45306.96	91.656	266.542
LT2	16.625	16.625	75.052	18863.35	91.817	267.359
LT2	16.75	16.75	74.509	4939.612	91.993	268.974
LT2	16.875	16.875	76.033	884.46	92.183	271.84
LT2	17	17	79.98	625.479	92.388	276.995
LT2	17.125	17.125	84.567	515.689	92.608	289.227
LT2	17.25	17.25	88.301	409.751	92.842	311.048
LT2	17.375	17.375	89.587	446.627	93.091	334.837
LT2	17.5	17.5	89.107	541.66	93.352	345.263
LT2	17.625	17.625	88.292	525.044	93.625	342.194
LT2	17.75	17.75	88.09	371.665	93.909	328.875
LT2	17.875	17.875	88.462	230.171	94.201	306.897
LT2	18	18	89.245	199.005	94.501	288.203
LT2	18.125	18.125	89.826	302.879	94.808	293.34
LT2	18.25	18.25	89.417	454.43	95.121	318.828
LT2	18.375	18.375	87.8	623.617	95.439	353.699
LT2	18.5	18.5	85.622	831.955	95.761	392.985
LT2	18.625	18.625	83.067	1009.272	96.081	428.553
LT2	18.75	18.75	79.91	1012.33	96.397	445.978
LT2	18.875	18.875	76.712	801.911	96.703	442.3
LT2	19	19	74.594	552.353	96.997	428.21
LT2	19.125	19.125	74.433	449.523	97.274	400.944
LT2	19.25	19.25	75.82	457.738	97.532	374.132
LT2	19.375	19.375	78.13	460.158	97.771	368.704
LT2	19.5	19.5	80.016	421.641	97.985	383.842
LT2	19.625	19.625	80.871	391.585	98.177	403.938
LT2	19.75	19.75	81.147	431.263	98.344	432.541
LT2	19.875	19.875	82.086	528.487	98.484	452.98
LT2	20	20	83.682	573.403	98.598	446.958
LT2	20.125	20.125	84.78	499.918	98.687	423.677
LT2	20.25	20.25	84.818	343.407	98.747	396.156
LT2	20.375	20.375	84.095	206.512	98.782	360.466
LT2	20.5	20.5	82.434	140.097	98.789	326.507
LT2	20.625	20.625	79.724	125.488	98.769	308.213
LT2	20.75	20.75	76.469	147.825	98.724	297.601
LT2	20.875	20.875	73.911	202.444	98.653	290.902
LT2	21	21	72.65	252.319	98.561	293.514
LT2	21.125	21.125	72.999	270.486	98.452	300.787
LT2	21.25	21.25	75.007	291.48	98.328	301.306
LT2	21.375	21.375	78.298	355.711	98.194	293.701
LT2	21.5	21.5	81.848	437.002	98.052	281.236
LT2	21.625	21.625	84.921	472.327	97.903	267.915
LT2	21.75	21.75	87.535	474.925	97.751	256.869
LT2	21.875	21.875	89.336	492.023	97.596	252.052
LT2	22	22	89.536	524.215	97.44	254.56
LT2	22.125	22.125	87.701	531.475	97.285	260.98
LT2	22.25	22.25	84.4	496.665	97.132	267.875
LT2	22.375	22.375	80.685	452.561	96.983	273.125
LT2	22.5	22.5	76.726	465.943	96.837	277.16
LT2	22.625	22.625	72.601	576.482	96.697	280.623
LT2	22.75	22.75	69.496	694.039	96.563	282.573
LT2	22.875	22.875	68.762	730.213	96.436	282.484
LT2	23	23	70.086	1035.664	96.315	281.223
LT2	23.125	23.125	72.208	4706.229	96.201	280.406
LT2	23.25	23.25	73.845	12644.69	96.094	280.522
LT2	23.375	23.375	74.587	18755.18	95.992	281.355
LT2	23.5	23.5	74.563	20501.96	95.895	286.545
LT2	23.625	23.625	74.766	20573.53	95.802	302.222
LT2	23.75	23.75	75.793	20370.89	95.713	325.771
LT2	23.875	23.875	76.887	17304.91	95.627	349.565
LT2	24	24	76.917	9373.885	95.544	369.083
LT2	24.125	24.125	76.029	2580.026	95.465	381.638
LT2	24.25	24.25	75.272	359.078	95.388	383.648
LT2	24.375	24.375	75.472	273.799	95.313	371.498
LT2	24.5	24.5	76.469	238.587	95.24	351.658
LT2	24.625	24.625	77.941	226.738	95.168	332.508
LT2	24.75	24.75	79.036	222.439	95.098	318.434
LT2	24.875	24.875	78.996	222.963	95.029	307.992
LT2	25	25	77.962	231.485	94.96	303.291
LT2	25.125	25.125	77.152	244.668	94.892	304.716
LT2	25.25	25.25	76.763	254.374	94.825	306.052
LT2	25.375	25.375	76.308	258.447	94.76	303.322
LT2	25.5	25.5	75.649	260.85	94.695	301.109
LT2	25.625	25.625	74.855	259.595	94.632	303.032
LT2	25.75	25.75	74.543	243.087	94.571	307.671
LT2	25.875	25.875	75.075	211.209	94.511	312.244
LT2	26	26	76.782	177.764	94.453	316.135
LT2	26.125	26.125	79.272	158.371	94.397	317
LT2	26.25	26.25	81.695	152.278	94.342	314.721
LT2	26.375	26.375	83.387	151.156	94.289	311.95
LT2	26.5	26.5	84.308	145.022	94.238	311.22
LT2	26.625	26.625	84.226	134.624	94.18	311.601
LT2	26.75	26.75	83.377	125.616	94.06	312.448
LT2	26.875	26.875	82.587	121.508	93.745	313.825
LT2	27	27	82.063	119.605	93.161	316.077
LT2	27.125	27.125	81.372	117.75	92.305	319.342
LT2	27.25	27.25	80.188	118.101	91.313	322.571
LT2	27.375	27.375	78.969	121.613	90.284	323.972
LT2	27.5	27.5	78.606	124.495	89.255	321.075
LT2	27.625	27.625	79.041	122.678	88.229	313.704
LT2	27.75	27.75	79.654	116.624	87.205	303.968
LT2	27.875	27.875	80.193	110.209	86.183	299.728
LT2	28	28	80.511	105.126	85.164	305.895
LT2	28.125	28.125	80.276	100.403	84.147	321.585
LT2	28.25	28.25	79.657	94.316	83.134	342.748
LT2	28.375	28.375	79.147	86.961	82.124	364.691
LT2	28.5	28.5	79.456	79.854	81.12	378.622
LT2	28.625	28.625	80.734	74.656	80.119	378.016
LT2	28.75	28.75	82.982	72.066	79.123	366.494
LT2	28.875	28.875	85.772	71.897	78.131	354.948
LT2	29	29	87.489	72.35	77.153	349.398
LT2	29.125	29.125	86.536	72.715	76.244	340.874
LT2	29.25	29.25	83.259	73.091	75.557	324.138
LT2	29.375	29.375	78.952	73.696	75.149	308.818
LT2	29.5	29.5	74.711	74.157	74.995	291.384
LT2	29.625	29.625	71.361	73.701	74.979	267.767
LT2	29.75	29.75	69.731	73.028	74.995	251.147
LT2	29.875	29.875	69.704	73.153	75.016	248.311
LT2	30	30	69.891	74.192	75.042	255.539
LT2	30.125	30.125	70.756	75.557	75.071	267.932
LT2	30.25	30.25	73.699	76.647	75.105	286.069
LT2	30.375	30.375	77.636	77.209	75.142	312.567
LT2	30.5	30.5	80.355	77.11	75.182	339.074
LT2	30.625	30.625	81.483	75.279	75.223	356.53
LT2	30.75	30.75	82.646	71.258	75.265	372.502
LT2	30.875	30.875	84.49	65.912	75.307	384.8
LT2	31	31	86.09	61.572	75.349	380.48
LT2	31.125	31.125	86.826	59.689	75.39	370.209
LT2	31.25	31.25	86.343	59.83	75.431	367.049
LT2	31.375	31.375	84.742	60.657	75.471	367.957
LT2	31.5	31.5	82.64	61.61	75.511	368.821
LT2	31.625	31.625	81.021	62.514	75.549	380.325
LT2	31.75	31.75	79.916	63.258	75.584	406.389
LT2	31.875	31.875	79.123	63.93	75.614	434.143
LT2	32	32	78.758	64.945	75.635	453.429
LT2	32.125	32.125	78.781	66.299	75.646	464.83
LT2	32.25	32.25	78.874	67.369	75.646	470.859
LT2	32.375	32.375	78.613	67.486	75.632	462.385
LT2	32.5	32.5	78.26	66.734	75.605	443.542
LT2	32.625	32.625	75.684	65.409	75.565	436.96
LT2	32.75	32.75	69.263	63.997	75.51	450.069
LT2	32.875	32.875	63.261	62.632	75.442	464.535
LT2	33	33	64.983	61.016	75.361	481.609
LT2	33.125	33.125	72.994	58.888	75.267	497.332
LT2	33.25	33.25	80.854	56.678	75.16	493.986
LT2	33.375	33.375	81.89	55.202	75.039	475.158
LT2	33.5	33.5	80.536	54.426	74.906	458.276
LT2	33.625	33.625	80.725	53.842	74.761	447.24
LT2	33.75	33.75	82.603	53.375	74.606	442.521
LT2	33.875	33.875	84.986	52.874	74.444	444.749
LT2	34	34	86.544	52.034	74.279	457.142
LT2	34.125	34.125	86.668	50.871	74.112	475.948
LT2	34.25	34.25	86.064	50.079	73.946	483.668
LT2	34.375	34.375	86.038	50.216	73.785	474.419
LT2	34.5	34.5	86.829	51.068	73.633	452.815
LT2	34.625	34.625	87.607	51.98	73.49	418.191
LT2	34.75	34.75	86.65	52.786	73.359	378.275
LT2	34.875	34.875	84.138	53.638	73.241	356.593
LT2	35	35	80.568	54.915	73.136	353.948
LT2	35.125	35.125	76.687	56.853	73.046	355.988
LT2	35.25	35.25	73.344	59.13	72.969	358.487
LT2	35.375	35.375	71.379	61.174	72.907	364.327
LT2	35.5	35.5	71.037	62.43	72.861	367.012
LT2	35.625	35.625	71.899	62.912	72.831	365.213
LT2	35.75	35.75	73.138	62.53	72.815	360.512
LT2	35.875	35.875	74.126	61.079	72.815	346.088
LT2	36	36	74.688	59.1	72.826	321.511
LT2	36.125	36.125	75.633	57.36	72.846	293.01
LT2	36.25	36.25	77.785	56.422	72.873	269.441
LT2	36.375	36.375	80.622	55.794	72.904	257.604
LT2	36.5	36.5	82.051	55.008	72.938	259.179
LT2	36.625	36.625	81.939	53.955	72.973	270.156
LT2	36.75	36.75	82.049	52.654	73.007	290.585
LT2	36.875	36.875	83.323	51.031	73.04	316.988
LT2	37	37	84.735	49.154	73.068	343.578
LT2	37.125	37.125	85.666	47.285	73.093	369.754
LT2	37.25	37.25	86.172	45.832	73.114	387.418
LT2	37.375	37.375	86.261	44.822	73.13	393.311
LT2	37.5	37.5	85.712	44.091	73.143	393.082
LT2	37.625	37.625	85.209	43.33	73.15	385.969
LT2	37.75	37.75	85.194	42.47	73.153	366.905
LT2	37.875	37.875	85.427	41.804	73.149	340.459
LT2	38	38	85.724	41.77	73.14	320.31
LT2	38.125	38.125	85.861	42.335	73.125	312.316
LT2	38.25	38.25	85.606	43.178	73.104	319.363
LT2	38.375	38.375	84.953	43.737	73.077	339.127
LT2	38.5	38.5	83.833	43.797	73.045	364.52
LT2	38.625	38.625	82.348	43.443	73.007	382.554
LT2	38.75	38.75	81.167	42.864	72.964	389.295
LT2	38.875	38.875	81.598	42.207	72.916	389.043
LT2	39	39	83.467	41.92	72.863	382.118
LT2	39.125	39.125	85.373	42.335	72.804	367.634
LT2	39.25	39.25	85.747	43.426	72.739	347.468
LT2	39.375	39.375	84.626	44.527	72.668	324.083
LT2	39.5	39.5	82.426	45.263	72.589	301.493
LT2	39.625	39.625	79.404	45.977	72.502	285.687
LT2	39.75	39.75	76.038	47.341	72.404	277.894
LT2	39.875	39.875	72.646	49.612	72.297	274.943
LT2	40	40	69.802	52.798	72.178	274.633
LT2	40.125	40.125	68.25	56.335	72.046	275.854
LT2	40.25	40.25	68.416	59.547	71.903	279.034
LT2	40.375	40.375	69.448	61.648	71.744	283.683
LT2	40.5	40.5	70.202	62.807	71.572	288.447
LT2	40.625	40.625	69.975	63.376	71.388	293.107
LT2	40.75	40.75	69.827	63.268	71.192	296.403
LT2	40.875	40.875	70.727	62.522	70.989	297.649
LT2	41	41	72.722	61.409	70.779	297.737
LT2	41.125	41.125	74.745	60.456	70.562	299.475
LT2	41.25	41.25	75.862	59.612	70.339	312.185
LT2	41.375	41.375	75.646	58.059	70.109	338.306
LT2	41.5	41.5	74.755	55.535	69.872	368.65
LT2	41.625	41.625	74.3	52.841	69.628	399.489
LT2	41.75	41.75	75.479	50.971	69.377	422.717
LT2	41.875	41.875	77.966	50.04	69.119	418.78
LT2	42	42	80.19	49.744	68.855	387.271
LT2	42.125	42.125	81.095	49.714	68.585	347.475
LT2	42.25	42.25	81.1	49.513	68.311	307.533
LT2	42.375	42.375	81.242	48.6	68.031	275.762
LT2	42.5	42.5	81.351	46.978	67.748	274.612
LT2	42.625	42.625	80.884	45.452	67.462	298.311
LT2	42.75	42.75	79.81	44.634	67.173	328.015
LT2	42.875	42.875	78.883	44.487	66.882	348.247
LT2	43	43	78.787	44.845	66.59	348.905
LT2	43.125	43.125	79.316	45.629	66.296	327.222
LT2	43.25	43.25	79.659	46.897	65.999	299.816
LT2	43.375	43.375	79.512	48.76	65.701	276.31
LT2	43.5	43.5	79.544	50.962	65.4	265.639
LT2	43.625	43.625	80.073	52.75	65.099	270.306
LT2	43.75	43.75	80.571	53.66	64.797	280.394
LT2	43.875	43.875	80.24	53.727	64.497	282.103
LT2	44	44	79.282	53.538	64.198	278.622
LT2	44.125	44.125	78.613	53.427	63.9	274.752
LT2	44.25	44.25	78.496	53.618	63.604	272.301
LT2	44.375	44.375	78.54	53.929	63.307	275.331
LT2	44.5	44.5	78.338	53.739	63.011	285.081
LT2	44.625	44.625	78.177	52.697	62.714	293.446
LT2	44.75	44.75	78.231	51.15	62.418	297.689
LT2	44.875	44.875	77.915	49.756	62.125	300.107
LT2	45	45	77.33	48.784	61.836	301.68
LT2	45.125	45.125	77.451	48.019	61.551	303.669
LT2	45.25	45.25	78.899	47.263	61.271	309.742
LT2	45.375	45.375	81.438	46.547	60.996	317.871
LT2	45.5	45.5	83.894	46.085	60.726	322.414
LT2	45.625	45.625	85.097	46.107	60.46	319.126
LT2	45.75	45.75	84.824	46.545	60.198	311.865
LT2	45.875	45.875	84.062	47.265	59.942	305.087
LT2	46	46	83.922	48.06	59.69	301.306
LT2	46.125	46.125	84.606	49.066	59.442	301.078
LT2	46.25	46.25	85.489	50.622	59.197	302.441
LT2	46.375	46.375	85.886	52.542	58.956	303.587
LT2	46.5	46.5	84.9	54.45	58.72	303.592
LT2	46.625	46.625	82.523	55.996	58.489	299.167
LT2	46.75	46.75	80.108	56.979	58.265	292.143
LT2	46.875	46.875	79.41	57.152	58.048	285.571
LT2	47	47	80.001	56.236	57.838	278.993
LT2	47.125	47.125	80.792	54.631	57.632	273.56
LT2	47.25	47.25	81.204	53.019	57.429	271.156
LT2	47.375	47.375	81.579	52.271	57.227	269.82
LT2	47.5	47.5	82.621	52.447	57.028	268.073
LT2	47.625	47.625	84.013	52.986	56.833	263.958
LT2	47.75	47.75	84.683	53.24	56.645	255.946
LT2	47.875	47.875	84.315	53.319	56.465	250.448
LT2	48	48	83.199	53.653	56.295	252.239
LT2	48.125	48.125	82.061	54.307	56.135	256.267
LT2	48.25	48.25	81.494	54.881	55.986	262.845
LT2	48.375	48.375	81.795	54.746	55.851	275.441
LT2	48.5	48.5	82.73	53.405	55.729	285.681
LT2	48.625	48.625	83.715	50.851	55.623	288.967
LT2	48.75	48.75	84.717	47.897	55.534	292.181
LT2	48.875	48.875	85.916	45.43	55.46	296.565
LT2	49	49	86.96	43.778	55.402	296.9
LT2	49.125	49.125	87.215	42.748	55.36	296.263
LT2	49.25	49.25	87.01	42.107	55.333	297.718
LT2	49.375	49.375	87.486	41.801	55.327	296.486
LT2	49.5	49.5	88.601	41.54	55.344	294.192
LT2	49.625	49.625	89.45	41.161	55.384	296.721
LT2	49.75	49.75	88.988	40.941	55.45	301.278
LT2	49.875	49.875	87.317	41.207	55.538	303.756
LT2	50	50	85.221	41.768	55.645	307.943
LT2	50.125	50.125	83.066	42.35	55.769	310.98
LT2	50.25	50.25	80.526	43.313	55.905	307.005
LT2	50.375	50.375	77.523	45.183	56.05	300.689
LT2	50.5	50.5	75.203	47.69	56.201	297.148
LT2	50.625	50.625	74.926	49.921	56.357	292.054
LT2	50.75	50.75	77.095	51.297	56.515	285.7
LT2	50.875	50.875	80.069	51.817	56.671	281.479
LT2	51	51	82.055	51.531	56.826	278.252
LT2	51.125	51.125	82.325	50.381	56.978	278.65
LT2	51.25	51.25	82.071	48.934	57.128	284.239
LT2	51.375	51.375	83.22	47.569	57.279	290.207
LT2	51.5	51.5	85.627	46.182	57.432	294.338
LT2	51.625	51.625	87.662	44.811	57.584	297.75
LT2	51.75	51.75	88.05	43.895	57.735	297.154
LT2	51.875	51.875	88.092	43.729	57.882	294.762
LT2	52	52	88.987	43.92	58.022	296.123
LT2	52.125	52.125	90.014	44.254	58.156	298.752
LT2	52.25	52.25	89.549	45.099	58.283	301.579
LT2	52.375	52.375	87.599	46.406	58.405	310.058
LT2	52.5	52.5	85.432	47.362	58.52	320.25
LT2	52.625	52.625	84.115	47.21	58.629	327.365
LT2	52.75	52.75	83.773	46.024	58.733	335.272
LT2	52.875	52.875	83.969	44.326	58.833	342.278
LT2	53	53	84.245	42.849	58.931	341.545
LT2	53.125	53.125	84.845	41.775	59.029	337.134
LT2	53.25	53.25	86.241	41.218	59.129	340.257
LT2	53.375	53.375	87.862	41.185	59.23	344.366
LT2	53.5	53.5	88.248	41.564	59.332	341.515
LT2	53.625	53.625	87.423	41.907	59.436	340.791
LT2	53.75	53.75	86.417	41.877	59.539	342.676
LT2	53.875	53.875	86.331	41.607	59.64	339.439
LT2	54	54	86.643	41.355	59.741	336.112
LT2	54.125	54.125	86.502	41.029	59.842	334.193
LT2	54.25	54.25	85.837	40.663	59.944	323.468
LT2	54.375	54.375	85.18	40.623	60.048	304.928
LT2	54.5	54.5	85.051	41.064	60.154	285.376
LT2	54.625	54.625	85.255	41.596	60.264	271.936
LT2	54.75	54.75	85.436	41.368	60.38	266.449
LT2	54.875	54.875	85.887	40.044	60.502	269.341
LT2	55	55	86.607	38.094	60.634	288.026
LT2	55.125	55.125	86.855	36.645	60.775	318.007
LT2	55.25	55.25	86.283	36.403	60.926	349.006
LT2	55.375	55.375	85.454	37.103	61.084	381.796
LT2	55.5	55.5	84.843	38.026	61.247	410.638
LT2	55.625	55.625	84.304	38.803	61.412	418.933
LT2	55.75	55.75	83.382	39.264	61.577	411.501
LT2	55.875	55.875	82.262	39.143	61.741	399.683
LT2	56	56	81.437	38.16	61.9	384.304
LT2	56.125	56.125	81.232	36.869	62.055	372.562
LT2	56.25	56.25	81.842	35.866	62.204	369.471
LT2	56.375	56.375	82.589	35.38	62.344	369.818
LT2	56.5	56.5	82.998	35.038	62.476	369.82
LT2	56.625	56.625	82.916	34.761	62.596	369.82
LT2	56.75	56.75	82.478	34.633	62.705	369.82
LT2	56.875	56.875	82.027	34.435	62.8	369.82
LT2	57	57	82.417	34.02	62.879	369.796
LT2	57.125	57.125	83.971	33.723	62.941	369.995
LT2	57.25	57.25	86.077	33.827	62.982	369.331
LT2	57.375	57.375	87.403	34.163	62.998	360.37
LT2	57.5	57.5	87.633	34.265	62.987	339.909
LT2	57.625	57.625	87.152	34.217	62.948	318.398
LT2	57.75	57.75	86.887	34.315	62.879	309.515
LT2	57.875	57.875	87.042	34.435	62.784	311.122
LT2	58	58	87.043	34.411	62.664	319.119
LT2	58.125	58.125	86.047	34.539	62.522	329.498
LT2	58.25	58.25	84.026	35.234	62.363	339.761
LT2	58.375	58.375	82.086	36.351	62.186	346.875
LT2	58.5	58.5	81.283	37.012	61.995	341.331
LT2	58.625	58.625	81.32	36.897	61.791	326.607
LT2	58.75	58.75	81.474	36.32	61.578	313.242
LT2	58.875	58.875	81.416	35.809	61.358	296.946
LT2	59	59	81.158	35.373	61.134	272.599
LT2	59.125	59.125	81.357	34.826	60.909	254.628
LT2	59.25	59.25	82.675	34.404	60.686	257.35
LT2	59.375	59.375	85.004	34.415	60.468	274.189
LT2	59.5	59.5	87.181	34.929	60.261	284.892
LT2	59.625	59.625	88.019	35.881	60.067	287.172
LT2	59.75	59.75	86.547	37.356	59.893	287.623
LT2	59.875	59.875	83.569	39.172	59.743	281.527
LT2	60	60	80.482	40.821	59.621	269.841
LT2	60.125	60.125	79.038	41.777	59.53	263.314
LT2	60.25	60.25	79.407	41.777	59.473	263.548
LT2	60.375	60.375	80.418	41.086	59.446	264.488
LT2	60.5	60.5	80.807	40.021	59.45	265.088
LT2	60.625	60.625	80.402	39.061	59.482	266.016
LT2	60.75	60.75	79.508	38.622	59.538	268.319
LT2	60.875	60.875	79.316	38.715	59.615	272.359
LT2	61	61	80.187	38.643	59.706	276.223
LT2	61.125	61.125	80.996	37.832	59.808	278.636
LT2	61.25	61.25	80.665	36.721	59.911	279.685
LT2	61.375	61.375	79.406	36.637	60.011	280.466
LT2	61.5	61.5	78.493	37.979	60.099	279.845
LT2	61.625	61.625	78.536	39.487	60.17	277.309
LT2	61.75	61.75	79.179	39.879	60.22	274.681
LT2	61.875	61.875	80.312	38.729	60.243	273.018
LT2	62	62	82.051	36.765	60.235	271.492
LT2	62.125	62.125	84.146	34.544	60.195	270.685
LT2	62.25	62.25	85.689	32.405	60.116	272.308
LT2	62.375	62.375	86.684	30.747	60.001	275.27
LT2	62.5	62.5	87.565	29.883	59.851	276.918
LT2	62.625	62.625	88.179	29.865	59.663	276.68
LT2	62.75	62.75	88.165	30.095	59.446	276.306
LT2	62.875	62.875	87.707	30.278	59.202	280.069
LT2	63	63	86.758	30.383	58.938	296.586
LT2	63.125	63.125	85.53	30.407	58.662	323.352
LT2	63.25	63.25	85.067	30.264	58.382	354.139
LT2	63.375	63.375	85.948	29.969	58.108	384.611
LT2	63.5	63.5	87.116	29.669	57.849	408.429
LT2	63.625	63.625	86.319	29.38	57.614	417.806
LT2	63.75	63.75	84.321	29.137	57.41	417.465
LT2	63.875	63.875	82.93	29.129	57.243	414.399
LT2	64	64	82.65	29.488	57.123	411.174
LT2	64.125	64.125	82.674	30.122	57.049	408.76
LT2	64.25	64.25	81.853	31.109	57.023	408.104
LT2	64.375	64.375	80.346	32.764	57.054	405.105
LT2	64.5	64.5	79.119	34.991	57.133	389.326
LT2	64.625	64.625	78.454	37.347	57.264	358.706
LT2	64.75	64.75	78.183	38.881	57.445	323.469
LT2	64.875	64.875	78.054	39.08	57.669	287.805
LT2	65	65	78.533	38.024	57.933	255.537
LT2	65.125	65.125	79.957	36.675	58.23	237.772
LT2	65.25	65.25	81.774	35.806	58.55	232.606
LT2	65.375	65.375	83.004	35.693	58.887	230.089
LT2	65.5	65.5	82.902	36.084	59.227	228.532
LT2	65.625	65.625	81.323	36.702	59.562	230.425
LT2	65.75	65.75	79.811	37.049	59.882	234.934
LT2	65.875	65.875	79.666	36.759	60.181	239.828
LT2	66	66	81.245	35.896	60.456	244.278
LT2	66.125	66.125	82.929	35.006	60.7	246.743
LT2	66.25	66.25	83.637	34.489	60.915	246.705
LT2	66.375	66.375	83.862	34.346	61.096	245.127
LT2	66.5	66.5	84.773	34.289	61.24	244.177
LT2	66.625	66.625	86.449	34.152	61.351	244.993
LT2	66.75	66.75	87.431	33.971	61.425	247.902
LT2	66.875	66.875	86.984	33.806	61.462	252.44
LT2	67	67	85.574	33.721	61.465	257.641
LT2	67.125	67.125	84.495	33.871	61.431	262.51
LT2	67.25	67.25	84.181	34.219	61.366	267.673
LT2	67.375	67.375	84.083	34.802	61.271	272.005
LT2	67.5	67.5	83.064	36.091	61.147	272.277
LT2	67.625	67.625	80.751	38.414	61.003	270.777
LT2	67.75	67.75	77.57	41.596	60.841	269.895
LT2	67.875	67.875	74.846	44.494	60.667	267.364
LT2	68	68	73.208	46.314	60.487	264.115
LT2	68.125	68.125	72.496	47.056	60.303	264.152
LT2	68.25	68.25	72.261	47.452	60.12	265.725
LT2	68.375	68.375	72.805	48.015	59.939	264.842
LT2	68.5	68.5	74.452	48.917	59.762	261.74
LT2	68.625	68.625	76.427	50.027	59.591	259.782
LT2	68.75	68.75	77.464	51.186	59.427	258.7
LT2	68.875	68.875	76.602	52.442	59.272	256.976
LT2	69	69	74.577	54.116	59.125	257.722
LT2	69.125	69.125	73.237	56.507	58.987	261.64
LT2	69.25	69.25	73.419	59.523	58.857	264.006
LT2	69.375	69.375	75.194	62.18	58.735	264.036
LT2	69.5	69.5	77.708	63.458	58.62	262.686
LT2	69.625	69.625	79.622	63.043	58.512	258.241
LT2	69.75	69.75	80.364	61.686	58.409	251.704
LT2	69.875	69.875	79.918	60.226	58.311	246.079
LT2	70	70	78.906	59.14	58.217	242.859
LT2	70.125	70.125	77.646	58.725	58.124	241.837
LT2	70.25	70.25	76.036	59.269	58.031	243.732
LT2	70.375	70.375	74.882	60.238	57.937	249.309
LT2	70.5	70.5	74.815	60.805	57.838	255.29
LT2	70.625	70.625	75.322	60.165	57.732	256.3
LT2	70.75	70.75	75.642	58.899	57.618	254.991
LT2	70.875	70.875	72.963	57.912	57.494	253.18
LT2	71	71	65.741	58.05	57.357	249.266
LT2	71.125	71.125	58.389	59.324	57.208	245.708
LT2	71.25	71.25	58.757	61.143	57.047	245.89
LT2	71.375	71.375	66.358	62.413	56.873	249.455
LT2	71.5	71.5	75.148	62.441	56.688	253.046
LT2	71.625	71.625	79.883	61.101	56.494	253.291
LT2	71.75	71.75	79.917	59.142	56.29	251.264
LT2	71.875	71.875	78.498	57.023	56.081	248.461
LT2	72	72	76.107	54.941	55.865	244.67
LT2	72.125	72.125	74.601	52.881	55.645	243.072
LT2	72.25	72.25	75.534	50.904	55.421	245.668
LT2	72.375	72.375	77.425	49.233	55.196	250.789
LT2	72.5	72.5	78.471	47.777	54.973	257.329
LT2	72.625	72.625	78.515	46.444	54.754	265.708
LT2	72.75	72.75	78.731	45.352	54.545	273.927
LT2	72.875	72.875	79.308	44.579	54.347	280.14
LT2	73	73	79.79	44.102	54.166	284.622
LT2	73.125	73.125	80.332	43.623	54.002	287.738
LT2	73.25	73.25	81.082	42.914	53.856	288.768
LT2	73.375	73.375	81.657	41.872	53.73	287.333
LT2	73.5	73.5	82.197	40.473	53.624	284.69
LT2	73.625	73.625	83.332	38.934	53.537	281.191
LT2	73.75	73.75	84.757	37.688	53.47	276.662
LT2	73.875	73.875	85.58	36.74	53.423	272.357
LT2	74	74	85.103	36.111	53.395	269.277
LT2	74.125	74.125	84.054	36.089	53.389	269.922
LT2	74.25	74.25	83.363	36.798	53.404	275.72
LT2	74.375	74.375	83.254	37.831	53.443	282.455
LT2	74.5	74.5	83.032	38.078	53.505	288.966
LT2	74.625	74.625	82.379	37.158	53.591	298.918
LT2	74.75	74.75	81.427	35.524	53.701	308.689
LT2	74.875	74.875	80.664	34.065	53.833	319.616
LT2	75	75	80.576	33.084	53.984	338.031
LT2	75.125	75.125	81.199	32.651	54.151	357.065
LT2	75.25	75.25	82.155	32.732	54.331	372.331
LT2	75.375	75.375	83.335	33.268	54.52	387.654
LT2	75.5	75.5	84.867	33.978	54.718	395.397
LT2	75.625	75.625	86.281	34.618	54.921	386.821
LT2	75.75	75.75	86.032	35.19	55.128	365.379
LT2	75.875	75.875	84.212	35.625	55.34	342.549
LT2	76	76	82.053	35.88	55.556	328.195
LT2	76.125	76.125	80.535	36.163	55.776	329.601
LT2	76.25	76.25	79.623	36.701	55.997	347.974
LT2	76.375	76.375	79.199	37.452	56.218	375.762
LT2	76.5	76.5	79.436	38.232	56.436	400.796
LT2	76.625	76.625	80.305	38.849	56.648	408.213
LT2	76.75	76.75	81.522	39.076	56.851	393.411
LT2	76.875	76.875	82.437	38.754	57.041	367.27
LT2	77	77	82.265	38.42	57.217	346.749
LT2	77.125	77.125	80.501	38.54	57.378	336.259
LT2	77.25	77.25	78.382	39.004	57.519	335.148
LT2	77.375	77.375	77.402	39.312	57.642	338.566
LT2	77.5	77.5	78.358	39.058	57.745	339.779
LT2	77.625	77.625	79.903	38.132	57.827	329.709
LT2	77.75	77.75	80.766	36.855	57.89	309.83
LT2	77.875	77.875	80.727	35.78	57.933	288.791
LT2	78	78	80.593	35.357	57.957	277.551
LT2	78.125	78.125	80.921	35.447	57.964	278.075
LT2	78.25	78.25	81.704	35.659	57.949	283.081
LT2	78.375	78.375	82.595	35.694	57.916	294.064
LT2	78.5	78.5	83.388	35.406	57.864	322.046
LT2	78.625	78.625	83.69	34.78	57.793	362.401
LT2	78.75	78.75	83.073	34.037	57.705	400.305
LT2	78.875	78.875	81.798	33.289	57.603	432.729
LT2	79	79	81.175	32.565	57.487	450.633
LT2	79.125	79.125	81.979	31.959	57.361	449.235
LT2	79.25	79.25	83.043	31.638	57.226	434.226
LT2	79.375	79.375	82.922	31.817	57.084	418.235
LT2	79.5	79.5	82.099	32.414	56.94	417.677
LT2	79.625	79.625	81.729	33.102	56.796	439.385
LT2	79.75	79.75	82.186	33.601	56.657	470.974
LT2	79.875	79.875	83.416	33.781	56.525	504.013
LT2	80	80	84.593	33.416	56.403	537.634
LT2	80.125	80.125	85.359	32.407	56.292	565.779
LT2	80.25	80.25	85.719	30.952	56.191	580.352
LT2	80.375	80.375	85.639	29.753	56.103	583.657
LT2	80.5	80.5	84.898	29.252	56.027	583.906
LT2	80.625	80.625	83.583	29.428	55.965	582.872
LT2	80.75	80.75	82.791	29.809	55.918	581.39
LT2	80.875	80.875	82.799	29.931	55.888	579.335
LT2	81	81	82.719	29.521	55.874	577.871
LT2	81.125	81.125	82.618	28.653	55.877	578.259
LT2	81.25	81.25	83.059	27.622	55.898	578.773
LT2	81.375	81.375	83.982	26.843	55.939	578.136
LT2	81.5	81.5	84.755	26.529	56	577.425
LT2	81.625	81.625	84.891	26.582	56.081	576.886
LT2	81.75	81.75	84.606	26.776	56.184	576.81
LT2	81.875	81.875	84.087	27.036	56.305	576.819
LT2	82	82	84.022	27.396	56.442	576.101
LT2	82.125	82.125	84.432	27.744	56.595	574.721
LT2	82.25	82.25	84.311	27.992	56.759	572.479
LT2	82.375	82.375	83.188	28.14	56.932	568.058
LT2	82.5	82.5	82.216	28.159	57.115	562.412
LT2	82.625	82.625	82.611	28.067	57.303	558.297
LT2	82.75	82.75	84.197	27.937	57.496	557.068
LT2	82.875	82.875	85.869	27.726	57.69	556.797
LT2	83	83	87.958	27.376	57.884	557.405
LT2	83.125	83.125	90.725	27.064	58.074	559.63
LT2	83.25	83.25	93.119	27.071	58.26	561.23
LT2	83.375	83.375	93.116	27.305	58.44	561.788
LT2	83.5	83.5	90.737	27.307	58.61	563.557
LT2	83.625	83.625	88.023	27.002	58.765	566.066
LT2	83.75	83.75	87.35	26.513	58.899	568.341
LT2	83.875	83.875	88.263	25.984	59.008	569.207
LT2	84	84	89.116	25.554	59.089	567.012
LT2	84.125	84.125	88.665	25.419	59.141	563.843
LT2	84.25	84.25	87.792	25.721	59.165	563.325
LT2	84.375	84.375	87.083	26.358	59.162	564.018
LT2	84.5	84.5	86.544	27.025	59.129	565.854
LT2	84.625	84.625	85.865	27.471	59.067	569.851
LT2	84.75	84.75	85.011	27.742	58.979	573.682
LT2	84.875	84.875	84.226	28.033	58.862	575.307
LT2	85	85	83.854	28.463	58.723	576.116
LT2	85.125	85.125	84.309	28.879	58.565	574.721
LT2	85.25	85.25	85.091	29.022	58.391	570.589
LT2	85.375	85.375	85.669	28.927	58.206	566.877
LT2	85.5	85.5	86.032	28.715	58.011	564.379
LT2	85.625	85.625	86.323	28.773	57.81	562.484
LT2	85.75	85.75	86.47	29.31	57.605	563.931
LT2	85.875	85.875	86.161	30.149	57.402	569.059
LT2	86	86	85.327	30.793	57.208	572.001
LT2	86.125	86.125	84.172	31.016	57.029	570.352
LT2	86.25	86.25	82.896	30.975	56.872	562.088
LT2	86.375	86.375	81.741	31.004	56.734	543.822
LT2	86.5	86.5	81.136	31.101	56.615	520.332
LT2	86.625	86.625	80.882	31.15	56.513	508.352
LT2	86.75	86.75	80.927	31.127	56.425	509.907
LT2	86.875	86.875	81.245	30.987	56.353	520.721
LT2	87	87	81.266	30.667	56.298	541.723
LT2	87.125	87.125	80.627	30.306	56.26	558.383
LT2	87.25	87.25	79.094	30.004	56.238	547.341
LT2	87.375	87.375	77.615	29.573	56.231	512.347
LT2	87.5	87.5	77.277	28.791	56.236	466.455
LT2	87.625	87.625	78.255	27.792	56.25	415.496
LT2	87.75	87.75	80.276	27.063	56.27	378.643
LT2	87.875	87.875	82.58	26.847	56.294	368.953
LT2	88	88	84.072	27.263	56.317	385.183
LT2	88.125	88.125	84.5	28.1	56.337	413.934
LT2	88.25	88.25	84.231	28.97	56.351	448.632
LT2	88.375	88.375	84.138	29.205	56.352	481.175
LT2	88.5	88.5	84.37	28.675	56.338	507.689
LT2	88.625	88.625	84.355	27.83	56.307	528.426
LT2	88.75	88.75	83.98	27.405	56.258	546.926
LT2	88.875	88.875	83.253	27.612	56.195	561.114
LT2	89	89	82.394	28.362	56.117	563.899
LT2	89.125	89.125	81.796	29.222	56.028	554.858
LT2	89.25	89.25	81.84	29.894	55.927	536.406
LT2	89.375	89.375	82.077	30.129	55.815	506.329
LT2	89.5	89.5	81.837	29.914	55.691	468.412
LT2	89.625	89.625	81.479	29.355	55.557	431.433
LT2	89.75	89.75	82.586	28.577	55.41	407.725
LT2	89.875	89.875	85.121	27.76	55.251	402.14
LT2	90	90	87.314	27.159	55.081	414.768
LT2	90.125	90.125	88.325	26.928	54.898	439.547
LT2	90.25	90.25	88.452	27.05	54.705	469.685
LT2	90.375	90.375	87.651	27.57	54.503	497.651
LT2	90.5	90.5	85.657	28.484	54.291	510.935
LT2	90.625	90.625	83.241	29.658	54.073	508.666
LT2	90.75	90.75	82.232	30.694	53.847	501.131
LT2	90.875	90.875	82.531	31.136	53.617	493.151
LT2	91	91	82.564	30.958	53.383	480.86
LT2	91.125	91.125	81.266	30.342	53.147	471.439
LT2	91.25	91.25	79.278	29.71	52.91	472.391
LT2	91.375	91.375	78.692	29.225	52.674	474.278
LT2	91.5	91.5	80.277	28.791	52.442	469.204
LT2	91.625	91.625	83.038	28.386	52.216	472.105
LT2	91.75	91.75	85.29	28.11	51.996	489.056
LT2	91.875	91.875	86.308	27.956	51.784	509.14
LT2	92	92	86.673	27.738	51.58	528.394
LT2	92.125	92.125	87.397	27.296	51.386	542.269
LT2	92.25	92.25	88.563	26.701	51.203	541.913
LT2	92.375	92.375	89.739	26.116	51.033	532.008
LT2	92.5	92.5	89.799	25.737	50.878	524.923
LT2	92.625	92.625	88.32	25.675	50.739	527.179
LT2	92.75	92.75	85.934	25.87	50.616	539.168
LT2	92.875	92.875	84.008	26.177	50.514	547.378
LT2	93	93	83.045	26.494	50.43	538.446
LT2	93.125	93.125	82.585	26.854	50.365	517.105
LT2	93.25	93.25	81.907	27.293	50.32	493.987
LT2	93.375	93.375	81.159	27.797	50.291	469.283
LT2	93.5	93.5	80.998	28.2	50.28	443.425
LT2	93.625	93.625	81.39	28.195	50.284	428.258
LT2	93.75	93.75	82.087	27.817	50.299	428.419
LT2	93.875	93.875	82.817	27.429	50.321	437.868
LT2	94	94	83.089	27.308	50.348	453.908
LT2	94.125	94.125	82.543	27.472	50.377	476.238
LT2	94.25	94.25	81.209	27.705	50.41	484.077
LT2	94.375	94.375	79.823	27.624	50.446	469.713
LT2	94.5	94.5	79.377	27.09	50.489	445.436
LT2	94.625	94.625	80.745	26.363	50.54	419.881
LT2	94.75	94.75	83.726	25.862	50.595	404.084
LT2	94.875	94.875	86.248	25.697	50.654	411.3
LT2	95	95	86.691	25.587	50.714	429.98
LT2	95.125	95.125	85.557	25.264	50.774	441.919
LT2	95.25	95.25	85.089	24.629	50.833	446.289
LT2	95.375	95.375	86.156	24.069	50.889	452.45
LT2	95.5	95.5	87.887	24.077	50.942	456.766
LT2	95.625	95.625	89.291	24.703	50.992	450.307
LT2	95.75	95.75	90.159	25.233	51.038	445.018
LT2	95.875	95.875	90.261	25.308	51.081	447.403
LT2	96	96	89.523	25.099	51.122	444.329
LT2	96.125	96.125	87.979	24.847	51.162	438.475
LT2	96.25	96.25	85.928	24.491	51.203	444.92
LT2	96.375	96.375	83.828	24.131	51.249	462.881
LT2	96.5	96.5	81.955	24.094	51.297	480.442
LT2	96.625	96.625	80.751	24.435	51.347	494.884
LT2	96.75	96.75	80.413	24.779	51.393	505.707
LT2	96.875	96.875	81.027	24.952	51.434	507.761
LT2	97	97	82.483	25.063	51.467	497.652
LT2	97.125	97.125	84.363	25.126	51.494	482.529
LT2	97.25	97.25	86.371	24.931	51.517	468.976
LT2	97.375	97.375	87.989	24.446	51.537	460.375
LT2	97.5	97.5	89.23	23.919	51.557	458.097
LT2	97.625	97.625	90.492	23.382	51.577	464.879
LT2	97.75	97.75	91.441	22.808	51.597	480.324
LT2	97.875	97.875	91.48	22.383	51.617	495.899
LT2	98	98	90.837	22.328	51.637	506.241
LT2	98.125	98.125	90.397	22.67	51.657	510.972
LT2	98.25	98.25	90.251	23.133	51.677	509.615
LT2	98.375	98.375	89.406	23.512	51.695	500.796
LT2	98.5	98.5	87.62	23.851	51.709	492.215
LT2	98.625	98.625	85.546	24.283	51.717	492.729
LT2	98.75	98.75	83.992	24.773	51.718	502.535
LT2	98.875	98.875	83.158	25.053	51.711	512.966
LT2	99	99	82.766	25.075	51.698	522.797
LT2	99.125	99.125	81.88	25.263	51.677	531.223
LT2	99.25	99.25	80.692	25.829	51.652	533.432
LT2	99.375	99.375	80.412	26.505	51.623	530.585
LT2	99.5	99.5	81.277	26.977	51.589	530.01
LT2	99.625	99.625	82.364	27.344	51.551	531.963
LT2	99.75	99.75	82.633	27.603	51.508	532.893
LT2	99.875	99.875	82.425	27.474	51.463	531.754
LT2	100	100	82.477	26.828	51.414	527.325
LT2	100.125	100.125	83.205	25.873	51.363	514.752
LT2	100.25	100.25	84.82	25.034	51.31	496.525
LT2	100.375	100.375	86.952	24.426	51.256	480.337
LT2	100.5	100.5	88.402	24.136	51.202	471.264
LT2	100.625	100.625	88.76	24.255	51.149	469.146
LT2	100.75	100.75	88.304	24.852	51.097	472.77
LT2	100.875	100.875	87.405	25.889	51.049	477.704
LT2	101	101	86.082	27.051	51.005	481.025
LT2	101.125	101.125	84.547	27.954	50.967	481.729
LT2	101.25	101.25	83.475	28.159	50.937	476.793
LT2	101.375	101.375	82.594	27.671	50.913	468.886
LT2	101.5	101.5	81.442	26.84	50.896	464.953
LT2	101.625	101.625	80.564	26.255	50.885	466.537
LT2	101.75	101.75	80.648	25.969	50.878	467.389
LT2	101.875	101.875	80.944	25.65	50.872	467.285
LT2	102	102	80.563	25.022	50.866	470.405
LT2	102.125	102.125	79.783	24.204	50.856	471.83
LT2	102.25	102.25	80.034	23.458	50.841	467.012
LT2	102.375	102.375	81.903	22.852	50.821	468.173
LT2	102.5	102.5	84.99	22.392	50.795	479.183
LT2	102.625	102.625	87.987	22.099	50.762	492.826
LT2	102.75	102.75	90.079	21.857	50.721	507.983
LT2	102.875	102.875	91.036	21.531	50.673	525.661
LT2	103	103	91.376	21.177	50.615	538.484
LT2	103.125	103.125	91.375	21.176	50.549	544.646
LT2	103.25	103.25	90.763	21.88	50.472	541.403
LT2	103.375	103.375	89.403	22.975	50.385	527.271
LT2	103.5	103.5	87.383	23.919	50.288	509.593
LT2	103.625	103.625	85.765	24.286	50.181	496.915
LT2	103.75	103.75	85.774	24.081	50.068	489.663
LT2	103.875	103.875	88.116	23.47	49.948	491.762
LT2	104	104	91.37	22.696	49.825	505.421
LT2	104.125	104.125	94.131	22.112	49.7	517.913
LT2	104.25	104.25	94.875	21.993	49.576	521.809
LT2	104.375	104.375	93.865	22.329	49.456	521.816
LT2	104.5	104.5	92.063	22.799	49.341	521.786
LT2	104.625	104.625	90.601	23.096	49.233	518.363
LT2	104.75	104.75	89.504	23.119	49.134	511.579
LT2	104.875	104.875	88.192	23.131	49.044	506.501
LT2	105	105	86.009	23.491	48.965	503.336
LT2	105.125	105.125	82.982	24.248	48.897	499.432
LT2	105.25	105.25	79.522	25.236	48.84	497.708
LT2	105.375	105.375	77.021	26.078	48.797	500.786
LT2	105.5	105.5	76.649	26.363	48.769	503.859
LT2	105.625	105.625	78.481	25.869	48.755	506.243
LT2	105.75	105.75	80.502	24.864	48.758	509.978
LT2	105.875	105.875	81.371	24.076	48.774	513.118
LT2	106	106	81.036	23.903	48.801	514.615
LT2	106.125	106.125	80.717	24.109	48.84	510.45
LT2	106.25	106.25	81.149	24.353	48.886	496.095
LT2	106.375	106.375	82.029	24.586	48.94	475.417
LT2	106.5	106.5	82.393	24.902	48.998	457.46
LT2	106.625	106.625	81.623	25.254	49.059	445.002
LT2	106.75	106.75	79.97	25.617	49.12	444.713
LT2	106.875	106.875	78.688	26.057	49.178	456.23
LT2	107	107	78.725	26.618	49.231	470.671
LT2	107.125	107.125	79.746	27.197	49.273	481.095
LT2	107.25	107.25	81.077	27.465	49.303	486.821
LT2	107.375	107.375	82.221	27.146	49.321	486.728
LT2	107.5	107.5	82.952	26.258	49.322	486.56
LT2	107.625	107.625	83.277	25.264	49.309	489.519
LT2	107.75	107.75	83.426	24.49	49.28	492.116
LT2	107.875	107.875	83.745	23.828	49.232	496.089
LT2	108	108	84.426	23.132	49.165	502.597
LT2	108.125	108.125	85.818	22.623	49.076	503.069
LT2	108.25	108.25	87.765	22.6	48.965	492.76
LT2	108.375	108.375	89.339	22.932	48.831	476.98
LT2	108.5	108.5	89.372	23.308	48.671	459.026
LT2	108.625	108.625	88.114	23.602	48.487	432.905
LT2	108.75	108.75	86.723	23.806	48.279	400.449
LT2	108.875	108.875	86.18	23.95	48.047	382.825
LT2	109	109	86.389	24.176	47.795	385.898
LT2	109.125	109.125	86.855	24.624	47.525	400.397
LT2	109.25	109.25	87.273	25.186	47.24	427.197
LT2	109.375	109.375	87.221	25.511	46.945	462.654
LT2	109.5	109.5	86.296	25.366	46.644	483.208
LT2	109.625	109.625	84.706	24.822	46.338	474.717
LT2	109.75	109.75	83.358	24.096	46.031	450.7
LT2	109.875	109.875	83.311	23.414	45.723	419.178
LT2	110	110	84.373	22.979	45.417	388.856
LT2	110.125	110.125	85.741	22.876	45.111	379.784
LT2	110.25	110.25	86.342	23.158	44.808	400.405
LT2	110.375	110.375	85.69	23.701	44.512	418.765
LT2	110.5	110.5	84.141	24.416	44.225	429.135
LT2	110.625	110.625	83.32	25.223	43.954	443.962
LT2	110.75	110.75	83.999	25.988	43.702	453.47
LT2	110.875	110.875	84.973	26.47	43.473	455.634
LT2	111	111	84.786	26.542	43.269	470.436
LT2	111.125	111.125	83.486	26.285	43.09	491.558
LT2	111.25	111.25	82.311	25.822	42.936	502.456
LT2	111.375	111.375	81.826	25.3	42.804	501.687
LT2	111.5	111.5	81.828	24.898	42.69	489.834
LT2	111.625	111.625	82.325	24.925	42.596	477.282
LT2	111.75	111.75	83.178	25.428	42.515	476.598
LT2	111.875	111.875	83.584	26.15	42.445	480.806
LT2	112	112	83.131	26.56	42.386	489.312
LT2	112.125	112.125	82.552	26.4	42.335	506.526
LT2	112.25	112.25	83.356	25.784	42.289	520.561
LT2	112.375	112.375	85.484	24.982	42.251	522.721
LT2	112.5	112.5	87.945	24.238	42.217	519.823
LT2	112.625	112.625	89.537	23.787	42.188	510.344
LT2	112.75	112.75	90.181	23.783	42.16	489.051
LT2	112.875	112.875	90.127	24.12	42.132	461.499
LT2	113	113	89.745	24.386	42.097	444.58
LT2	113.125	113.125	89.184	24.191	42.052	445.579
LT2	113.25	113.25	88.599	23.649	41.994	456.381
LT2	113.375	113.375	88.091	23.186	41.919	473.911
LT2	113.5	113.5	87.703	23.141	41.827	494.299
LT2	113.625	113.625	87.505	23.531	41.717	503.74
LT2	113.75	113.75	87.149	24.097	41.588	498.727
LT2	113.875	113.875	86.271	24.562	41.448	494.197
LT2	114	114	84.738	24.822	41.334	494.998
LT2	114.125	114.125	83.369	24.877	41.336	495.834
LT2	114.25	114.25	83.071	24.754	41.504	495.468
LT2	114.375	114.375	83.852	24.343	41.844	496.952
LT2	114.5	114.5	84.903	23.675	42.27	501.18
LT2	114.625	114.625	85.967	22.934	42.718	501.386
LT2	114.75	114.75	87.026	22.307	43.165	490.706
LT2	114.875	114.875	87.491	22.012	43.608	479.024
LT2	115	115	86.723	22.189	44.047	473.128
LT2	115.125	115.125	85.063	22.668	44.483	468.822
LT2	115.25	115.25	83.105	23.205	44.914	466.022
LT2	115.375	115.375	81.511	23.813	45.344	466.786
LT2	115.5	115.5	80.542	24.453	45.772	467.288
LT2	115.625	115.625	80.074	24.858	46.201	463.992
LT2	115.75	115.75	79.591	25.005	46.633	455.953
LT2	115.875	115.875	78.714	25.336	47.07	446.564
LT2	116	116	78.18	26.02	47.513	442.487
LT2	116.125	116.125	78.857	26.851	47.963	444.852
LT2	116.25	116.25	80.145	27.617	48.412	445.595
LT2	116.375	116.375	80.703	28.164	48.824	445.592
LT2	116.5	116.5	80.241	27.968	49.098	455.207
LT2	116.625	116.625	79.86	26.899	49.193	468.194
LT2	116.75	116.75	80.6	25.417	49.125	465.99
LT2	116.875	116.875	81.632	24.348	48.967	450.908
LT2	117	117	81.911	23.865	48.789	444.664
LT2	117.125	117.125	81.31	23.797	48.607	444.427
LT2	117.25	117.25	81.162	23.841	48.424	443.715
LT2	117.375	117.375	82.505	23.758	48.242	456.161
LT2	117.5	117.5	85.149	23.372	48.061	480.048
LT2	117.625	117.625	87.806	22.846	47.882	495.597
LT2	117.75	117.75	89.418	22.463	47.707	504.977
LT2	117.875	117.875	89.89	22.328	47.536	512.913
LT2	118	118	89.83	22.133	47.368	514.042
LT2	118.125	118.125	90.353	21.633	47.2	509.121
LT2	118.25	118.25	92.078	21.04	47.034	502.514
LT2	118.375	118.375	94.256	20.891	46.867	497.823
LT2	118.5	118.5	94.746	21.368	46.699	496.066
LT2	118.625	118.625	92.423	22.249	46.53	494.591
LT2	118.75	118.75	87.881	23.118	46.359	492.775
LT2	118.875	118.875	82.89	23.823	46.186	490.818
LT2	119	119	78.629	24.298	46.01	486.787
LT2	119.125	119.125	76.183	24.373	45.83	484.112
LT2	119.25	119.25	76.314	23.959	45.646	489.928
LT2	119.375	119.375	78.751	23.341	45.457	500.873
LT2	119.5	119.5	82.046	22.749	45.262	510.385
LT2	119.625	119.625	83.995	22.329	45.058	516.995
LT2	119.75	119.75	84.463	22.078	44.844	521.491
LT2	119.875	119.875	84.633	21.965	44.617	520.546
LT2	120	120	85.581	21.859	44.374	515.025
LT2	120.125	120.125	87.44	21.667	44.113	512.349
LT2	120.25	120.25	90.197	21.404	43.83	513.768
LT2	120.375	120.375	93.163	21.054	43.523	514.464
LT2	120.5	120.5	94.608	20.588	43.189	512.885
LT2	120.625	120.625	93.118	20.182	42.824	508.673
LT2	120.75	120.75	90.057	20.116	42.427	502.017
LT2	120.875	120.875	86.754	20.369	41.999	495.137
LT2	121	121	84.135	20.713	41.536	492.23
LT2	121.125	121.125	82.828	21.104	41.045	496.059
LT2	121.25	121.25	83.344	21.722	40.531	504.265
LT2	121.375	121.375	84.681	22.534	39.996	508.921
LT2	121.5	121.5	85.593	23.02	39.449	510.16
LT2	121.625	121.625	85.955	22.864	38.897	508.907
LT2	121.75	121.75	86.802	22.329	38.347	499.176
LT2	121.875	121.875	87.731	21.981	37.808	486.193
LT2	122	122	87.735	22.05	37.294	479.09
LT2	122.125	122.125	86.543	22.431	36.82	475.792
LT2	122.25	122.25	84.937	23.001	36.396	476.801
LT2	122.375	122.375	84.736	23.577	36.043	487.889
LT2	122.5	122.5	86.433	23.78	35.767	498.783
LT2	122.625	122.625	88.875	23.431	35.575	502.013
LT2	122.75	122.75	90.413	22.632	35.486	501.706
LT2	122.875	122.875	90.765	21.799	35.496	500.247
LT2	123	123	90.797	21.122	35.614	497.777
LT2	123.125	123.125	91.514	20.663	35.857	500.825
LT2	123.25	123.25	92.793	20.33	36.213	508.779
LT2	123.375	123.375	93.389	20.113	36.688	514.989
LT2	123.5	123.5	92.6	20.121	37.281	513.078
LT2	123.625	123.625	90.893	20.4	37.975	503.428
LT2	123.75	123.75	89.331	20.905	38.77	490.717
LT2	123.875	123.875	87.89	21.488	39.652	477.641
LT2	124	124	85.986	22.096	40.608	464.388
LT2	124.125	124.125	83.998	22.714	41.631	459.146
LT2	124.25	124.25	82.837	23.335	42.702	463.234
LT2	124.375	124.375	83.261	23.992	43.801	468.756
LT2	124.5	124.5	84.515	24.719	44.906	474.823
LT2	124.625	124.625	84.826	25.42	45.994	483.958
LT2	124.75	124.75	82.918	25.789	47.047	491.932
LT2	124.875	124.875	80.139	25.574	48.048	494.391
LT2	125	125	78.499	25.066	48.992	491.614
LT2	125.125	125.125	79.084	24.61	49.871	481.779
LT2	125.25	125.25	80.582	24.386	50.679	467.513
LT2	125.375	125.375	82.178	24.324	51.417	455.581
LT2	125.5	125.5	83.349	24.327	52.078	452.052
LT2	125.625	125.625	84.058	24.278	52.664	457.482
LT2	125.75	125.75	84.534	24.044	53.18	470.204
LT2	125.875	125.875	84.548	23.626	53.622	485.159
LT2	126	126	84.126	23.254	54.001	494.974
LT2	126.125	126.125	83.384	22.984	54.322	498.454
LT2	126.25	126.25	82.692	22.696	54.581	499.26
LT2	126.375	126.375	82.514	22.295	54.79	500.689
LT2	126.5	126.5	83.572	21.871	54.951	503.13
LT2	126.625	126.625	85.671	21.73	55.068	502.948
LT2	126.75	126.75	87.201	22.086	55.152	497.596
LT2	126.875	126.875	85.842	22.989	55.211	489.817
LT2	127	127	82.474	24.213	55.255	482.123
LT2	127.125	127.125	79.433	25.419	55.292	474.011
LT2	127.25	127.25	78.214	26.129	55.327	470.694
LT2	127.375	127.375	77.956	26.048	55.362	476.001
LT2	127.5	127.5	77.777	25.429	55.401	484.854
LT2	127.625	127.625	77.324	24.892	55.443	492.829
LT2	127.75	127.75	76.884	24.66	55.49	499.605
LT2	127.875	127.875	77.119	24.425	55.539	502.95
LT2	128	128	77.948	23.926	55.59	502.848
LT2	128.125	128.125	78.765	23.374	55.641	502.387
LT2	128.25	128.25	78.511	23.029	55.691	500.79
LT2	128.375	128.375	77.579	23.031	55.737	498.424
LT2	128.5	128.5	76.978	23.37	55.782	498.104
LT2	128.625	128.625	77.6	23.913	55.823	499.213
LT2	128.75	128.75	79.373	24.187	55.861	497.76
LT2	128.875	128.875	81.456	24.109	55.896	492.368
LT2	129	129	82.471	24.147	55.929	478.787
LT2	129.125	129.125	81.885	24.599	55.957	454.013
LT2	129.25	129.25	79.846	25.082	55.981	425.766
LT2	129.375	129.375	78.005	24.953	55.998	413.507
LT2	129.5	129.5	77.595	24.372	56.007	419.437
LT2	129.625	129.625	79.181	23.712	56.005	438.724
LT2	129.75	129.75	81.989	23.172	55.99	468.155
LT2	129.875	129.875	84.941	22.902	55.96	494.904
LT2	130	130	86.427	23.256	55.909	498.721
LT2	130.125	130.125	85.949	24.321	55.835	478.719
LT2	130.25	130.25	83.711	25.603	55.738	456.036
LT2	130.375	130.375	80.807	26.515	55.612	441.248
LT2	130.5	130.5	77.859	26.854	55.459	427.298
LT2	130.625	130.625	75.177	26.705	55.279	416.186
LT2	130.75	130.75	73.917	26.174	55.068	419.054
LT2	130.875	130.875	74.731	25.513	54.831	428.357
LT2	131	131	77.019	24.885	54.568	434.805
LT2	131.125	131.125	79.106	24.36	54.278	446.891
LT2	131.25	131.25	80.615	24.09	53.968	470.675
LT2	131.375	131.375	82.203	24.358	53.638	490.978
LT2	131.5	131.5	84.01	25.093	53.292	489.526
LT2	131.625	131.625	84.932	25.789	52.933	474.726
LT2	131.75	131.75	84.247	26.003	52.564	456.412
LT2	131.875	131.875	83.008	25.66	52.189	440.139
LT2	132	132	82.164	24.962	51.811	430.546
LT2	132.125	132.125	81.635	24.249	51.434	427.3
LT2	132.25	132.25	81.044	23.963	51.065	426.518
LT2	132.375	132.375	80.644	24.304	50.708	425.863
LT2	132.5	132.5	80.821	25.032	50.374	423.927
LT2	132.625	132.625	81.497	25.557	50.066	428.638
LT2	132.75	132.75	82.703	25.582	49.791	444.709
LT2	132.875	132.875	83.74	25.146	49.558	464.83
LT2	133	133	83.776	24.64	49.368	481.818
LT2	133.125	133.125	83.001	24.361	49.225	493.49
LT2	133.25	133.25	82.926	24.204	49.133	501.988
LT2	133.375	133.375	84.349	23.837	49.087	511.764
LT2	133.5	133.5	86.023	23.13	49.091	521.034
LT2	133.625	133.625	86.457	22.547	49.139	525.083
LT2	133.75	133.75	84.962	22.48	49.229	518.835
LT2	133.875	133.875	81.936	22.894	49.362	492.503
LT2	134	134	78.893	23.281	49.533	456.042
LT2	134.125	134.125	78.18	23.421	49.741	425.391
LT2	134.25	134.25	80.746	23.292	49.987	410.501
LT2	134.375	134.375	85.576	22.897	50.266	411.911
LT2	134.5	134.5	89.744	22.263	50.578	430.302
LT2	134.625	134.625	91.181	21.75	50.919	454.614
LT2	134.75	134.75	90.028	21.638	51.282	471.872
LT2	134.875	134.875	87.86	21.909	51.661	474.167
LT2	135	135	86.098	22.229	52.046	460.199
LT2	135.125	135.125	85.229	22.446	52.429	438.206
LT2	135.25	135.25	84.959	22.614	52.8	419.693
LT2	135.375	135.375	84.768	22.929	53.151	409.967
LT2	135.5	135.5	84.174	23.466	53.479	409.486
LT2	135.625	135.625	83.212	24.148	53.773	418.366
LT2	135.75	135.75	82.218	24.769	54.038	432.33
LT2	135.875	135.875	81.189	25.354	54.271	445.324
LT2	136	136	80.172	26.136	54.471	447.204
LT2	136.125	136.125	79.201	27.079	54.641	440.339
LT2	136.25	136.25	78.169	27.839	54.781	434.761
LT2	136.375	136.375	77.31	27.992	54.891	436.905
LT2	136.5	136.5	77.171	27.6	54.972	442.538
LT2	136.625	136.625	77.392	26.962	55.023	444.726
LT2	136.75	136.75	76.943	26.248	55.044	441.459
LT2	136.875	136.875	75.878	25.447	55.037	437.395
LT2	137	137	75.515	24.768	54.998	425.596
LT2	137.125	137.125	76.074	24.584	54.934	400.801
LT2	137.25	137.25	76.497	24.979	54.846	383.199
LT2	137.375	137.375	75.877	25.62	54.739	392.949
LT2	137.5	137.5	74.806	26.113	54.618	412.504
LT2	137.625	137.625	74.423	26.308	54.489	436.403
LT2	137.75	137.75	75.228	26.088	54.357	468.57
LT2	137.875	137.875	77.084	25.506	54.224	492.097
LT2	138	138	78.445	24.838	54.095	487.777
LT2	138.125	138.125	78.368	24.479	53.97	463.365
LT2	138.25	138.25	77.146	24.502	53.851	440.998
LT2	138.375	138.375	76.489	24.781	53.737	431.737
LT2	138.5	138.5	77.106	25.161	53.629	429.56
LT2	138.625	138.625	77.948	25.67	53.527	436.909
LT2	138.75	138.75	77.986	26.278	53.43	453.933
LT2	138.875	138.875	78.186	26.732	53.339	465.033
LT2	139	139	79.517	26.873	53.255	469.259
LT2	139.125	139.125	81.031	26.569	53.178	478.087
LT2	139.25	139.25	81.604	25.853	53.109	487.041
LT2	139.375	139.375	81.401	24.883	53.049	491.019
LT2	139.5	139.5	81.74	23.986	52.998	496.31
LT2	139.625	139.625	82.434	23.338	52.956	502.185
LT2	139.75	139.75	82.075	22.955	52.923	502.246
LT2	139.875	139.875	81.19	22.839	52.898	500.952
LT2	140	140	81.36	23.183	52.88	501.49
LT2	140.125	140.125	82.612	24.064	52.868	493.165
LT2	140.25	140.25	83.352	25.155	52.863	478.714
LT2	140.375	140.375	82.884	26.199	52.863	470.361
LT2	140.5	140.5	83.014	26.81	52.869	469.264
LT2	140.625	140.625	84.603	26.746	52.88	469.692
LT2	140.75	140.75	86.657	25.958	52.897	476.819
LT2	140.875	140.875	88.197	24.59	52.918	488.17
LT2	141	141	89.664	23.028	52.943	494.489
LT2	141.125	141.125	91.323	21.66	52.972	494.994
LT2	141.25	141.25	92.535	20.852	53.004	491.51
LT2	141.375	141.375	93.059	20.608	53.036	482.785
LT2	141.5	141.5	92.895	20.717	53.067	471.115
LT2	141.625	141.625	91.893	20.978	53.096	460.878
LT2	141.75	141.75	89.857	21.464	53.123	451.884
LT2	141.875	141.875	86.908	22.179	53.147	442.838
LT2	142	142	83.635	22.874	53.167	435.847
LT2	142.125	142.125	80.944	23.395	53.186	432.151
LT2	142.25	142.25	80.031	23.638	53.202	430.944
LT2	142.375	142.375	81.326	23.463	53.216	433.37
LT2	142.5	142.5	83.879	22.747	53.228	441.921
LT2	142.625	142.625	86.385	21.664	53.239	455.295
LT2	142.75	142.75	88.568	20.61	53.248	467.414
LT2	142.875	142.875	90.563	19.927	53.257	474.758
LT2	143	143	91.986	19.712	53.263	477.265
LT2	143.125	143.125	91.859	19.81	53.269	473.523
LT2	143.25	143.25	90.204	20.099	53.275	466.141
LT2	143.375	143.375	88.409	20.578	53.281	463.829
LT2	143.5	143.5	87.664	21.274	53.289	465.092
LT2	143.625	143.625	87.304	22.015	53.302	464.293
LT2	143.75	143.75	86.449	22.542	53.32	465.035
LT2	143.875	143.875	85.562	22.707	53.346	470.541
LT2	144	144	85.025	22.494	53.38	477.28
LT2	144.125	144.125	84.62	22.063	53.42	482.487
LT2	144.25	144.25	84.397	21.609	53.467	488.059
LT2	144.375	144.375	84.547	21.405	53.52	494.468
LT2	144.5	144.5	85.046	21.503	53.577	496.063
LT2	144.625	144.625	84.921	21.926	53.637	489.279
LT2	144.75	144.75	84.226	22.57	53.701	482.152
LT2	144.875	144.875	83.465	23.223	53.766	479.741
LT2	145	145	82.758	23.598	53.833	479.183
LT2	145.125	145.125	82.253	23.648	53.899	480.691
LT2	145.25	145.25	82.378	23.571	53.966	487.119
LT2	145.375	145.375	83.109	23.525	54.031	493.341
LT2	145.5	145.5	84.327	23.241	54.096	497.79
LT2	145.625	145.625	86.212	22.332	54.159	504.731
LT2	145.75	145.75	88.72	20.792	54.218	512.292
LT2	145.875	145.875	91.511	19.214	54.274	518.552
LT2	146	146	94.102	18.192	54.323	524.827
LT2	146.125	146.125	95.952	17.935	54.364	527.373
LT2	146.25	146.25	96.445	18.212	54.398	525.048
LT2	146.375	146.375	95.448	18.598	54.424	521.331
LT2	146.5	146.5	93.855	18.74	54.444	516.972
LT2	146.625	146.625	92.537	18.6	54.458	512.615
LT2	146.75	146.75	91.37	18.348	54.468	510.302
LT2	146.875	146.875	89.869	18.218	54.475	507.617
LT2	147	147	88.531	18.364	54.479	503.609
LT2	147.125	147.125	87.996	18.828	54.482	501.505
LT2	147.25	147.25	88.027	19.353	54.484	500.071
LT2	147.375	147.375	87.885	19.639	54.486	496.505
LT2	147.5	147.5	87.224	19.543	54.488	492.048
LT2	147.625	147.625	86.27	19.25	54.49	487.908
LT2	147.75	147.75	85.435	19.086	54.493	484.688
LT2	147.875	147.875	84.741	19.199	54.498	485.06
LT2	148	148	84.047	19.467	54.506	490.558
LT2	148.125	148.125	84.058	19.71	54.517	499.923
LT2	148.25	148.25	85.717	19.864	54.532	508.154
LT2	148.375	148.375	88.536	19.911	54.552	511.708
LT2	148.5	148.5	90.077	19.797	54.578	508.65
LT2	148.625	148.625	89.514	19.57	54.61	501.473
LT2	148.75	148.75	88.507	19.338	54.646	494.176
LT2	148.875	148.875	88.969	19.184	54.687	490.746
LT2	149	149	90.294	19.111	54.731	491.15
LT2	149.125	149.125	90.895	19.109	54.775	496.168
LT2	149.25	149.25	90.498	19.168	54.819	503.424
LT2	149.375	149.375	89.683	19.289	54.862	506.174
LT2	149.5	149.5	89.158	19.468	54.903	501.777
LT2	149.625	149.625	88.926	19.72	54.942	495.941
LT2	149.75	149.75	88.459	20.086	54.978	490.764
LT2	149.875	149.875	87.797	20.719	55.012	486.633
LT2	150	150	87.523	21.594	55.043	485.07
LT2	150.125	150.125	87.765	22.438	55.071	486.646
LT2	150.25	150.25	87.584	22.853	55.094	489.333
LT2	150.375	150.375	87.007	22.827	55.113	491.369
LT2	150.5	150.5	87.416	22.465	55.127	494.311
LT2	150.625	150.625	89.114	21.865	55.134	499.354
LT2	150.75	150.75	90.768	21.143	55.136	503.445
LT2	150.875	150.875	90.462	20.545	55.131	504.566
LT2	151	151	88.723	20.298	55.121	504.546
LT2	151.125	151.125	87.411	20.4	55.105	504.741
LT2	151.25	151.25	87.958	20.722	55.083	505.754
LT2	151.375	151.375	89.842	21.016	55.056	506.889
LT2	151.5	151.5	91.325	21.159	55.026	506.883
LT2	151.625	151.625	91.096	21.111	54.993	504.254
LT2	151.75	151.75	89.635	20.987	54.958	497.226
LT2	151.875	151.875	88.662	20.827	54.921	486.744
LT2	152	152	88.935	20.709	54.882	480.885
LT2	152.125	152.125	89.321	20.851	54.841	480.835
LT2	152.25	152.25	88.168	21.403	54.797	481.809
LT2	152.375	152.375	86.073	22.182	54.751	484.111
LT2	152.5	152.5	84.961	22.845	54.703	488.956
LT2	152.625	152.625	85.725	23.046	54.652	492.452
LT2	152.75	152.75	86.802	22.605	54.599	494.261
LT2	152.875	152.875	87.039	21.662	54.545	497.249
LT2	153	153	87.023	20.674	54.489	500.979
LT2	153.125	153.125	87.55	20.096	54.431	504.317
LT2	153.25	153.25	88.494	20.031	54.372	507.654
LT2	153.375	153.375	88.791	20.284	54.312	510.309
LT2	153.5	153.5	88.642	20.598	54.25	511.501
LT2	153.625	153.625	88.721	20.838	54.188	511.903
LT2	153.75	153.75	88.582	20.919	54.125	511.433
LT2	153.875	153.875	87.777	20.942	54.061	509.438
LT2	154	154	87.229	21.008	53.996	507.422
LT2	154.125	154.125	87.737	21.116	53.932	506.989
LT2	154.25	154.25	88.876	21.199	53.868	507.073
LT2	154.375	154.375	89.385	21.181	53.805	507.403
LT2	154.5	154.5	89.295	21.03	53.745	508.332
LT2	154.625	154.625	89.275	20.672	53.689	509.104
LT2	154.75	154.75	89.633	20.141	53.636	508.876
LT2	154.875	154.875	90.236	19.712	53.588	507.661
LT2	155	155	90.973	19.595	53.542	505.504
LT2	155.125	155.125	91.551	19.784	53.498	503.21
LT2	155.25	155.25	91.692	19.926	53.456	501.817
LT2	155.375	155.375	90.728	19.733	53.416	502.535
LT2	155.5	155.5	88.877	19.295	53.376	504.75
LT2	155.625	155.625	86.822	18.955	53.338	506.323
LT2	155.75	155.75	85.636	19.055	53.302	507.103
LT2	155.875	155.875	85.586	19.536	53.267	507.514
LT2	156	156	86.155	20.09	53.236	506.166
LT2	156.125	156.125	87.016	20.321	53.207	503.731
LT2	156.25	156.25	88.092	20.14	53.183	502.719
LT2	156.375	156.375	89.008	19.777	53.161	502.323
LT2	156.5	156.5	89.794	19.619	53.142	501.149
LT2	156.625	156.625	90.438	19.685	53.124	500.785
LT2	156.75	156.75	90.467	19.758	53.106	501.594
LT2	156.875	156.875	89.566	19.762	53.087	501.634
LT2	157	157	88.134	19.852	53.068	501.476
LT2	157.125	157.125	87.787	20.068	53.048	502.245
LT2	157.25	157.25	88.895	20.246	53.029	502.367
LT2	157.375	157.375	90.578	20.281	53.012	501.49
LT2	157.5	157.5	91.56	20.165	53	501.362
LT2	157.625	157.625	91.461	19.944	52.991	502.196
LT2	157.75	157.75	90.632	19.692	52.988	503.092
LT2	157.875	157.875	89.6	19.605	52.991	503.336
LT2	158	158	88.459	19.689	52.997	502.419
LT2	158.125	158.125	87.296	19.784	53.007	500.28
LT2	158.25	158.25	86.315	19.743	53.019	497.64
LT2	158.375	158.375	85.634	19.713	53.033	495.655
LT2	158.5	158.5	85.441	19.873	53.047	495.369
LT2	158.625	158.625	86.141	20.177	53.061	496.853
LT2	158.75	158.75	87.878	20.458	53.073	498.836
LT2	158.875	158.875	89.317	20.588	53.085	498.434
LT2	159	159	89.346	20.538	53.096	493.64
LT2	159.125	159.125	88.403	20.373	53.106	487.885
LT2	159.25	159.25	88.053	20.221	53.115	485.922
LT2	159.375	159.375	88.751	20.215	53.122	485.941
LT2	159.5	159.5	89.682	20.322	53.124	487.636
LT2	159.625	159.625	89.973	20.417	53.122	493.298
LT2	159.75	159.75	89.798	20.486	53.113	498.857
LT2	159.875	159.875	89.956	20.515	53.097	500.666
LT2	160	160	90.456	20.456	53.072	501.059
LT2	160.125	160.125	90.626	20.296	53.039	501.964
LT2	160.25	160.25	90.082	20.052	52.997	502.85
LT2	160.375	160.375	89.4	19.785	52.946	503.572
LT2	160.5	160.5	88.721	19.542	52.889	504.166
LT2	160.625	160.625	87.515	19.447	52.825	504.316
LT2	160.75	160.75	86.397	19.562	52.754	504.502
LT2	160.875	160.875	86.579	19.803	52.679	505.515
LT2	161	161	87.881	20.031	52.599	507.723
LT2	161.125	161.125	88.948	20.121	52.516	510.352
LT2	161.25	161.25	88.836	20.04	52.43	512.912
LT2	161.375	161.375	88.276	19.875	52.343	514.737
LT2	161.5	161.5	87.816	19.798	52.255	514.919
LT2	161.625	161.625	87.696	19.87	52.166	513.219
LT2	161.75	161.75	88.278	20.059	52.079	510.764
LT2	161.875	161.875	89.342	20.355	51.994	508.484
LT2	162	162	89.655	20.794	51.913	506.669
LT2	162.125	162.125	88.693	21.254	51.836	505.512
LT2	162.25	162.25	87.503	21.532	51.764	505.246
LT2	162.375	162.375	87.876	21.438	51.696	505.228
LT2	162.5	162.5	89.413	21.055	51.633	504.659
LT2	162.625	162.625	90.602	20.551	51.574	503.795
LT2	162.75	162.75	90.776	20.23	51.519	502.281
LT2	162.875	162.875	90.178	20.204	51.467	499.885
LT2	163	163	89.043	20.424	51.419	497.767
LT2	163.125	163.125	87.973	20.801	51.374	496.776
LT2	163.25	163.25	87.469	21.22	51.332	496.681
LT2	163.375	163.375	87.396	21.46	51.293	497.738
LT2	163.5	163.5	86.963	21.345	51.256	499.257
LT2	163.625	163.625	86.469	21.026	51.222	500.348
LT2	163.75	163.75	87.408	20.766	51.189	501.055
LT2	163.875	163.875	89.368	20.653	51.158	501.149
LT2	164	164	90.415	20.684	51.128	500.162
LT2	164.125	164.125	89.764	20.981	51.099	498.209
LT2	164.25	164.25	88.773	21.384	51.068	495.91
LT2	164.375	164.375	88.586	21.53	51.035	493.453
LT2	164.5	164.5	88.681	21.134	50.999	490.395
LT2	164.625	164.625	88.507	20.494	50.96	486.723
LT2	164.75	164.75	87.855	19.979	50.92	483.35
LT2	164.875	164.875	86.716	19.72	50.881	481.131
LT2	165	165	85.558	19.579	50.841	479.985
LT2	165.125	165.125	85.414	19.418	50.803	480.804
LT2	165.25	165.25	86.09	19.237	50.765	483.839
LT2	165.375	165.375	86.681	19.161	50.727	487.416
LT2	165.5	165.5	87.13	19.176	50.688	489.944
LT2	165.625	165.625	87.914	19.178	50.647	490.893
LT2	165.75	165.75	88.914	19.215	50.605	490.384
LT2	165.875	165.875	89.667	19.455	50.56	489.719
LT2	166	166	90.406	19.847	50.513	489.339
LT2	166.125	166.125	90.634	20.122	50.462	488.65
LT2	166.25	166.25	89.35	20.019	50.407	487.874
LT2	166.375	166.375	86.926	19.653	50.349	487.124
LT2	166.5	166.5	85.188	19.239	50.288	486.48
LT2	166.625	166.625	85.141	19	50.225	487.115
LT2	166.75	166.75	86.699	18.928	50.16	489.103
LT2	166.875	166.875	88.513	18.869	50.096	491.271
LT2	167	167	89.53	18.856	50.03	492.556
LT2	167.125	167.125	89.616	19.148	49.964	492.524
LT2	167.25	167.25	89.309	19.874	49.897	491.066
LT2	167.375	167.375	88.719	20.699	49.829	489.069
LT2	167.5	167.5	87.304	21.335	49.76	487.362
LT2	167.625	167.625	85.805	21.638	49.693	486.715
LT2	167.75	167.75	85.498	21.676	49.627	487.07
LT2	167.875	167.875	86.703	21.448	49.565	488.032
LT2	168	168	88.074	21.027	49.506	489.097
LT2	168.125	168.125	88.704	20.628	49.45	490.112
LT2	168.25	168.25	88.279	20.476	49.399	491.182
LT2	168.375	168.375	87.513	20.602	49.351	492.244
LT2	168.5	168.5	87.473	20.708	49.308	492.973
LT2	168.625	168.625	88.732	20.467	49.27	493.139
LT2	168.75	168.75	90.472	20.065	49.236	492.916
LT2	168.875	168.875	91.555	19.848	49.207	492.592
LT2	169	169	91.435	20.119	49.181	492.321
LT2	169.125	169.125	90.368	20.703	49.159	492.231
LT2	169.25	169.25	88.964	21.337	49.14	492.76
LT2	169.375	169.375	88.809	21.744	49.124	493.852
LT2	169.5	169.5	90.438	21.79	49.109	494.66
LT2	169.625	169.625	92.064	21.531	49.095	494.866
LT2	169.75	169.75	92.119	21.173	49.081	494.606
LT2	169.875	169.875	91.116	20.786	49.066	494.317
LT2	170	170	90.759	20.386	49.049	494.36
LT2	170.125	170.125	91.248	20.114	49.028	494.491
LT2	170.25	170.25	91.673	20.116	49.004	494.594
LT2	170.375	170.375	91.489	20.362	48.975	495.267
LT2	170.5	170.5	90.613	20.603	48.943	496.599
LT2	170.625	170.625	89.389	20.745	48.907	498.173
LT2	170.75	170.75	88.636	20.875	48.869	499.202
LT2	170.875	170.875	88.425	21.103	48.828	498.925
LT2	171	171	88.567	21.376	48.786	496.711
LT2	171.125	171.125	89.008	21.552	48.74	493.228
LT2	171.25	171.25	89.81	21.576	48.693	490.116
LT2	171.375	171.375	90.74	21.485	48.643	488.7
LT2	171.5	171.5	91.123	21.455	48.591	489.617
LT2	171.625	171.625	90.877	21.582	48.538	491.987
LT2	171.75	171.75	90.748	21.847	48.484	493.878
LT2	171.875	171.875	90.994	22.101	48.43	494.059
LT2	172	172	91.249	22.206	48.376	492.688
LT2	172.125	172.125	90.897	22.168	48.322	490.665
LT2	172.25	172.25	90.097	22.143	48.269	489.02
LT2	172.375	172.375	89.746	22.067	48.218	488.233
LT2	172.5	172.5	90.151	21.776	48.169	488.924
LT2	172.625	172.625	90.721	21.342	48.122	490.817
LT2	172.75	172.75	90.704	21.004	48.078	492.949
LT2	172.875	172.875	90.164	20.958	48.037	494.453
LT2	173	173	89.87	21.077	47.997	495.225
LT2	173.125	173.125	90.789	21.142	47.958	495.289
LT2	173.25	173.25	92.235	20.936	47.921	494.878
LT2	173.375	173.375	93.258	20.499	47.885	494.032
LT2	173.5	173.5	93.468	20.073	47.851	492.861
LT2	173.625	173.625	92.678	19.922	47.818	491.37
LT2	173.75	173.75	90.915	20.151	47.786	489.228
LT2	173.875	173.875	89.118	20.664	47.754	486.63
LT2	174	174	88.263	21.21	47.721	484.459
LT2	174.125	174.125	88.721	21.617	47.687	483.232
LT2	174.25	174.25	89.001	21.691	47.65	483.331
LT2	174.375	174.375	88.731	21.485	47.611	484.715
LT2	174.5	174.5	88.699	21.116	47.571	486.805
LT2	174.625	174.625	89.506	20.767	47.531	488.525
LT2	174.75	174.75	90.92	20.542	47.49	489.532
LT2	174.875	174.875	91.957	20.558	47.449	489.611
LT2	175	175	92.06	20.848	47.406	488.663
LT2	175.125	175.125	91.296	21.207	47.363	487.254
LT2	175.25	175.25	90.619	21.32	47.317	486.383
LT2	175.375	175.375	90.701	21.182	47.269	486.051
LT2	175.5	175.5	91.149	20.963	47.217	486.161
LT2	175.625	175.625	91.162	20.773	47.162	486.934
LT2	175.75	175.75	90.601	20.583	47.103	487.944
LT2	175.875	175.875	90.15	20.414	47.04	488.653
LT2	176	176	90.118	20.35	46.972	489.241
LT2	176.125	176.125	90.325	20.351	46.902	490.12
LT2	176.25	176.25	90.753	20.347	46.829	491.07
LT2	176.375	176.375	91.255	20.303	46.757	491.737
LT2	176.5	176.5	91.76	20.218	46.684	492.421
LT2	176.625	176.625	92.432	20.096	46.612	492.868
LT2	176.75	176.75	93.07	19.932	46.538	492.014
LT2	176.875	176.875	93.423	19.769	46.463	490.027
LT2	177	177	93.454	19.783	46.386	488.186
LT2	177.125	177.125	93.667	19.958	46.306	486.92
LT2	177.25	177.25	94.172	20.18	46.225	486.471
LT2	177.375	177.375	94.425	20.282	46.143	487.361
LT2	177.5	177.5	94.192	20.25	46.061	488.726
LT2	177.625	177.625	93.618	20.209	45.981	489.316
LT2	177.75	177.75	93.173	20.187	45.905	488.723
LT2	177.875	177.875	93.083	20.061	45.833	487.284
LT2	178	178	93.175	19.693	45.766	485.382
LT2	178.125	178.125	93.134	19.185	45.704	483.374
LT2	178.25	178.25	92.573	18.814	45.649	481.364
LT2	178.375	178.375	91.792	18.819	45.602	479.907
LT2	178.5	178.5	91.378	19.098	45.56	479.135
LT2	178.625	178.625	91.864	19.484	45.525	479.074
LT2	178.75	178.75	92.66	19.904	45.497	481.284
LT2	178.875	178.875	93.305	20.351	45.475	486.253
LT2	179	179	93.356	20.702	45.461	491.738
LT2	179.125	179.125	93.303	20.77	45.456	494.193
LT2	179.25	179.25	93.228	20.572	45.46	493.068
LT2	179.375	179.375	92.85	20.256	45.474	488.613
LT2	179.5	179.5	92.291	20.094	45.497	482.094
LT2	179.625	179.625	92.05	20.234	45.526	475.953
LT2	179.75	179.75	92.467	20.66	45.563	473.717
LT2	179.875	179.875	93.274	20.969	45.604	476.168
LT2	180	180	93.566	20.926	45.65	481.516
LT2	180.125	180.125	93.18	20.665	45.7	487.11
LT2	180.25	180.25	92.671	20.543	45.753	491.067
LT2	180.375	180.375	92.498	20.724	45.807	492.464
LT2	180.5	180.5	92.595	21.079	45.863	490.731
LT2	180.625	180.625	93.036	21.284	45.919	486.59
LT2	180.75	180.75	93.508	21.137	45.975	481.642
LT2	180.875	180.875	93.557	20.679	46.029	477.88
LT2	181	181	92.876	20.191	46.08	475.717
LT2	181.125	181.125	91.697	19.954	46.128	475.311
LT2	181.25	181.25	90.858	20.046	46.171	475.785
LT2	181.375	181.375	90.627	20.414	46.21	477.102
LT2	181.5	181.5	91.088	20.843	46.242	481.045
LT2	181.625	181.625	92.359	21.101	46.267	485.243
LT2	181.75	181.75	94.237	21.192	46.282	486.535
LT2	181.875	181.875	96.013	21.242	46.286	485.709
LT2	182	182	96.721	21.279	46.279	483.701
LT2	182.125	182.125	95.469	21.147	46.258	479.713
LT2	182.25	182.25	93.774	20.797	46.222	477.419
LT2	182.375	182.375	93.052	20.413	46.172	479.094
LT2	182.5	182.5	93.556	20.153	46.105	482.41
LT2	182.625	182.625	94.631	20.052	46.023	484.775
LT2	182.75	182.75	95.802	20.075	45.927	485.622
LT2	182.875	182.875	96.085	20.155	45.815	483.932
LT2	183	183	95.089	20.22	45.69	481.042
LT2	183.125	183.125	93.27	20.226	45.552	478.963
LT2	183.25	183.25	91.931	20.205	45.402	473.668
LT2	183.375	183.375	91.524	20.229	45.242	463.056
LT2	183.5	183.5	91.839	20.317	45.072	454.659
LT2	183.625	183.625	92.296	20.419	44.894	451.923
LT2	183.75	183.75	92.487	20.501	44.708	445.734
LT2	183.875	183.875	92.619	20.552	44.516	436.992
LT2	184	184	93.246	20.632	44.319	433.1
LT2	184.125	184.125	93.81	20.77	44.121	432.634
LT2	184.25	184.25	93.358	20.84	43.926	435.176
LT2	184.375	184.375	92.169	20.808	43.738	446.064
LT2	184.5	184.5	91.163	20.697	43.56	464.392
LT2	184.625	184.625	90.572	20.516	43.395	481.935
LT2	184.75	184.75	90.229	20.36	43.245	490.369
LT2	184.875	184.875	90.829	20.29	43.111	490.789
LT2	185	185	92.511	20.247	42.995	486.766
LT2	185.125	185.125	94.339	20.115	42.895	477.133
LT2	185.25	185.25	95.327	19.898	42.811	461.801
LT2	185.375	185.375	95.341	19.856	42.743	447.935
LT2	185.5	185.5	94.876	20.057	42.689	440.448
LT2	185.625	185.625	94.233	20.355	42.648	440.601
LT2	185.75	185.75	93.573	20.504	42.618	448.626
LT2	185.875	185.875	93.079	20.453	42.6	462.136
LT2	186	186	92.791	20.335	42.592	474.631
LT2	186.125	186.125	92.443	20.356	42.593	480.466
LT2	186.25	186.25	91.939	20.563	42.604	480.569
LT2	186.375	186.375	91.236	20.815	42.622	479.375
LT2	186.5	186.5	90.316	20.879	42.645	479.2
LT2	186.625	186.625	89.398	20.761	42.671	480.166
LT2	186.75	186.75	88.966	20.675	42.695	482.039
LT2	186.875	186.875	89.362	20.693	42.716	483.142
LT2	187	187	90.532	20.635	42.73	482.482
LT2	187.125	187.125	91.799	20.329	42.734	480.864
LT2	187.25	187.25	92.463	19.932	42.725	478.616
LT2	187.375	187.375	92.287	19.662	42.702	476.586
LT2	187.5	187.5	92.055	19.561	42.662	476.157
LT2	187.625	187.625	92.107	19.553	42.607	476.73
LT2	187.75	187.75	90.834	19.604	42.534	477.171
LT2	187.875	187.875	88.201	19.719	42.445	477.109
LT2	188	188	86.324	19.975	42.341	476.623
LT2	188.125	188.125	86.725	20.449	42.219	477.103
LT2	188.25	188.25	88.167	20.862	42.082	478.373
LT2	188.375	188.375	88.703	20.951	41.928	478.451
LT2	188.5	188.5	88.831	20.93	41.754	477.077
LT2	188.625	188.625	89.378	21.13	41.564	475.778
LT2	188.75	188.75	89.567	21.542	41.356	474.826
LT2	188.875	188.875	88.598	21.872	41.131	474.745
LT2	189	189	86.492	21.996	40.893	476.738
LT2	189.125	189.125	85.261	22.017	40.643	479.29
LT2	189.25	189.25	85.964	21.968	40.384	478.88
LT2	189.375	189.375	87.666	21.753	40.119	476.694
LT2	189.5	189.5	88.672	21.374	39.852	474.886
LT2	189.625	189.625	88.664	21.009	39.587	471.906
LT2	189.75	189.75	88.089	20.86	39.326	468.364
LT2	189.875	189.875	87.48	20.936	39.073	467.352
LT2	190	190	87.114	20.971	38.831	467.71
LT2	190.125	190.125	87.48	20.892	38.6	467.21
LT2	190.25	190.25	87.862	20.782	38.384	465.837
LT2	190.375	190.375	87.372	20.67	38.183	462.332
LT2	190.5	190.5	86.143	20.569	37.999	454.128
LT2	190.625	190.625	85.117	20.554	37.833	442.671
LT2	190.75	190.75	84.789	20.71	37.685	429.146
LT2	190.875	190.875	85.307	20.964	37.557	413.138
LT2	191	191	86.593	21.037	37.448	404.571
LT2	191.125	191.125	88.308	20.783	37.357	408.481
LT2	191.25	191.25	89.728	20.185	37.282	417.412
LT2	191.375	191.375	90.785	19.5	37.219	429.056
LT2	191.5	191.5	90.921	19.034	37.165	444.792
LT2	191.625	191.625	89.477	19.064	37.116	455.152
LT2	191.75	191.75	86.832	19.504	37.068	459.728
LT2	191.875	191.875	84.432	20.122	37.02	466.603
LT2	192	192	83.34	20.55	36.968	468.697
LT2	192.125	192.125	83.225	20.685	36.911	459.226
LT2	192.25	192.25	83.115	20.638	36.847	446.71
LT2	192.375	192.375	83.212	20.585	36.771	439.266
LT2	192.5	192.5	83.893	20.54	36.679	433.612
LT2	192.625	192.625	85.314	20.38	36.563	435.545
LT2	192.75	192.75	86.85	20.055	36.422	449.751
LT2	192.875	192.875	87.278	19.707	36.249	466.326
LT2	193	193	86.912	19.482	36.038	473.678
LT2	193.125	193.125	86.645	19.35	35.787	476.101
LT2	193.25	193.25	87.125	19.258	35.491	477.227
LT2	193.375	193.375	87.676	19.26	35.143	476.558
LT2	193.5	193.5	87.417	19.455	34.744	475.373
LT2	193.625	193.625	86.31	19.912	34.285	475.95
LT2	193.75	193.75	85.163	20.442	33.765	477.4
LT2	193.875	193.875	84.803	20.84	33.181	478.78
LT2	194	194	85.702	20.939	32.526	481.673
LT2	194.125	194.125	86.864	20.817	31.806	485.447
LT2	194.25	194.25	86.977	20.634	31.03	487.709
LT2	194.375	194.375	86.523	20.499	30.209	489.636
LT2	194.5	194.5	86.533	20.377	29.369	492.784
LT2	194.625	194.625	86.976	20.257	28.534	495.399
LT2	194.75	194.75	87.039	20.133	27.732	496.389
LT2	194.875	194.875	86.719	20.024	26.977	496.917
LT2	195	195	86.644	19.846	26.287	497.656
LT2	195.125	195.125	86.845	19.572	25.673	498.034
LT2	195.25	195.25	86.495	19.405	25.137	497.328
LT2	195.375	195.375	85.529	19.539	24.695	495.944
LT2	195.5	195.5	84.735	19.891	24.351	493.886
LT2	195.625	195.625	84.664	20.204	24.109	491.378
LT2	195.75	195.75	85.172	20.19	23.994	489.876
LT2	195.875	195.875	85.382	19.918	24.003	488.383
LT2	196	196	84.573	19.635	24.146	486.057
LT2	196.125	196.125	83.262	19.579	24.456	484.388
LT2	196.25	196.25	82.462	19.76	24.927	483.056
LT2	196.375	196.375	83.054	20.056	25.575	481.658
LT2	196.5	196.5	84.478	20.262	26.407	482.029
LT2	196.625	196.625	85.679	20.266	27.391	485.162
LT2	196.75	196.75	85.847	19.979	28.507	489.867
LT2	196.875	196.875	85.649	19.485	29.704	492.13
LT2	197	197	85.888	18.992	30.936	491.294
LT2	197.125	197.125	86.359	18.692	32.163	490.327
LT2	197.25	197.25	86.11	18.642	33.356	490.078
LT2	197.375	197.375	85.333	18.716	34.503	488.657
LT2	197.5	197.5	85.833	18.688	35.589	484.395
LT2	197.625	197.625	87.904	18.488	36.616	476.835
LT2	197.75	197.75	90.073	18.245	37.581	467.773
LT2	197.875	197.875	90.379	18.246	38.471	461.498
LT2	198	198	88.871	18.512	39.29	459.376
LT2	198.125	198.125	87.369	18.87	40.024	462.794
LT2	198.25	198.25	86.656	19.103	40.664	470.377
LT2	198.375	198.375	86.526	19.273	41.209	476.875
LT2	198.5	198.5	86.601	19.626	41.646	478.528
LT2	198.625	198.625	86.491	20.161	41.972	476.709
LT2	198.75	198.75	86.38	20.633	42.193	474.572
LT2	198.875	198.875	86.677	20.805	42.303	474.629
LT2	199	199	87.58	20.737	42.324	476.465
LT2	199.125	199.125	89.048	20.585	42.272	481.141
LT2	199.25	199.25	90	20.379	42.167	489.121
LT2	199.375	199.375	90.298	20.083	42.035	496.844
LT2	199.5	199.5	90.556	19.836	41.893	503.132
LT2	199.625	199.625	90.735	19.903	41.752	506.679
LT2	199.75	199.75	90.763	20.257	41.617	505.189
LT2	199.875	199.875	90.947	20.685	41.49	499.365
LT2	200	200	91.495	21.01	41.37	492.535
LT2	200.125	200.125	92.453	21.225	41.257	486.073
LT2	200.25	200.25	93.28	21.356	41.153	481.526
LT2	200.375	200.375	93.337	21.349	41.06	479.632
LT2	200.5	200.5	92.109	21.118	40.98	479.761
LT2	200.625	200.625	89.776	20.551	40.917	480.739
LT2	200.75	200.75	87.583	19.771	40.87	480.522
LT2	200.875	200.875	87.146	19.024	40.836	478.77
LT2	201	201	87.928	18.573	40.809	477.677
LT2	201.125	201.125	88.321	18.382	40.782	478.228
LT2	201.25	201.25	87.125	18.42	40.748	479.901
LT2	201.375	201.375	85.558	18.73	40.703	483.078
LT2	201.5	201.5	85.108	19.344	40.645	487.508
LT2	201.625	201.625	86.339	20.066	40.574	491.437
LT2	201.75	201.75	88.293	20.576	40.489	493.152
LT2	201.875	201.875	89.873	20.744	40.391	492.479
LT2	202	202	90.119	20.517	40.278	490.034
LT2	202.125	202.125	89.45	20.008	40.152	487.031
LT2	202.25	202.25	89.008	19.313	40.011	483.663
LT2	202.375	202.375	88.901	18.667	39.851	480.863
LT2	202.5	202.5	88.471	18.304	39.673	479.943
LT2	202.625	202.625	87.591	18.238	39.473	481.393
LT2	202.75	202.75	87.133	18.395	39.245	483.854
LT2	202.875	202.875	87.577	18.692	38.987	485.754
LT2	203	203	88.813	19.011	38.69	487.466
LT2	203.125	203.125	89.956	19.113	38.352	487.993
LT2	203.25	203.25	90.101	18.939	37.979	485.275
LT2	203.375	203.375	88.718	18.628	37.58	481.354
LT2	203.5	203.5	87.064	18.342	37.175	479.792
LT2	203.625	203.625	86.795	18.053	36.784	478.802
LT2	203.75	203.75	88.135	17.764	36.424	477.064
LT2	203.875	203.875	89.322	17.589	36.101	475.481
LT2	204	204	88.331	17.506	35.821	472.509
LT2	204.125	204.125	85.743	17.338	35.591	468.346
LT2	204.25	204.25	83.666	17.112	35.409	466.531
LT2	204.375	204.375	84.235	17.03	35.281	467.842
LT2	204.5	204.5	86.392	17.178	35.212	471.95
LT2	204.625	204.625	88.51	17.417	35.201	477.795
LT2	204.75	204.75	89.446	17.674	35.257	482.633
LT2	204.875	204.875	89.416	17.923	35.384	485.538
LT2	205	205	88.601	18.104	35.583	487.961
LT2	205.125	205.125	87.092	18.132	35.872	489.118
LT2	205.25	205.25	85.426	18.045	36.258	489.175
LT2	205.375	205.375	84.277	17.881	36.748	489.839
LT2	205.5	205.5	83.645	17.653	37.37	491.77
LT2	205.625	205.625	83.226	17.449	38.101	492.402
LT2	205.75	205.75	82.989	17.339	38.928	487.363
LT2	205.875	205.875	83.149	17.283	39.82	473.285
LT2	206	206	82.973	17.235	40.737	455.089
LT2	206.125	206.125	80.973	17.26	41.652	440.719
LT2	206.25	206.25	77.694	17.485	42.548	436.635
LT2	206.375	206.375	74.782	17.951	43.418	442.465
LT2	206.5	206.5	73.53	18.569	44.253	456.197
LT2	206.625	206.625	73.676	19.077	45.052	470.395
LT2	206.75	206.75	74.558	19.372	45.813	477.456
LT2	206.875	206.875	75.9	19.514	46.529	475.183
LT2	207	207	77.506	19.664	47.201	470.529
LT2	207.125	207.125	78.664	19.819	47.828	465.477
LT2	207.25	207.25	78.82	19.849	48.4	460.789
LT2	207.375	207.375	78.427	19.651	48.918	458.211
LT2	207.5	207.5	78.557	19.222	49.373	457.833
LT2	207.625	207.625	79.602	18.684	49.748	460.627
LT2	207.75	207.75	80.973	18.231	50.039	466.155
LT2	207.875	207.875	82.193	18.054	50.234	472.229
LT2	208	208	83.606	18.221	50.335	478.499
LT2	208.125	208.125	84.928	18.733	50.359	484.065
LT2	208.25	208.25	85.077	19.484	50.317	484.436
LT2	208.375	208.375	83.906	20.097	50.234	478.856
LT2	208.5	208.5	82.057	20.33	50.122	470.323
LT2	208.625	208.625	80.117	20.085	49.99	463.384
LT2	208.75	208.75	78.268	19.587	49.845	460.15
LT2	208.875	208.875	77.36	18.994	49.69	459.914
LT2	209	209	77.986	18.416	49.526	462.065
LT2	209.125	209.125	79.718	18.059	49.355	466.17
LT2	209.25	209.25	81.796	18.165	49.179	469.191
LT2	209.375	209.375	83.741	18.797	48.997	469.164
LT2	209.5	209.5	85.32	19.672	48.809	469.753
LT2	209.625	209.625	85.596	20.409	48.617	473.423
LT2	209.75	209.75	84.72	20.812	48.425	477.169
LT2	209.875	209.875	84.369	21.029	48.238	478.665
LT2	210	210	85.908	21.281	48.065	476.114
LT2	210.125	210.125	88.48	21.546	47.909	467.547
LT2	210.25	210.25	89.669	21.659	47.773	456.289
LT2	210.375	210.375	88.2	21.678	47.658	450.864
LT2	210.5	210.5	85.673	21.851	47.559	450.873
LT2	210.625	210.625	84.954	22.241	47.477	454.829
LT2	210.75	210.75	86.206	22.637	47.41	465.537
LT2	210.875	210.875	87.802	22.899	47.357	478.234
LT2	211	211	88.296	23.082	47.317	484.886
LT2	211.125	211.125	88.405	23.261	47.286	487.515
LT2	211.25	211.25	88.717	23.361	47.26	490.838
LT2	211.375	211.375	89.326	23.32	47.238	492.71
LT2	211.5	211.5	89.96	23.177	47.216	490.255
LT2	211.625	211.625	90.197	23.022	47.195	485.948
LT2	211.75	211.75	90.148	22.956	47.173	481.939
LT2	211.875	211.875	90.577	22.991	47.151	476.951
LT2	212	212	91.527	23.085	47.129	472.903
LT2	212.125	212.125	91.797	23.153	47.104	473.958
LT2	212.25	212.25	90.626	23.129	47.073	477.241
LT2	212.375	212.375	89.281	22.981	47.032	479.095
LT2	212.5	212.5	89.392	22.699	46.976	479.483
LT2	212.625	212.625	90.4	22.338	46.905	477.774
LT2	212.75	212.75	90.358	21.995	46.818	472.226
LT2	212.875	212.875	89.039	21.762	46.714	466.603
LT2	213	213	87.735	21.594	46.594	464.882
LT2	213.125	213.125	88.127	21.53	46.455	468.149
LT2	213.25	213.25	89.904	21.633	46.3	476.046
LT2	213.375	213.375	91.582	21.898	46.129	486.57
LT2	213.5	213.5	92.205	22.09	45.946	493.021
LT2	213.625	213.625	91.881	21.905	45.755	493.297
LT2	213.75	213.75	91.402	21.347	45.559	489.238
LT2	213.875	213.875	91.605	20.792	45.359	482.294
LT2	214	214	92.273	20.565	45.158	475.12
LT2	214.125	214.125	92.804	20.801	44.957	471.589
LT2	214.25	214.25	92.788	21.323	44.758	472.983
LT2	214.375	214.375	92.367	21.882	44.56	476.809
LT2	214.5	214.5	92.295	22.234	44.366	481.627
LT2	214.625	214.625	92.432	22.3	44.178	486.129
LT2	214.75	214.75	91.832	22.187	43.999	486.886
LT2	214.875	214.875	90.214	21.914	43.834	480.666
LT2	215	215	88.513	21.443	43.685	471.448
LT2	215.125	215.125	87.9	20.897	43.557	461.247
LT2	215.25	215.25	87.793	20.576	43.454	452.454
LT2	215.375	215.375	87.758	20.637	43.376	448.747
LT2	215.5	215.5	88.281	20.955	43.324	450.023
LT2	215.625	215.625	89.206	21.21	43.301	452.63
LT2	215.75	215.75	89.538	21.267	43.301	455.963
LT2	215.875	215.875	88.626	21.248	43.325	459.28
LT2	216	216	87.609	21.441	43.37	461.591
LT2	216.125	216.125	87.613	21.86	43.434	463.856
LT2	216.25	216.25	88.644	22.251	43.518	466.169
LT2	216.375	216.375	90.029	22.481	43.618	466.935
LT2	216.5	216.5	91.169	22.599	43.732	466.162
LT2	216.625	216.625	91.617	22.563	43.86	464.636
LT2	216.75	216.75	91.622	22.323	44	463.311
LT2	216.875	216.875	91.393	21.998	44.15	463.054
LT2	217	217	90.964	21.82	44.307	463.95
LT2	217.125	217.125	90.086	21.719	44.468	464.893
LT2	217.25	217.25	89.359	21.543	44.631	465.933
LT2	217.375	217.375	89.737	21.514	44.789	467.994
LT2	217.5	217.5	91.317	21.967	44.941	470.769
LT2	217.625	217.625	92.728	22.99	45.084	473.324
LT2	217.75	217.75	92.893	24.089	45.216	476.344
LT2	217.875	217.875	91.652	24.809	45.337	480.346
LT2	218	218	90.03	24.821	45.446	482.831
LT2	218.125	218.125	88.696	24.209	45.542	483.288
LT2	218.25	218.25	87.702	23.192	45.626	483.935
LT2	218.375	218.375	87.173	22.24	45.696	483.878
LT2	218.5	218.5	87.698	21.79	45.752	481.596
LT2	218.625	218.625	89.55	22.159	45.794	479.6
LT2	218.75	218.75	91.728	23.231	45.824	479.831
LT2	218.875	218.875	93.035	24.306	45.841	480.455
LT2	219	219	92.955	24.755	45.847	481.256
LT2	219.125	219.125	91.773	24.549	45.841	482.079
LT2	219.25	219.25	90.084	24.134	45.824	480.749
LT2	219.375	219.375	89.268	23.905	45.795	476.556
LT2	219.5	219.5	89.69	23.916	45.754	471.109
LT2	219.625	219.625	90.381	24.078	45.704	465.327
LT2	219.75	219.75	90.127	24.174	45.643	461.943
LT2	219.875	219.875	89.297	24.01	45.576	461.853
LT2	220	220	89.123	23.702	45.502	463.856
LT2	220.125	220.125	89.592	23.609	45.423	467.494
LT2	220.25	220.25	90.006	23.904	45.339	471.261
LT2	220.375	220.375	89.481	24.52	45.251	472.064
LT2	220.5	220.5	88.388	25.173	45.162	469.36
LT2	220.625	220.625	87.215	25.62	45.072	465.373
LT2	220.75	220.75	86.438	25.698	44.985	461.908
LT2	220.875	220.875	85.883	25.46	44.899	460.697
LT2	221	221	85.452	25.111	44.816	462
LT2	221.125	221.125	85.577	24.825	44.734	464.711
LT2	221.25	221.25	86.009	24.62	44.654	467.724
LT2	221.375	221.375	86.101	24.448	44.574	469.738
LT2	221.5	221.5	86.096	24.4	44.496	469.273
LT2	221.625	221.625	86.444	24.578	44.421	467.833
LT2	221.75	221.75	87.058	25.05	44.348	466.614
LT2	221.875	221.875	87.085	25.599	44.278	465.077
LT2	222	222	86.37	25.822	44.211	462.7
LT2	222.125	222.125	85.744	25.411	44.145	459.95
LT2	222.25	222.25	85.758	24.62	44.079	457.567
LT2	222.375	222.375	86.046	24.098	44.012	455.864
LT2	222.5	222.5	85.863	24.433	43.944	455.363
LT2	222.625	222.625	85.231	25.415	43.875	455.645
LT2	222.75	222.75	84.688	26.495	43.803	456.351
LT2	222.875	222.875	84.758	27.077	43.726	458.451
LT2	223	223	85.17	27.107	43.643	461.894
LT2	223.125	223.125	85.276	26.847	43.551	466.353
LT2	223.25	223.25	84.828	26.635	43.447	471.25
LT2	223.375	223.375	83.98	26.526	43.332	473.938
LT2	223.5	223.5	83.453	26.448	43.204	473.293
LT2	223.625	223.625	83.742	26.394	43.064	471.224
LT2	223.75	223.75	84.938	26.366	42.913	468.511
LT2	223.875	223.875	86.535	26.259	42.75	466.833
LT2	224	224	87.674	26.118	42.577	468.464
LT2	224.125	224.125	88.038	26.08	42.395	471.527
LT2	224.25	224.25	87.826	26.19	42.203	473.244
LT2	224.375	224.375	87.569	26.423	42.004	473.673
LT2	224.5	224.5	87.97	26.71	41.797	472.802
LT2	224.625	224.625	88.615	26.88	41.583	470.431
LT2	224.75	224.75	88.598	26.88	41.362	468.078
LT2	224.875	224.875	87.587	26.806	41.135	466.93
LT2	225	225	86.751	26.761	40.902	467.573
LT2	225.125	225.125	86.96	26.635	40.664	469.355
LT2	225.25	225.25	87.389	26.403	40.422	471.467
LT2	225.375	225.375	87.376	26.418	40.181	473.104
LT2	225.5	225.5	87.16	26.787	39.943	472.925
LT2	225.625	225.625	86.227	27.282	39.712	469.695
LT2	225.75	225.75	84.336	27.629	39.488	465.154
LT2	225.875	225.875	82.277	27.765	39.273	460.787
LT2	226	226	81.695	27.629	39.065	457.849
LT2	226.125	226.125	82.405	27.245	38.862	457.684
LT2	226.25	226.25	82.524	26.743	38.663	460.191
LT2	226.375	226.375	81.8	26.395	38.466	463.401
LT2	226.5	226.5	81.488	26.357	38.271	466.217
LT2	226.625	226.625	82.87	26.656	38.079	468.5
LT2	226.75	226.75	85.115	27.159	37.891	469.921
LT2	226.875	226.875	86.654	27.61	37.705	469.936
LT2	227	227	86.788	27.76	37.522	468.414
LT2	227.125	227.125	86.24	27.572	37.34	466.846
LT2	227.25	227.25	85.643	27.216	37.158	466.084
LT2	227.375	227.375	85.307	26.816	36.974	465.418
LT2	227.5	227.5	85.065	26.451	36.786	464.335
LT2	227.625	227.625	84.775	26.168	36.593	463.062
LT2	227.75	227.75	84.415	26.1	36.39	460.712
LT2	227.875	227.875	84.089	26.244	36.173	456.839
LT2	228	228	83.974	26.477	35.939	452.88
LT2	228.125	228.125	83.75	26.599	35.686	450.63
LT2	228.25	228.25	82.989	26.528	35.415	449.176
LT2	228.375	228.375	82.382	26.271	35.123	447.864
LT2	228.5	228.5	83.284	25.791	34.809	448.542
LT2	228.625	228.625	85.737	24.996	34.472	451.343
LT2	228.75	228.75	87.68	23.962	34.108	454.059
LT2	228.875	228.875	88.087	23.088	33.713	456.148
LT2	229	229	87.627	22.725	33.286	457.683
LT2	229.125	229.125	87.212	23.149	32.818	456.042
LT2	229.25	229.25	86.85	24.075	32.312	451.324
LT2	229.375	229.375	86.583	25.178	31.763	446.448
LT2	229.5	229.5	86.818	26.053	31.165	444.522
LT2	229.625	229.625	87.286	26.512	30.52	447.132
LT2	229.75	229.75	87.32	26.497	29.826	454.795
LT2	229.875	229.875	87.069	26.156	29.087	463.627
LT2	230	230	87.719	25.709	28.318	470.416
LT2	230.125	230.125	89.894	25.309	27.537	474.226
LT2	230.25	230.25	92.066	25.003	26.765	473.808
LT2	230.375	230.375	92.659	24.821	26.017	469.984
LT2	230.5	230.5	91.651	24.804	25.308	466.793
LT2	230.625	230.625	90.361	24.931	24.643	466.348
LT2	230.75	230.75	89.527	25.149	24.025	469.319
LT2	230.875	230.875	88.965	25.408	23.466	476.988
LT2	231	231	88.639	25.618	22.966	485.283
LT2	231.125	231.125	88.605	25.71	22.53	491.629
LT2	231.25	231.25	88.561	25.599	22.168	496.354
LT2	231.375	231.375	88.53	25.38	21.88	497.373
LT2	231.5	231.5	88.977	25.248	21.674	491.438
LT2	231.625	231.625	89.86	25.381	21.559	478.792
LT2	231.75	231.75	90.854	25.717	21.533	464.976
LT2	231.875	231.875	91.768	26.117	21.613	457.16
LT2	232	232	92.442	26.572	21.805	455.873
LT2	232.125	232.125	92.526	27.141	22.104	459.36
LT2	232.25	232.25	91.655	27.891	22.515	469.948
LT2	232.375	232.375	90.621	28.672	23.002	483.115
LT2	232.5	232.5	91.082	29.263	23.537	491.452
LT2	232.625	232.625	92.934	29.451	24.081	492.066
LT2	232.75	232.75	94.642	29.352	24.606	488.59
LT2	232.875	232.875	94.51	29.145	25.092	482.528
LT2	233	233	93.432	28.834	25.524	475.524
LT2	233.125	233.125	92.646	28.295	25.899	470.478
LT2	233.25	233.25	92.132	27.659	26.208	469.077
LT2	233.375	233.375	91.079	27.234	26.446	470.307
LT2	233.5	233.5	89.782	27.089	26.61	472.971
LT2	233.625	233.625	89.72	27.136	26.69	475.504
LT2	233.75	233.75	91.104	27.284	26.684	476.785
LT2	233.875	233.875	92.563	27.561	26.59	477.582
LT2	234	234	92.873	27.871	26.39	477.974
LT2	234.125	234.125	92.225	27.996	26.088	477.449
LT2	234.25	234.25	91.206	27.917	25.674	475.899
LT2	234.375	234.375	90.247	27.628	25.124	473.285
LT2	234.5	234.5	89.597	27.211	24.443	470.251
LT2	234.625	234.625	89.731	26.879	23.619	467.695
LT2	234.75	234.75	90.533	27.097	22.651	465.937
LT2	234.875	234.875	91.185	27.977	21.555	464.601
LT2	235	235	90.082	29.426	20.335	463.02
LT2	235.125	235.125	86.947	31.059	19.012	462.326
LT2	235.25	235.25	83.097	32.424	17.615	464.135
LT2	235.375	235.375	80.567	32.922	16.172	466.917
LT2	235.5	235.5	79.324	32.397	14.736	468.231
LT2	235.625	235.625	78.677	31.093	13.348	469.001
LT2	235.75	235.75	78.921	29.509	12.062	469.53
LT2	235.875	235.875	80.787	28.111	10.895	469.843
LT2	236	236	84.038	27.255	9.871	470.779
LT2	236.125	236.125	87.575	27.169	9.011	471.971
LT2	236.25	236.25	90.702	27.509	8.309	473.691
LT2	236.375	236.375	92.601	27.832	7.785	476.4
LT2	236.5	236.5	92.902	27.853	7.45	478.701
LT2	236.625	236.625	91.964	27.645	7.303	481.131
LT2	236.75	236.75	91.425	27.365	7.377	484.058
LT2	236.875	236.875	92.137	27.145	7.68	485.018
LT2	237	237	93.286	26.899	8.218	484.152
LT2	237.125	237.125	93.208	26.564	9.049	482.902
LT2	237.25	237.25	91.255	26.17	10.162	482.086
LT2	237.375	237.375	88.216	25.896	11.573	482.873
LT2	237.5	237.5	86.386	25.983	13.306	484.787
LT2	237.625	237.625	86.946	26.306	15.297	485.291
LT2	237.75	237.75	88.928	26.618	17.508	483.988
LT2	237.875	237.875	89.823	26.763	19.858	482.366
LT2	238	238	89.134	26.835	22.259	481.471
LT2	238.125	238.125	88.543	26.873	24.643	481.345
LT2	238.25	238.25	88.684	26.595	26.961	483.12
LT2	238.375	238.375	88.768	25.783	29.194	487.439
LT2	238.5	238.5	88.724	24.471	31.321	491.574
LT2	238.625	238.625	89.623	23.174	33.342	493.62
LT2	238.75	238.75	92.241	22.353	35.256	495.676
LT2	238.875	238.875	95.548	22.403	37.045	497.843
LT2	239	239	97.965	23.186	38.716	496.24
LT2	239.125	239.125	97.563	24.408	40.262	489.539
LT2	239.25	239.25	94.295	25.675	41.666	480.63
LT2	239.375	239.375	89.679	26.79	42.934	472.682
LT2	239.5	239.5	86.103	27.636	44.049	466.947
LT2	239.625	239.625	84.326	28.234	44.998	465.163
LT2	239.75	239.75	84.25	28.769	45.785	468.816
LT2	239.875	239.875	85.603	29.41	46.396	475.691
LT2	240	240	87.705	30.095	46.853	479.647
LT2	240.125	240.125	89.123	30.562	47.183	480.033
LT2	240.25	240.25	88.865	30.505	47.411	479.179
LT2	240.375	240.375	87.851	30.061	47.583	476.839
LT2	240.5	240.5	87.441	29.475	47.725	473.318
LT2	240.625	240.625	87.692	29.052	47.854	471.637
LT2	240.75	240.75	87.696	29.023	47.978	471.742
LT2	240.875	240.875	87.134	29.474	48.098	473.052
LT2	241	241	86.532	30.216	48.213	475.964
LT2	241.125	241.125	86.215	30.917	48.323	479.256
LT2	241.25	241.25	86.322	31.344	48.428	480.721
LT2	241.375	241.375	86.593	31.478	48.528	480.861
LT2	241.5	241.5	86.629	31.366	48.621	481.812
LT2	241.625	241.625	86.381	31.148	48.704	482.838
LT2	241.75	241.75	86.024	31.182	48.773	482.513
LT2	241.875	241.875	86.055	31.577	48.827	483.149
LT2	242	242	86.123	32.137	48.862	484.411
LT2	242.125	242.125	85.621	32.597	48.88	482.231
LT2	242.25	242.25	84.633	32.825	48.883	478.507
LT2	242.375	242.375	83.869	32.697	48.875	476.881
LT2	242.5	242.5	83.343	32.203	48.86	474.4
LT2	242.625	242.625	82.691	31.521	48.843	469.484
LT2	242.75	242.75	82.177	31.001	48.829	465.908
LT2	242.875	242.875	82.598	30.669	48.819	465.519
LT2	243	243	84.196	30.327	48.82	467.221
LT2	243.125	243.125	86.264	29.927	48.834	470.933
LT2	243.25	243.25	88.273	29.626	48.863	477.371
LT2	243.375	243.375	90.205	29.492	48.909	484.471
LT2	243.5	243.5	92.083	29.375	48.971	489.265
LT2	243.625	243.625	93.947	29.116	49.046	491.566
LT2	243.75	243.75	95.518	28.682	49.135	490.603
LT2	243.875	243.875	96.333	28.198	49.237	487.567
LT2	244	244	96.587	27.737	49.353	485.266
LT2	244.125	244.125	96.429	27.435	49.486	483.947
LT2	244.25	244.25	95.448	27.348	49.633	482.025
LT2	244.375	244.375	93.696	27.458	49.796	481.346
LT2	244.5	244.5	92.318	27.638	49.97	483.324
LT2	244.625	244.625	92.485	27.746	50.15	484.816
LT2	244.75	244.75	93.75	27.698	50.331	484.485
LT2	244.875	244.875	94.582	27.664	50.506	484.508
LT2	245	245	94.11	27.807	50.673	483.017
LT2	245.125	245.125	92.986	28.145	50.827	477.281
LT2	245.25	245.25	91.997	28.424	50.967	472.423
LT2	245.375	245.375	91.398	28.483	51.091	473.229
LT2	245.5	245.5	90.765	28.354	51.197	479.186
LT2	245.625	245.625	89.787	28.275	51.285	486.517
LT2	245.75	245.75	88.904	28.424	51.354	494.221
LT2	245.875	245.875	88.633	28.713	51.403	499.553
LT2	246	246	89.15	28.874	51.433	497.865
LT2	246.125	246.125	90.101	28.762	51.441	490.369
LT2	246.25	246.25	90.803	28.454	51.429	485.65
LT2	246.375	246.375	91.65	28.095	51.396	483.412
LT2	246.5	246.5	93.289	27.89	51.339	480.154
LT2	246.625	246.625	95.279	28.008	51.262	478.593
LT2	246.75	246.75	95.901	28.415	51.165	478.471
LT2	246.875	246.875	93.639	28.802	51.05	475.813
LT2	247	247	89.883	28.867	50.921	472.215
LT2	247.125	247.125	88.037	28.484	50.781	469.092
LT2	247.25	247.25	89.483	27.781	50.634	466.734
LT2	247.375	247.375	92.805	27.119	50.481	467.316
LT2	247.5	247.5	94.775	26.804	50.325	470.67
LT2	247.625	247.625	94.584	26.886	50.167	470.86
LT2	247.75	247.75	93.129	27.32	50.009	468.349
LT2	247.875	247.875	91.452	28.283	49.851	467.774
LT2	248	248	90.075	29.649	49.694	467.855
LT2	248.125	248.125	89.208	30.809	49.541	466.654
LT2	248.25	248.25	88.965	31.034	49.392	468.093
LT2	248.375	248.375	89.342	30.446	49.248	471.376
LT2	248.5	248.5	90.157	29.448	49.109	465.991
LT2	248.625	248.625	90.989	28.479	48.976	441.045
LT2	248.75	248.75	91.364	27.686	48.846	404.498
LT2	248.875	248.875	90.996	27.143	48.722	367.853
LT2	249	249	90.765	26.933	48.603	344.813
LT2	249.125	249.125	91.301	26.903	48.491	344.164
LT2	249.25	249.25	92.591	26.881	48.385	366.848
LT2	249.375	249.375	94.022	26.822	48.285	401.636
LT2	249.5	249.5	95.063	26.829	48.188	435.221
LT2	249.625	249.625	95.699	27.111	48.093	446.241
LT2	249.75	249.75	96.216	27.67	47.999	430.911
LT2	249.875	249.875	96.803	28.308	47.902	407.48
LT2	250	250	97.371	28.715	47.797	393.658
LT2	250.125	250.125	97.478	28.658	47.682	385.127
LT2	250.25	250.25	96.654	28.187	47.554	384.208
LT2	250.375	250.375	95.293	27.709	47.409	395.907
LT2	250.5	250.5	93.909	27.549	47.247	398.859
LT2	250.625	250.625	92.747	27.788	47.069	383.2
LT2	250.75	250.75	91.56	28.315	46.875	377.063
LT2	250.875	250.875	90.389	29.084	46.668	386.288
LT2	251	251	90.361	30.098	46.449	396.694
LT2	251.125	251.125	91.583	30.991	46.223	412.199
LT2	251.25	251.25	92.827	31.394	45.99	434.367
LT2	251.375	251.375	93.046	31.144	45.749	446.478
LT2	251.5	251.5	92.521	30.628	45.504	448.063
LT2	251.625	251.625	91.78	30.186	45.255	452.005
LT2	251.75	251.75	90.738	29.996	45.006	461.633
LT2	251.875	251.875	89.249	30.078	44.758	468.944
LT2	252	252	87.736	30.453	44.514	472.052
LT2	252.125	252.125	86.36	30.906	44.277	473.32
LT2	252.25	252.25	85.368	31.213	44.048	472.805
LT2	252.375	252.375	85.658	31.24	43.831	473.134
LT2	252.5	252.5	86.837	30.967	43.629	477.184
LT2	252.625	252.625	87.803	30.387	43.442	483.072
LT2	252.75	252.75	88.028	29.508	43.276	485.433
LT2	252.875	252.875	87.898	28.593	43.127	480.569
LT2	253	253	87.579	27.945	42.996	470.162
LT2	253.125	253.125	86.706	27.803	42.882	459.118
LT2	253.25	253.25	85.14	28.043	42.781	449.724
LT2	253.375	253.375	83.414	28.447	42.69	444.587
LT2	253.5	253.5	81.966	28.8	42.605	448.171
LT2	253.625	253.625	81.357	29.053	42.524	456.433
LT2	253.75	253.75	81.878	29.193	42.443	463.8
LT2	253.875	253.875	82.727	29.007	42.358	469.097
LT2	254	254	83.953	28.335	42.268	472.414
LT2	254.125	254.125	86.124	27.32	42.169	473.523
LT2	254.25	254.25	88.526	26.53	42.058	471.805
LT2	254.375	254.375	90.196	26.342	41.935	465.456
LT2	254.5	254.5	90.37	26.841	41.799	456.654
LT2	254.625	254.625	89.495	27.688	41.65	450.19
LT2	254.75	254.75	88.102	28.645	41.488	445.366
LT2	254.875	254.875	86.698	29.43	41.312	442.394
LT2	255	255	86.01	29.945	41.12	443.461
LT2	255.125	255.125	86.337	30.204	40.908	446.988
LT2	255.25	255.25	86.594	30.329	40.67	449.249
LT2	255.375	255.375	85.972	30.396	40.405	450.384
LT2	255.5	255.5	84.123	30.384	40.107	450.353
LT2	255.625	255.625	82.092	30.322	39.771	448.46
LT2	255.75	255.75	81.392	30.282	39.395	446.169
LT2	255.875	255.875	82.723	30.224	38.968	445.623
LT2	256	256	84.85	29.995	38.487	446.972
LT2	256.125	256.125	85.786	29.59	37.949	448.529
LT2	256.25	256.25	84.406	29.067	37.341	446.045
LT2	256.375	256.375	81.495	28.389	36.672	441.166
LT2	256.5	256.5	78.877	27.598	35.944	437.639
LT2	256.625	256.625	78.115	27.168	35.164	433.269
LT2	256.75	256.75	79.233	27.505	34.354	426.733
LT2	256.875	256.875	80.919	28.678	33.53	422.037
LT2	257	257	82.166	30.361	32.716	418.243
LT2	257.125	257.125	82.726	32.204	31.926	411.886
LT2	257.25	257.25	81.973	33.771	31.18	405.294
LT2	257.375	257.375	79.868	34.571	30.485	401.797
LT2	257.5	257.5	77.072	34.546	29.845	399.987
LT2	257.625	257.625	75.154	33.962	29.274	397.999
LT2	257.75	257.75	74.663	33.298	28.774	394.627
LT2	257.875	257.875	74.832	32.777	28.352	389.942
LT2	258	258	74.267	32.514	28.03	383.69
LT2	258.125	258.125	72.757	32.411	27.811	375.876
LT2	258.25	258.25	71.304	32.369	27.716	369.995
LT2	258.375	258.375	71.003	32.241	27.774	368.946
LT2	258.5	258.5	71.596	32.001	27.989	368.584
LT2	258.625	258.625	71.925	31.828	28.385	367.501
LT2	258.75	258.75	71.543	32.097	28.964	366.914
LT2	258.875	258.875	70.469	32.839	29.709	366.36
LT2	259	259	69.358	33.851	30.613	367.674
LT2	259.125	259.125	69.308	35.012	31.631	370.792
LT2	259.25	259.25	70.948	36.373	32.725	373.037
LT2	259.375	259.375	72.879	37.49	33.858	375.394
LT2	259.5	259.5	73.597	37.731	34.992	376.71
LT2	259.625	259.625	72.761	37.039	36.108	373.901
LT2	259.75	259.75	71.563	36.139	37.191	371.204
LT2	259.875	259.875	70.812	35.787	38.242	372.609
LT2	260	260	70.594	36.269	39.257	374.699
LT2	260.125	260.125	70.109	37.511	40.233	374.147
LT2	260.25	260.25	69.008	39.11	41.168	372.921
LT2	260.375	260.375	67.633	40.489	42.054	370.776
LT2	260.5	260.5	66.53	41.039	42.881	366.271
LT2	260.625	260.625	65.713	40.663	43.642	362.803
LT2	260.75	260.75	64.906	39.781	44.311	363.177
LT2	260.875	260.875	64.288	39.379	44.884	361.902
LT2	261	261	63.938	40.1	45.35	356.229
LT2	261.125	261.125	63.179	42.706	45.694	347.617
LT2	261.25	261.25	61.6	47.444	45.933	333.348
LT2	261.375	261.375	58.971	54.153	46.076	315.111
LT2	261.5	261.5	55.381	61.205	46.135	305.623
LT2	261.625	261.625	51.335	66.377	46.136	301.395
LT2	261.75	261.75	48.338	67.511	46.093	302.009
LT2	261.875	261.875	47.406	63.759	46.021	304.924
LT2	262	262	48.194	57.018	45.929	307.53
LT2	262.125	262.125	49.316	50.847	45.819	307.91
LT2	262.25	262.25	49.911	48.482	45.693	306.081
LT2	262.375	262.375	50.046	49.896	45.553	303.371
LT2	262.5	262.5	50.329	53.209	45.398	301.53
LT2	262.625	262.625	51.425	55.913	45.231	301.279
LT2	262.75	262.75	54.178	56.78	45.052	302.518
LT2	262.875	262.875	57.76	55.291	44.861	304.715
LT2	263	263	60.379	52.424	44.66	307.052
LT2	263.125	263.125	60.188	49.035	44.45	308.943
LT2	263.25	263.25	57.884	45.727	44.236	310.079
LT2	263.375	263.375	54.989	42.717	44.022	310.888
LT2	263.5	263.5	53.186	40.249	43.812	312.578
LT2	263.625	263.625	54.116	38.202	43.606	317.022
LT2	263.75	263.75	59.653	36.234	43.406	325.056
LT2	263.875	263.875	69.837	34.097	43.211	336.289
LT2	264	264	82.026	31.782	43.023	347.745
LT2	264.125	264.125	91.72	29.287	42.839	356.53
LT2	264.25	264.25	95.261	26.669	42.659	359.492
LT2	264.375	264.375	92.457	24.301	42.479	357.086
LT2	264.5	264.5	85.867	22.659	42.293	351.165
LT2	264.625	264.625	81.318	22.186	42.097	346.265
LT2	264.75	264.75	82.353	22.582	41.888	347.099
LT2	264.875	264.875	89.579	23.113	41.664	356.648
LT2	265	265	97.85	22.971	41.426	371.917
LT2	265.125	265.125	102.65	22.328	41.179	385.813
LT2	265.25	265.25	101.471	21.972	40.93	391.107
LT2	265.375	265.375	94.485	22.642	40.684	385.109
LT2	265.5	265.5	81.765	24.591	40.444	369.671
LT2	265.625	265.625	66.562	27.749	40.212	349.638
LT2	265.75	265.75	53.781	31.108	39.986	332.914
LT2	265.875	265.875	47.638	33.75	39.763	323.588
LT2	266	266	46.548	35.362	39.54	321.533
LT2	266.125	266.125	47.314	36.811	39.315	322.243
LT2	266.25	266.25	47.421	38.63	39.084	323.143
LT2	266.375	266.375	46.643	40.545	38.846	322.895
LT2	266.5	266.5	46.216	41.77	38.603	321.509
LT2	266.625	266.625	47.642	41.489	38.357	319.456
LT2	266.75	266.75	50.745	39.567	38.112	317.503
LT2	266.875	266.875	54.523	36.589	37.868	316.297
LT2	267	267	57.441	33.459	37.626	317.263
LT2	267.125	267.125	59.736	31.086	37.381	321.784
LT2	267.25	267.25	64.53	29.836	37.13	329.876
LT2	267.375	267.375	75.334	29.754	36.867	339.768
LT2	267.5	267.5	91.103	30.127	36.589	348.132
LT2	267.625	267.625	105.884	30.465	36.302	352.53
LT2	267.75	267.75	114.744	30.358	36.017	351.739
LT2	267.875	267.875	118.3	29.748	35.748	348.424
LT2	268	268	120.309	28.661	35.511	346.44
LT2	268.125	268.125	123.628	27.447	35.321	349.139
LT2	268.25	268.25	128.398	26.458	35.181	355.774
LT2	268.375	268.375	132.272	25.739	35.103	363.222
LT2	268.5	268.5	132.875	25.161	35.089	367.135
LT2	268.625	268.625	128.63	24.824	35.143	365.866
LT2	268.75	268.75	121.037	24.977	35.276	360.104
LT2	268.875	268.875	113.301	25.647	35.486	353.444
LT2	269	269	109.271	26.852	35.776	348.04
LT2	269.125	269.125	109.895	28.467	36.161	344.737
LT2	269.25	269.25	111.958	29.925	36.637	342.307
LT2	269.375	269.375	109.096	30.808	37.219	339.044
LT2	269.5	269.5	99.093	31.183	37.924	333.348
LT2	269.625	269.625	84.084	31.273	38.748	326.135
LT2	269.75	269.75	69.352	31.071	39.704	319.719
LT2	269.875	269.875	58.676	30.752	40.776	316.197
LT2	270	270	53.07	30.896	41.936	315.588
LT2	270.125	270.125	50.18	32.176	43.152	317.43
LT2	270.25	270.25	47.408	34.24	44.379	321.021
LT2	270.375	270.375	45.349	36.19	45.587	326.137
LT2	270.5	270.5	48.333	36.883	46.746	331.915
LT2	270.625	270.625	58.286	36.26	47.848	336.211
LT2	270.75	270.75	72.093	34.911	48.882	337.693
LT2	270.875	270.875	81.968	33.737	49.836	336.709
LT2	271	271	85.19	33.216	50.714	335.078
LT2	271.125	271.125	84.489	33.645	51.507	334.046
LT2	271.25	271.25	82.79	35.118	52.21	334.742
LT2	271.375	271.375	77.939	37.205	52.827	337.407
LT2	271.5	271.5	67.588	39.215	53.345	341.199
LT2	271.625	271.625	55.15	40.655	53.762	344.269
LT2	271.75	271.75	45.451	41.491	54.079	346.299
LT2	271.875	271.875	40.4	41.57	54.277	348.204
LT2	272	272	38.029	40.665	54.364	350.244
LT2	272.125	272.125	36.66	38.732	54.344	351.399
LT2	272.25	272.25	35.874	36.466	54.215	350.33
LT2	272.375	272.375	36.32	35.23	54.007	347.524
LT2	272.5	272.5	38.836	35.841	53.741	344.064
LT2	272.625	272.625	41.827	37.778	53.437	341.397
LT2	272.75	272.75	43.278	39.396	53.119	339.885
LT2	272.875	272.875	42.549	39.434	52.798	338.768
LT2	273	273	41.792	38.025	52.485	336.475
LT2	273.125	273.125	42.931	36.132	52.186	332.865
LT2	273.25	273.25	47.236	34.371	51.907	329.583
LT2	273.375	273.375	55.876	32.923	51.651	328.748
LT2	273.5	273.5	71.201	31.856	51.417	330.468
LT2	273.625	273.625	91.479	31.717	51.21	333.067
LT2	273.75	273.75	110.702	32.763	51.027	334.349
LT2	273.875	273.875	122.01	34.565	50.867	333.966
LT2	274	274	126.359	35.697	50.732	333.579
LT2	274.125	274.125	129.465	35.107	50.619	334.79
LT2	274.25	274.25	135.533	32.92	50.528	337.047
LT2	274.375	274.375	140.896	30.794	50.457	337.006
LT2	274.5	274.5	140.071	30.154	50.402	332.101
LT2	274.625	274.625	131.239	31.739	50.361	321.735
LT2	274.75	274.75	120.323	35.006	50.33	309.363
LT2	274.875	274.875	113.033	38.713	50.304	298.976
LT2	275	275	111.461	41.144	50.279	293.518
LT2	275.125	275.125	113.365	41.656	50.252	291.779
LT2	275.25	275.25	116.421	41.174	50.219	291.384
LT2	275.375	275.375	119.321	41.457	50.175	290.782
LT2	275.5	275.5	121.415	42.486	50.118	291.007
LT2	275.625	275.625	122.318	42.81	50.043	294.023
LT2	275.75	275.75	123.471	40.852	49.946	301.318
LT2	275.875	275.875	126.861	36.962	49.825	311.804
LT2	276	276	133.762	32.088	49.678	323.431
LT2	276.125	276.125	141.955	27.706	49.5	332.567
LT2	276.25	276.25	148.69	24.941	49.291	336.513
LT2	276.375	276.375	150.493	24.585	49.046	333.32
LT2	276.5	276.5	146.07	26.275	48.765	324.295
LT2	276.625	276.625	135.972	29.683	48.45	311.748
LT2	276.75	276.75	124.347	34.822	48.099	298.632
LT2	276.875	276.875	114.727	40.149	47.717	288.525
LT2	277	277	109.472	43.5	47.309	283.864
LT2	277.125	277.125	109.678	43.113	46.876	286.272
LT2	277.25	277.25	115.962	39.961	46.427	294.015
LT2	277.375	277.375	126.916	35.173	45.964	304.833
LT2	277.5	277.5	137.21	30.272	45.49	314.131
LT2	277.625	277.625	143.218	26.834	45.012	318.085
LT2	277.75	277.75	143.222	26.37	44.534	314.633
LT2	277.875	277.875	138.555	29.106	44.062	305.857
LT2	278	278	130.41	34.077	43.604	295.519
LT2	278.125	278.125	121.972	39.847	43.17	287.561
LT2	278.25	278.25	116.06	44.179	42.767	284.234
LT2	278.375	278.375	114.349	45.572	42.402	285.233
LT2	278.5	278.5	116.122	43.656	42.089	288.408
LT2	278.625	278.625	118.987	40.805	41.828	290.672
LT2	278.75	278.75	120.382	38.886	41.625	290.677
LT2	278.875	278.875	119.531	38.881	41.488	288.533
LT2	279	279	117.4	40.02	41.41	285.776
LT2	279.125	279.125	116.615	41.288	41.393	283.721
LT2	279.25	279.25	117.902	41.893	41.431	283.425
LT2	279.375	279.375	120.748	41.581	41.516	285.7
LT2	279.5	279.5	124.438	39.836	41.646	292.175
LT2	279.625	279.625	128.829	36.504	41.814	303.124
LT2	279.75	279.75	134.595	32.18	42.014	316.606
LT2	279.875	279.875	140.814	28.183	42.247	328.503
LT2	280	280	145.108	25.794	42.503	334.334
LT2	280.125	280.125	144.055	25.792	42.779	331.253
LT2	280.25	280.25	136.726	29.324	43.065	318.006
LT2	280.375	280.375	125.397	36.347	43.351	299.499
LT2	280.5	280.5	114.262	45.676	43.627	281.25
LT2	280.625	280.625	106.848	53.837	43.882	268.979
LT2	280.75	280.75	104.876	58.035	44.11	263.508
LT2	280.875	280.875	108.573	57.338	44.301	263.451
LT2	281	281	115.148	53.945	44.45	265.345
LT2	281.125	281.125	120.751	50.535	44.557	266.839
LT2	281.25	281.25	121.673	49.128	44.615	266.873
LT2	281.375	281.375	117.944	50.093	44.627	266.028
LT2	281.5	281.5	111.373	52.53	44.593	265.342
LT2	281.625	281.625	105.29	55.075	44.51	265.986
LT2	281.75	281.75	101.303	56.646	44.384	268.403
LT2	281.875	281.875	99.95	56.227	44.213	273.011
LT2	282	282	101.564	52.524	43.994	280.133
LT2	282.125	282.125	106.967	46.383	43.731	288.691
LT2	282.25	282.25	115.901	39.791	43.419	296.949
LT2	282.375	282.375	124.758	35.17	43.057	302.485
LT2	282.5	282.5	129.864	33.11	42.648	304.021
LT2	282.625	282.625	129.049	33.585	42.186	300.865
LT2	282.75	282.75	123.429	35.402	41.673	294.707
LT2	282.875	282.875	114.134	36.918	41.116	288.055
LT2	283	283	104.045	36.9	40.521	283.252
LT2	283.125	283.125	96.852	36.17	39.91	280.707
LT2	283.25	283.25	96.571	36.039	39.302	279.692
LT2	283.375	283.375	102.59	37.536	38.717	279.073
LT2	283.5	283.5	110.558	40.402	38.166	277.947
LT2	283.625	283.625	115.149	44.089	37.658	276.034
LT2	283.75	283.75	115.338	47.481	37.202	273.709
LT2	283.875	283.875	112.515	49.883	36.799	271.71
LT2	284	284	108.858	51.199	36.456	270.541
LT2	284.125	284.125	105.773	51.887	36.18	270.117
LT2	284.25	284.25	103.638	52.378	35.972	270.027
LT2	284.375	284.375	101.509	53.099	35.845	270.013
LT2	284.5	284.5	98.935	54.366	35.799	270.058
LT2	284.625	284.625	97.223	55.896	35.837	270.238
LT2	284.75	284.75	97.943	56.783	35.978	270.704
LT2	284.875	284.875	100.518	56.269	36.219	272.022
LT2	285	285	103.378	53.518	36.569	275.525
LT2	285.125	285.125	106.079	47.784	37.048	283.297
LT2	285.25	285.25	109.894	40.341	37.639	295.031
LT2	285.375	285.375	116.646	33.109	38.333	309.011
LT2	285.5	285.5	125.623	28.032	39.101	321.561
LT2	285.625	285.625	134.248	25.391	39.904	329.569
LT2	285.75	285.75	138.491	25.357	40.709	330.528
LT2	285.875	285.875	137.953	27.615	41.494	325.354
LT2	286	286	134.223	31.066	42.245	317.231
LT2	286.125	286.125	130.561	34.448	42.953	309.376
LT2	286.25	286.25	128.544	37.058	43.616	303.363
LT2	286.375	286.375	127.924	38.717	44.233	299.371
LT2	286.5	286.5	127.311	39.177	44.796	297.333
LT2	286.625	286.625	126.581	39.117	45.307	296.051
LT2	286.75	286.75	126.671	39.543	45.765	294.463
LT2	286.875	286.875	127.403	41.299	46.164	291.942
LT2	287	287	127.596	44.02	46.508	288.648
LT2	287.125	287.125	125.991	46.909	46.789	284.814
LT2	287.25	287.25	121.913	48.708	47.004	281.326
LT2	287.375	287.375	114.889	48.604	47.154	279.37
LT2	287.5	287.5	107.758	46.573	47.23	279.931
LT2	287.625	287.625	105.875	44.286	47.241	282.502
LT2	287.75	287.75	112.65	42.992	47.197	286.521
LT2	287.875	287.875	123.273	42.919	47.11	292.695
LT2	288	288	129.931	42.505	47.002	301.793
LT2	288.125	288.125	126.926	40.372	46.89	313.837
LT2	288.25	288.25	116.862	36.087	46.787	327.167
LT2	288.375	288.375	104.438	31.381	46.699	338.402
LT2	288.5	288.5	96.429	28.379	46.631	343.972
LT2	288.625	288.625	92.173	28.811	46.586	341.606
LT2	288.75	288.75	93.616	32.271	46.564	333.901
LT2	288.875	288.875	101.661	37.38	46.566	325.167
LT2	289	289	111.802	41.093	46.593	319.883
LT2	289.125	289.125	120.151	41.335	46.64	319.431
LT2	289.25	289.25	125.711	37.452	46.711	324.083
LT2	289.375	289.375	129.693	32.001	46.802	331.305
LT2	289.5	289.5	131.779	27.391	46.913	337.87
LT2	289.625	289.625	130.677	25.175	47.046	340.055
LT2	289.75	289.75	126.631	24.58	47.197	338.023
LT2	289.875	289.875	121.987	24.62	47.366	333.644
LT2	290	290	119.994	24.29	47.553	329.844
LT2	290.125	290.125	122.224	23.428	47.754	327.753
LT2	290.25	290.25	128.334	22.661	47.97	326.538
LT2	290.375	290.375	134.837	23.243	48.199	323.657
LT2	290.5	290.5	138.335	25.749	48.441	317.557
LT2	290.625	290.625	136.273	29.957	48.694	308.281
LT2	290.75	290.75	130.742	34.261	48.958	298.764
LT2	290.875	290.875	126.347	37.113	49.23	292.061
LT2	291	291	127.315	36.927	49.509	290.987
LT2	291.125	291.125	132.888	34.075	49.794	294.847
LT2	291.25	291.25	139.352	29.953	50.083	301.945
LT2	291.375	291.375	143.946	26.56	50.376	310.347
LT2	291.5	291.5	147.447	24.626	50.669	318.834
LT2	291.625	291.625	150.861	23.781	50.962	327.128
LT2	291.75	291.75	154.538	23.315	51.25	335.07
LT2	291.875	291.875	158.546	22.899	51.531	342.39
LT2	292	292	162.435	22.349	51.804	348.413
LT2	292.125	292.125	164.806	21.671	52.066	351.972
LT2	292.25	292.25	164.943	21.199	52.317	352.009
LT2	292.375	292.375	163.446	21.439	52.554	347.231
LT2	292.5	292.5	160.74	22.586	52.779	338.151
LT2	292.625	292.625	156.647	24.759	52.991	325.995
LT2	292.75	292.75	151.659	28.293	53.187	312.588
LT2	292.875	292.875	146.103	32.794	53.369	300.163
LT2	293	293	140.153	37.526	53.536	289.875
LT2	293.125	293.125	134.081	41.524	53.683	281.97
LT2	293.25	293.25	128.9	44.519	53.813	275.751
LT2	293.375	293.375	125.158	46.296	53.922	271.354
LT2	293.5	293.5	122.221	46.498	54.008	269.753
LT2	293.625	293.625	120.169	45.043	54.074	271.799
LT2	293.75	293.75	120.251	41.93	54.118	278.466
LT2	293.875	293.875	123.481	37.902	54.143	288.877
LT2	294	294	129.846	33.673	54.151	300.887
LT2	294.125	294.125	136.667	29.853	54.143	311.55
LT2	294.25	294.25	142.373	26.857	54.123	318.954
LT2	294.375	294.375	146.919	24.779	54.093	323.033
LT2	294.5	294.5	150.971	23.571	54.051	325.071
LT2	294.625	294.625	154.318	22.837	54.001	327.264
LT2	294.75	294.75	156.284	22.313	53.94	330.849
LT2	294.875	294.875	157.522	21.83	53.867	335.854
LT2	295	295	158.791	21.325	53.783	340.658
LT2	295.125	295.125	159.951	20.872	53.687	343.102
LT2	295.25	295.25	160.357	20.711	53.579	341.763
LT2	295.375	295.375	159.807	20.995	53.46	337.265
LT2	295.5	295.5	158.708	21.823	53.331	331.145
LT2	295.625	295.625	157.234	23.057	53.194	325.727
LT2	295.75	295.75	155.17	24.375	53.051	322.249
LT2	295.875	295.875	152.988	25.379	52.905	320.873
LT2	296	296	151.5	26.081	52.758	319.515
LT2	296.125	296.125	150.076	26.854	52.613	315.968
LT2	296.25	296.25	146.455	28.466	52.47	308.722
LT2	296.375	296.375	140.117	31.257	52.333	299.872
LT2	296.5	296.5	132.061	35.223	52.202	293.089
LT2	296.625	296.625	125.026	39.708	52.08	292.115
LT2	296.75	296.75	121.648	43.182	51.967	296.808
LT2	296.875	296.875	123.811	43.671	51.868	305.262
LT2	297	297	130.61	40.845	51.783	313.592
LT2	297.125	297.125	139.415	36.397	51.712	318.962
LT2	297.25	297.25	145.776	32.477	51.657	319.733
LT2	297.375	297.375	148.189	29.649	51.617	318.125
LT2	297.5	297.5	148.589	27.291	51.592	316.948
LT2	297.625	297.625	151.597	25.116	51.583	318.178
LT2	297.75	297.75	157.588	23.329	51.588	321.259
LT2	297.875	297.875	161.792	22.038	51.604	325.867
LT2	298	298	161.625	21.045	51.631	331.998
LT2	298.125	298.125	159.15	20.131	51.666	338.757
LT2	298.25	298.25	157.558	19.368	51.707	344.75
LT2	298.375	298.375	156.344	19.085	51.753	348.666
LT2	298.5	298.5	153.286	19.575	51.8	349.874
LT2	298.625	298.625	148.236	21.202	51.845	347.198
LT2	298.75	298.75	143.052	24.21	51.886	340.63
LT2	298.875	298.875	139.001	28.257	51.92	331.621
LT2	299	299	136.33	31.859	51.943	322.675
LT2	299.125	299.125	135.164	33.669	51.954	315.488
LT2	299.25	299.25	136.593	33.779	51.95	310.05
LT2	299.375	299.375	139.776	33.391	51.929	305.444
LT2	299.5	299.5	141.939	33.45	51.895	300.558
LT2	299.625	299.625	140.539	34.388	51.847	294.809
LT2	299.75	299.75	137.038	36.522	51.789	288.6
LT2	299.875	299.875	133.038	39.307	51.722	283.434
LT2	300	300	128.802	41.536	51.651	281.081
LT2	300.125	300.125	123.534	42.376	51.577	281.695
LT2	300.25	300.25	117.245	42.264	51.503	283.699
LT2	300.375	300.375	111.469	41.888	51.431	285.273
LT2	300.5	300.5	107.718	41.474	51.362	285.685
LT2	300.625	300.625	107.198	40.928	51.297	285.162
LT2	300.75	300.75	109.529	40.359	51.236	283.89
LT2	300.875	300.875	113.511	40.246	51.18	281.983
LT2	301	301	117.793	40.993	51.127	279.619
LT2	301.125	301.125	119.879	42.763	51.079	277.603
LT2	301.25	301.25	118.102	45.288	51.035	277.007
LT2	301.375	301.375	113.009	47.801	50.995	279.249
LT2	301.5	301.5	108.004	48.049	50.96	285.808
LT2	301.625	301.625	105.885	44.656	50.929	296.625
LT2	301.75	301.75	108.667	37.939	50.9	310.347
LT2	301.875	301.875	115.259	30.815	50.872	323.622
LT2	302	302	122.917	25.259	50.842	334.214
LT2	302.125	302.125	128.641	22.068	50.807	340.54
LT2	302.25	302.25	132.181	20.702	50.763	342.88
LT2	302.375	302.375	134.288	20.825	50.708	341.591
LT2	302.5	302.5	135.333	21.985	50.638	337.422
LT2	302.625	302.625	135.501	23.533	50.554	331.977
LT2	302.75	302.75	136.15	25.259	50.455	325.974
LT2	302.875	302.875	137.362	27.258	50.34	319.705
LT2	303	303	137.446	29.389	50.212	313.552
LT2	303.125	303.125	135.222	31.07	50.069	308.269
LT2	303.25	303.25	131.786	31.564	49.913	304.696
LT2	303.375	303.375	128.298	30.617	49.746	303.223
LT2	303.5	303.5	126.295	28.288	49.567	304.021
LT2	303.625	303.625	127.969	25.561	49.381	305.624
LT2	303.75	303.75	134.019	23.496	49.189	306.105
LT2	303.875	303.875	139.056	22.994	48.995	303.614
LT2	304	304	138.946	23.658	48.802	299.067
LT2	304.125	304.125	135.824	24.914	48.615	294.328
LT2	304.25	304.25	135.752	25.957	48.438	292.068
LT2	304.375	304.375	139.187	26.08	48.273	293.617
LT2	304.5	304.5	142.385	24.947	48.125	299.456
LT2	304.625	304.625	143.928	23.2	47.996	308.114
LT2	304.75	304.75	145.94	21.763	47.887	317.04
LT2	304.875	304.875	150.259	21.046	47.802	323.827
LT2	305	305	155.073	20.772	47.738	327.262
LT2	305.125	305.125	157.971	20.615	47.694	327.635
LT2	305.25	305.25	158.7	20.377	47.675	325.665
LT2	305.375	305.375	159.937	20.048	47.678	322.734
LT2	305.5	305.5	163.282	19.708	47.705	319.501
LT2	305.625	305.625	166.272	19.525	47.762	315.874
LT2	305.75	305.75	166.242	19.834	47.846	311.032
LT2	305.875	305.875	161.673	21.12	47.961	304.146
LT2	306	306	154.091	23.678	48.106	295.483
LT2	306.125	306.125	144.864	27.037	48.277	286.667
LT2	306.25	306.25	135.72	30.561	48.472	279.29
LT2	306.375	306.375	128.009	33.745	48.689	274.452
LT2	306.5	306.5	122.193	36.455	48.92	272.494
LT2	306.625	306.625	118.46	38.558	49.164	273.783
LT2	306.75	306.75	115.977	39.954	49.415	277.483
LT2	306.875	306.875	113.915	40.423	49.67	282.697
LT2	307	307	112.731	39.609	49.925	288.494
LT2	307.125	307.125	114.155	38.049	50.178	293.422
LT2	307.25	307.25	119.419	36.568	50.428	296.229
LT2	307.375	307.375	125.36	35.885	50.671	296.342
LT2	307.5	307.5	128.65	35.94	50.906	294.859
LT2	307.625	307.625	127.554	36.689	51.131	292.695
LT2	307.75	307.75	123.933	37.845	51.339	290.806
LT2	307.875	307.875	119.252	38.734	51.527	290.053
LT2	308	308	114.983	38.657	51.69	291.12
LT2	308.125	308.125	112.426	37.744	51.822	293.35
LT2	308.25	308.25	112.702	36.671	51.923	295.478
LT2	308.375	308.375	115.042	35.976	51.986	296.186
LT2	308.5	308.5	117.617	35.875	52.013	294.752
LT2	308.625	308.625	119.143	36.523	52.003	290.927
LT2	308.75	308.75	118.976	37.899	51.951	285.305
LT2	308.875	308.875	116.443	39.44	51.862	280.197
LT2	309	309	111.474	40.474	51.738	277.806
LT2	309.125	309.125	106.507	40.223	51.579	279.764
LT2	309.25	309.25	104.359	38.542	51.392	285.438
LT2	309.375	309.375	106.862	35.437	51.177	294.052
LT2	309.5	309.5	112.955	31.236	50.937	304.659
LT2	309.625	309.625	121.945	26.553	50.676	316.566
LT2	309.75	309.75	132.779	22.258	50.393	328.537
LT2	309.875	309.875	143.328	19.34	50.091	337.922
LT2	310	310	150.332	18.231	49.773	342.508
LT2	310.125	310.125	150.258	19.446	49.441	340.518
LT2	310.25	310.25	142.857	22.735	49.101	334.087
LT2	310.375	310.375	130.82	27.323	48.757	326.071
LT2	310.5	310.5	120.662	31.076	48.418	320.437
LT2	310.625	310.625	115.86	32.198	48.091	319.115
LT2	310.75	310.75	117.588	30.119	47.781	322.132
LT2	310.875	310.875	123.256	26.185	47.497	326.919
LT2	311	311	130.374	22.535	47.241	330.079
LT2	311.125	311.125	134.664	20.863	47.019	328.663
LT2	311.25	311.25	133.472	21.894	46.831	321.726
LT2	311.375	311.375	126.444	25.554	46.675	310.395
LT2	311.5	311.5	117.342	31.552	46.553	296.762
LT2	311.625	311.625	109.595	37.964	46.459	284.702
LT2	311.75	311.75	105.379	42.58	46.391	277.269
LT2	311.875	311.875	105.373	43.228	46.348	277.066
LT2	312	312	109.415	40.709	46.328	282.444
LT2	312.125	312.125	116.999	36.375	46.333	291.437
LT2	312.25	312.25	125.742	31.944	46.368	300.87
LT2	312.375	312.375	133.401	28.706	46.431	307.935
LT2	312.5	312.5	137.132	27.432	46.522	311.066
LT2	312.625	312.625	135.629	27.927	46.639	311.004
LT2	312.75	312.75	130.218	29.223	46.772	310.125
LT2	312.875	312.875	126.466	30.123	46.914	311.112
LT2	313	313	128.204	29.743	47.054	315.374
LT2	313.125	313.125	134.623	28.3	47.185	321.819
LT2	313.25	313.25	139.548	26.789	47.299	327.545
LT2	313.375	313.375	139.433	26.15	47.395	330.514
LT2	313.5	313.5	134.559	26.403	47.47	330.873
LT2	313.625	313.625	129.938	27.141	47.522	329.584
LT2	313.75	313.75	129.598	28.087	47.556	327.267
LT2	313.875	313.875	133.574	29.155	47.574	323.723
LT2	314	314	136.103	30.509	47.579	318.561
LT2	314.125	314.125	133.569	32.754	47.578	311.716
LT2	314.25	314.25	127.504	36.241	47.573	303.762
LT2	314.375	314.375	123.175	39.542	47.564	297.397
LT2	314.5	314.5	123.549	40.618	47.549	295.354
LT2	314.625	314.625	127.325	38.162	47.523	299.607
LT2	314.75	314.75	131.54	33.67	47.483	308.517
LT2	314.875	314.875	133.72	29.092	47.429	319.742
LT2	315	315	132.88	26.014	47.36	330.544
LT2	315.125	315.125	130.004	24.498	47.28	338.668
LT2	315.25	315.25	126.614	24.175	47.193	342.803
LT2	315.375	315.375	123.833	24.508	47.1	342.687
LT2	315.5	315.5	121.892	24.965	47.006	340.018
LT2	315.625	315.625	121.286	25.246	46.911	336.368
LT2	315.75	315.75	123.158	25.204	46.814	333.412
LT2	315.875	315.875	128.666	24.974	46.714	331.748
LT2	316	316	136.744	24.698	46.607	331.11
LT2	316.125	316.125	144.892	24.455	46.489	330.267
LT2	316.25	316.25	150.65	24.33	46.354	328.265
LT2	316.375	316.375	152.369	24.54	46.194	324.529
LT2	316.5	316.5	150.781	25.049	46.004	319.998
LT2	316.625	316.625	147.731	25.542	45.783	316.277
LT2	316.75	316.75	145.69	25.555	45.523	315.338
LT2	316.875	316.875	144.593	25.119	45.231	316.805
LT2	317	317	141.842	24.529	44.908	319.17
LT2	317.125	317.125	135.636	24.306	44.558	320.269
LT2	317.25	317.25	127.305	24.772	44.189	319.223
LT2	317.375	317.375	121.662	26.048	43.804	315.964
LT2	317.5	317.5	121.896	27.836	43.408	311.707
LT2	317.625	317.625	127.516	29.545	43.003	308.057
LT2	317.75	317.75	133.227	30.441	42.593	306.349
LT2	317.875	317.875	135.014	30.398	42.179	306.152
LT2	318	318	132.388	29.895	41.764	306.146
LT2	318.125	318.125	128.198	29.839	41.35	304.714
LT2	318.25	318.25	124.759	30.794	40.941	301.45
LT2	318.375	318.375	122.526	32.687	40.54	296.892
LT2	318.5	318.5	121.128	34.755	40.156	292.762
LT2	318.625	318.625	121.517	36.028	39.79	290.743
LT2	318.75	318.75	125.374	35.889	39.449	291.806
LT2	318.875	318.875	131.262	34.469	39.138	295.487
LT2	319	319	136.631	32.426	38.858	300.2
LT2	319.125	319.125	140.008	30.375	38.612	304.478
LT2	319.25	319.25	143.063	28.857	38.401	307.383
LT2	319.375	319.375	147.066	28.068	38.22	308.882
LT2	319.5	319.5	150.875	27.979	38.07	309.184
LT2	319.625	319.625	152.021	28.2	37.944	308.699
LT2	319.75	319.75	149.646	28.725	37.84	307.248
LT2	319.875	319.875	145.478	30.207	37.756	303.639
LT2	320	320	140.564	33.353	37.687	296.865
LT2	320.125	320.125	134.351	39.143	37.632	286.232
LT2	320.25	320.25	126.121	49.152	37.59	272.34
LT2	320.375	320.375	116.271	63.272	37.557	257.507
LT2	320.5	320.5	106.057	79.633	37.533	244.311
LT2	320.625	320.625	97.337	93.407	37.515	235.173
LT2	320.75	320.75	92.275	100.902	37.503	230.861
LT2	320.875	320.875	91.834	99.533	37.493	232.165
LT2	321	321	94.698	91.03	37.485	238.652
LT2	321.125	321.125	100.189	78.409	37.478	249.51
LT2	321.25	321.25	108.413	65.322	37.47	263.202
LT2	321.375	321.375	118.748	54.806	37.46	276.401
LT2	321.5	321.5	128.37	48.036	37.448	286.596
LT2	321.625	321.625	133.729	44.872	37.433	291.967
LT2	321.75	321.75	134.449	43.692	37.418	293.502
LT2	321.875	321.875	132.877	43.75	37.402	292.62
LT2	322	322	131.665	44.657	37.387	291.411
LT2	322.125	322.125	131.279	45.722	37.374	291.114
LT2	322.25	322.25	131.109	46.023	37.364	292.119
LT2	322.375	322.375	131.45	45.076	37.358	294.298
LT2	322.5	322.5	133.233	43.141	37.356	297.693
LT2	322.625	322.625	136.474	40.511	37.36	302.253
LT2	322.75	322.75	140.329	38.055	37.368	306.691
LT2	322.875	322.875	143.794	36.854	37.382	309.715
LT2	323	323	145.904	38.162	37.402	310.301
LT2	323.125	323.125	145.925	41.831	37.428	308.633
LT2	323.25	323.25	142.912	47.605	37.459	304.412
LT2	323.375	323.375	137.331	54.963	37.496	297.317
LT2	323.5	323.5	129.781	63.189	37.538	288.462
LT2	323.625	323.625	121.131	72.168	37.584	279.487
LT2	323.75	323.75	113.147	81.325	37.633	272.482
LT2	323.875	323.875	108.426	88.434	37.681	268.762
LT2	324	324	109.131	89.999	37.724	269.639
LT2	324.125	324.125	113.509	85.857	37.758	274.208
LT2	324.25	324.25	119.106	78.931	37.781	280.088
LT2	324.375	324.375	123.689	72.317	37.786	284.545
LT2	324.5	324.5	126.562	66.791	37.772	287.091
LT2	324.625	324.625	128.065	62.218	37.739	288.731
LT2	324.75	324.75	129.729	58.681	37.681	290.903
LT2	324.875	324.875	132.687	55.529	37.603	294.504
LT2	325	325	137.037	52.073	37.502	300.012
LT2	325.125	325.125	140.449	48.803	37.378	306.433
LT2	325.25	325.25	141.591	47.11	37.233	311.489
LT2	325.375	325.375	140.709	47.79	37.065	313.306
LT2	325.5	325.5	139.001	49.993	36.873	312.244
LT2	325.625	325.625	137.111	52.628	36.659	309.918
LT2	325.75	325.75	135.955	55.002	36.422	307.755
LT2	325.875	325.875	136.264	56.505	36.165	306.397
LT2	326	326	137.509	56.86	35.89	305.511
LT2	326.125	326.125	138.012	56.478	35.602	303.919
LT2	326.25	326.25	137.415	56.172	35.306	301.129
LT2	326.375	326.375	136.023	55.817	35.009	298.03
LT2	326.5	326.5	134.704	54.099	34.714	296.763
LT2	326.625	326.625	134.376	50.207	34.426	298.189
LT2	326.75	326.75	136.217	44.815	34.147	301.941
LT2	326.875	326.875	140.029	40.296	33.877	306.173
LT2	327	327	143.679	38.204	33.617	309.058
LT2	327.125	327.125	143.584	39.093	33.367	309.32
LT2	327.25	327.25	140.048	42.562	33.127	307.564
LT2	327.375	327.375	135.793	47.772	32.895	305.469
LT2	327.5	327.5	134.274	52.087	32.674	305.078
LT2	327.625	327.625	135.598	52.804	32.464	307.026
LT2	327.75	327.75	138.254	49.775	32.267	310.641
LT2	327.875	327.875	141.167	45.352	32.087	313.945
LT2	328	328	143.488	42.073	31.924	314.986
LT2	328.125	328.125	143.058	40.605	31.778	312.948
LT2	328.25	328.25	140.159	40.522	31.65	308.913
LT2	328.375	328.375	136.799	40.711	31.535	305.174
LT2	328.5	328.5	135.746	40.201	31.433	303.51
LT2	328.625	328.625	136.665	38.971	31.34	303.941
LT2	328.75	328.75	137.553	38.212	31.253	304.376
LT2	328.875	328.875	135.898	40.436	31.172	301.155
LT2	329	329	129.868	47.662	31.1	291.957
LT2	329.125	329.125	118.169	59.726	31.036	277.628
LT2	329.25	329.25	103.945	73.525	30.987	261.966
LT2	329.375	329.375	92.479	83.46	30.953	250.206
LT2	329.5	329.5	88.999	85.39	30.935	245.703
LT2	329.625	329.625	92.462	77.768	30.935	250.193
LT2	329.75	329.75	100.028	65.121	30.95	260.833
LT2	329.875	329.875	109.342	52.351	30.976	274.291
LT2	330	330	118.977	43.25	31.009	286.603
LT2	330.125	330.125	128.122	37.57	31.041	296.041
LT2	330.25	330.25	135.254	34.21	31.069	301.871
LT2	330.375	330.375	139.45	32.406	31.085	304.383
LT2	330.5	330.5	140.849	32.266	31.087	304.115
LT2	330.625	330.625	140.481	34.323	31.073	301.62
LT2	330.75	330.75	138.691	37.762	31.044	298.338
LT2	330.875	330.875	135.277	40.97	31.002	295.424
LT2	331	331	132.011	41.764	30.946	294.115
LT2	331.125	331.125	131.323	40.068	30.877	294.751
LT2	331.25	331.25	134.348	36.942	30.793	297.326
LT2	331.375	331.375	138.501	34.036	30.688	301.118
LT2	331.5	331.5	141.831	32.153	30.56	304.831
LT2	331.625	331.625	143.021	31.78	30.403	307.217
LT2	331.75	331.75	142.108	32.95	30.213	307.621
LT2	331.875	331.875	139.527	34.949	29.992	306.541
LT2	332	332	136.415	36.894	29.737	304.889
LT2	332.125	332.125	134.096	38.152	29.456	303.801
LT2	332.25	332.25	133.423	38.329	29.154	303.899
LT2	332.375	332.375	133.856	36.978	28.836	305.509
LT2	332.5	332.5	134.914	34.821	28.511	307.862
LT2	332.625	332.625	136.603	32.9	28.185	310.182
LT2	332.75	332.75	138.858	31.871	27.862	312.064
LT2	332.875	332.875	141.35	31.068	27.544	313.901
LT2	333	333	143.324	29.875	27.231	316.008
LT2	333.125	333.125	144.532	28.577	26.921	317.981
LT2	333.25	333.25	145.204	27.839	26.611	318.976
LT2	333.375	333.375	145.657	27.979	26.298	318.244
LT2	333.5	333.5	146.059	28.632	25.98	316.073
LT2	333.625	333.625	145.883	29.387	25.655	313.527
LT2	333.75	333.75	145.287	29.945	25.325	312.059
LT2	333.875	333.875	145.264	30.054	24.989	312.607
LT2	334	334	146.719	29.583	24.648	315.284
LT2	334.125	334.125	149.005	28.67	24.304	319.542
LT2	334.25	334.25	151.053	27.638	23.956	324.048
LT2	334.375	334.375	152.651	26.499	23.606	328.108
LT2	334.5	334.5	153.856	25.118	23.256	331.536
LT2	334.625	334.625	154.243	23.752	22.91	334.426
LT2	334.75	334.75	154.162	22.69	22.574	336.47
LT2	334.875	334.875	154.149	21.967	22.255	336.829
LT2	335	335	153.28	21.948	21.962	334.34
LT2	335.125	335.125	148.852	24.046	21.706	326.845
LT2	335.25	335.25	139.38	30.173	21.499	313.407
LT2	335.375	335.375	125.287	41.889	21.349	295.026
LT2	335.5	335.5	109.95	61.815	21.274	274.479
LT2	335.625	335.625	96.609	87.592	21.275	256.175
LT2	335.75	335.75	87.961	112.863	21.355	243.004
LT2	335.875	335.875	84.446	126.731	21.528	236.554
LT2	336	336	85.164	125.546	21.788	234.676
LT2	336.125	336.125	88.37	111.015	22.143	235.448
LT2	336.25	336.25	91.867	91.044	22.604	237.464
LT2	336.375	336.375	95.303	72.738	23.165	240.818
LT2	336.5	336.5	99.412	59.168	23.837	246.575
LT2	336.625	336.625	104.369	49.267	24.617	254.962
LT2	336.75	336.75	109.808	41.684	25.492	264.548
LT2	336.875	336.875	115.338	37.274	26.46	272.778
LT2	337	337	120.014	35.958	27.497	277.992
LT2	337.125	337.125	122.144	36.042	28.584	280.605
LT2	337.25	337.25	122.213	35.505	29.723	282.178
LT2	337.375	337.375	122.979	34.164	30.901	284.194
LT2	337.5	337.5	126.376	32.392	32.068	287.134
LT2	337.625	337.625	129.912	30.334	33.202	291.012
LT2	337.75	337.75	131.321	28.411	34.286	294.857
LT2	337.875	337.875	131.503	27.525	35.307	297.222
LT2	338	338	132.97	27.819	36.257	297.667
LT2	338.125	338.125	135.888	28.104	37.139	297.93
LT2	338.25	338.25	139.024	27.257	37.949	300.384
LT2	338.375	338.375	143	25.441	38.691	306.011
LT2	338.5	338.5	148.962	23.315	39.368	314.336
LT2	338.625	338.625	155.43	21.193	39.969	324.404
LT2	338.75	338.75	159.996	19.245	40.502	334.084
LT2	338.875	338.875	161.839	17.924	40.969	341.57
LT2	339	339	162.307	17.693	41.372	345.52
LT2	339.125	339.125	161.889	18.245	41.73	346.595
LT2	339.25	339.25	159.903	19.382	42.053	345.113
LT2	339.375	339.375	156.467	20.912	42.357	341.121
LT2	339.5	339.5	152.329	22.572	42.656	334.725
LT2	339.625	339.625	148.66	24.384	42.961	325.35
LT2	339.75	339.75	145.129	26.85	43.281	312.679
LT2	339.875	339.875	139.555	30.591	43.622	297.383
LT2	340	340	129.521	36.623	43.99	280.82
LT2	340.125	340.125	116.595	45.735	44.383	265.213
LT2	340.25	340.25	104.691	57.543	44.8	252.184
LT2	340.375	340.375	96.241	69.506	45.235	243.506
LT2	340.5	340.5	90.955	78.085	45.679	238.98
LT2	340.625	340.625	88.174	81.095	46.124	238.299
LT2	340.75	340.75	87.353	77.854	46.561	240.788
LT2	340.875	340.875	88.847	70.911	46.982	245.046
LT2	341	341	93.224	62.827	47.383	249.948
LT2	341.125	341.125	99.109	55.931	47.753	254.112
LT2	341.25	341.25	104.305	50.464	48.09	256.963
LT2	341.375	341.375	106.871	46.047	48.381	259.107
LT2	341.5	341.5	108.493	42.093	48.619	263.084
LT2	341.625	341.625	112.065	38.058	48.801	270.995
LT2	341.75	341.75	119.777	33.792	48.914	283.24
LT2	341.875	341.875	130.178	30.31	48.964	295.708
LT2	342	342	138.13	28.778	48.95	303.903
LT2	342.125	342.125	137.91	30.413	48.867	303.277
LT2	342.25	342.25	129.402	34.966	48.726	294.75
LT2	342.375	342.375	117.158	41.416	48.53	281.022
LT2	342.5	342.5	106.736	46.919	48.282	267.633
LT2	342.625	342.625	100.34	49.292	47.993	259.179
LT2	342.75	342.75	100.126	47.65	47.667	258.512
LT2	342.875	342.875	106.247	43.035	47.31	265.33
LT2	343	343	117.444	37.023	46.932	277.253
LT2	343.125	343.125	129.307	31.138	46.536	291.882
LT2	343.25	343.25	138.503	26.587	46.131	306.092
LT2	343.375	343.375	144.143	23.623	45.721	317.957
LT2	343.5	343.5	147.632	22.151	45.312	326.055
LT2	343.625	343.625	150.472	21.674	44.909	331.11
LT2	343.75	343.75	152.869	21.971	44.52	333.95
LT2	343.875	343.875	154.031	22.814	44.151	335.498
LT2	344	344	153.456	23.977	43.804	336.375
LT2	344.125	344.125	152.01	25.304	43.483	336.462
LT2	344.25	344.25	151.028	26.356	43.187	335.479
LT2	344.375	344.375	150.73	26.841	42.914	333.539
LT2	344.5	344.5	150.474	26.995	42.664	330.617
LT2	344.625	344.625	149.278	27.788	42.435	326.571
LT2	344.75	344.75	146.17	29.482	42.226	321.587
LT2	344.875	344.875	142.078	31.293	42.037	316.482
LT2	345	345	139.065	32.483	41.866	312.099
LT2	345.125	345.125	138.741	33.43	41.713	308.295
LT2	345.25	345.25	138.843	34.99	41.578	304.205
LT2	345.375	345.375	136.403	37.258	41.46	299.193
LT2	345.5	345.5	130.293	39.909	41.357	292.908
LT2	345.625	345.625	122.827	42.596	41.268	285.16
LT2	345.75	345.75	115.871	45.328	41.189	276.559
LT2	345.875	345.875	110.274	48.917	41.115	267.921
LT2	346	346	105.047	55.581	41.04	259.582
LT2	346.125	346.125	99.025	67.364	40.957	251.223
LT2	346.25	346.25	92.1	83.754	40.859	243.288
LT2	346.375	346.375	86.071	95.864	40.744	237.784
LT2	346.5	346.5	84.076	95.443	40.61	236.458
LT2	346.625	346.625	88.382	80.571	40.453	240.378
LT2	346.75	346.75	96.919	62.6	40.273	247.731
LT2	346.875	346.875	105.196	49.421	40.072	257.12
LT2	347	347	110.504	42.334	39.849	267.648
LT2	347.125	347.125	114.767	37.333	39.612	278.938
LT2	347.25	347.25	122.137	32.794	39.366	291.049
LT2	347.375	347.375	132.466	28.334	39.12	303.663
LT2	347.5	347.5	142.93	24.101	38.881	315.712
LT2	347.625	347.625	150.353	20.812	38.649	325.493
LT2	347.75	347.75	153.946	19.184	38.427	331.328
LT2	347.875	347.875	154.42	19.317	38.214	332.221
LT2	348	348	151.453	21.572	38.013	326.333
LT2	348.125	348.125	143.289	26.572	37.828	313.699
LT2	348.25	348.25	128.226	35.436	37.66	295.504
LT2	348.375	348.375	110.248	50.441	37.52	274.211
LT2	348.5	348.5	95.225	70.583	37.409	253.899
LT2	348.625	348.625	87.263	91.868	37.334	237.981
LT2	348.75	348.75	84.13	106.142	37.306	230.191
LT2	348.875	348.875	84.681	109.053	37.327	231.195
LT2	349	349	90.841	99.197	37.404	241.296
LT2	349.125	349.125	103.506	80.423	37.542	258.587
LT2	349.25	349.25	121.164	59.022	37.734	279.623
LT2	349.375	349.375	138.996	41.191	37.979	300.461
LT2	349.5	349.5	152.925	30.375	38.26	316.408
LT2	349.625	349.625	159.458	25.566	38.561	324.474
LT2	349.75	349.75	157.126	25.356	38.875	322.017
LT2	349.875	349.875	147.849	27.997	39.195	311.839
LT2	350	350	134.884	32.067	39.52	297.954
LT2	350.125	350.125	123.241	35.179	39.85	286.009
LT2	350.25	350.25	116.55	36.025	40.185	279.568
LT2	350.375	350.375	117.541	34.526	40.526	280.037
LT2	350.5	350.5	123.479	31.675	40.874	285.918
LT2	350.625	350.625	129.812	29.033	41.229	293.037
LT2	350.75	350.75	131.215	28.076	41.591	297.616
LT2	350.875	350.875	127.967	29.142	41.959	298.595
LT2	351	351	123.181	31.375	42.331	298.129
LT2	351.125	351.125	122.12	33.951	42.703	298.873
LT2	351.25	351.25	126.462	36.161	43.07	301.786
LT2	351.375	351.375	133.914	37.065	43.43	306.351
LT2	351.5	351.5	140.136	35.397	43.78	311.316
LT2	351.625	351.625	143.66	31.845	44.122	315.007
LT2	351.75	351.75	144.805	27.707	44.458	316.32
LT2	351.875	351.875	144.269	24.665	44.789	314.544
LT2	352	352	141.235	23.66	45.115	309.986
LT2	352.125	352.125	134.653	25.215	45.434	303.192
LT2	352.25	352.25	126.043	28.852	45.739	296.346
LT2	352.375	352.375	118.788	33.256	46.03	291.423
LT2	352.5	352.5	117.085	37.161	46.3	288.731
LT2	352.625	352.625	119.786	40.329	46.548	285.821
LT2	352.75	352.75	121.694	44.308	46.772	280.295
LT2	352.875	352.875	116.776	52.122	46.966	270.72
LT2	353	353	106.238	63.16	47.129	259.463
LT2	353.125	353.125	96.274	73.289	47.26	250.342
LT2	353.25	353.25	92.907	76.46	47.353	248.263
LT2	353.375	353.375	96.56	72.154	47.411	253.39
LT2	353.5	353.5	104.266	62.511	47.43	263.62
LT2	353.625	353.625	111.995	51.433	47.408	274.419
LT2	353.75	353.75	118.037	41.88	47.345	282.316
LT2	353.875	353.875	121.585	35.816	47.242	285.591
LT2	354	354	123.066	33.343	47.1	284.959
LT2	354.125	354.125	123.049	33.126	46.926	282.538
LT2	354.25	354.25	122.529	34.049	46.724	280.688
LT2	354.375	354.375	122.406	35.084	46.502	281.216
LT2	354.5	354.5	123.846	35.514	46.264	284.361
LT2	354.625	354.625	127.196	34.505	46.011	289.187
LT2	354.75	354.75	131.828	32.369	45.747	293.432
LT2	354.875	354.875	136.586	30.076	45.473	295.361
LT2	355	355	138.922	29.257	45.193	293.73
LT2	355.125	355.125	136.908	30.76	44.914	289.58
LT2	355.25	355.25	130.72	34.338	44.642	284.979
LT2	355.375	355.375	124.042	37.674	44.385	283.365
LT2	355.5	355.5	120.731	38.716	44.147	286.455
LT2	355.625	355.625	123.356	36.515	43.933	294.475
LT2	355.75	355.75	130.12	32.146	43.751	305.013
LT2	355.875	355.875	138.184	27.238	43.603	315.234
LT2	356	356	143.768	23.484	43.5	321.953
LT2	356.125	356.125	146.183	21.684	43.444	324.076
LT2	356.25	356.25	146.808	21.466	43.436	322.647
LT2	356.375	356.375	147.405	21.918	43.479	320.019
LT2	356.5	356.5	147.994	22.528	43.567	317.967
LT2	356.625	356.625	147.617	23.216	43.7	316.615
LT2	356.75	356.75	146.13	23.843	43.883	315.471
LT2	356.875	356.875	144.021	24.325	44.114	314.274
LT2	357	357	141.817	24.461	44.399	313.144
LT2	357.125	357.125	139.353	24.176	44.74	312.389
LT2	357.25	357.25	136.718	24.083	45.131	312.028
LT2	357.375	357.375	135.005	25.435	45.566	311.863
LT2	357.5	357.5	133.768	29.134	46.032	311.572
LT2	357.625	357.625	131.64	35.36	46.515	310.846
LT2	357.75	357.75	128.243	43.443	47.007	309.115
LT2	357.875	357.875	124.816	50.132	47.497	306.301
LT2	358	358	122.872	51.904	47.979	302.749
LT2	358.125	358.125	121.899	46.955	48.442	299.039
LT2	358.25	358.25	121.414	39.143	48.882	295.252
LT2	358.375	358.375	122.159	32.682	49.294	291.067
LT2	358.5	358.5	123.508	30.056	49.672	286.538
LT2	358.625	358.625	123.78	30.318	50.018	282.454
LT2	358.75	358.75	122.529	32.094	50.33	279.973
LT2	358.875	358.875	122.267	33.818	50.606	280.118
LT2	359	359	125.299	34.559	50.846	283.288
LT2	359.125	359.125	130.619	33.636	51.043	289.458
LT2	359.25	359.25	135.11	31.557	51.195	296.42
LT2	359.375	359.375	137.212	29.5	51.301	301.748
LT2	359.5	359.5	137.694	29.001	51.352	303.284
LT2	359.625	359.625	136.73	29.996	51.361	301.956
LT2	359.75	359.75	133.913	31.609	51.334	299.348
LT2	359.875	359.875	130.73	32.688	51.277	297.479
LT2	360	360	129.328	32.957	51.201	297.301
LT2	360.125	360.125	131.449	32.438	51.112	298.969
LT2	360.25	360.25	135.189	31.326	51.015	301.658
LT2	360.375	360.375	138.253	30.058	50.916	304.233
LT2	360.5	360.5	140.024	29.124	50.817	305.549
LT2	360.625	360.625	141.314	28.589	50.72	304.631
LT2	360.75	360.75	141.437	28.703	50.625	300.65
LT2	360.875	360.875	137.952	30.394	50.531	292.519
LT2	361	361	130.178	33.384	50.438	281.737
LT2	361.125	361.125	120.654	36.419	50.347	271.092
LT2	361.25	361.25	114.109	37.956	50.259	265.059
LT2	361.375	361.375	113.116	37.759	50.176	265.593
LT2	361.5	361.5	119.421	35.908	50.102	272.623
LT2	361.625	361.625	129.765	32.97	50.037	282.772
LT2	361.75	361.75	139.132	30.263	49.984	291.414
LT2	361.875	361.875	141.408	29.316	49.94	294.862
LT2	362	362	136.453	30.466	49.903	292.5
LT2	362.125	362.125	127.369	32.744	49.868	286.748
LT2	362.25	362.25	119.218	35.247	49.831	280.781
LT2	362.375	362.375	115.117	37.602	49.791	277.061
LT2	362.5	362.5	116.088	39.57	49.744	276.114
LT2	362.625	362.625	118.91	40.418	49.69	277.606
LT2	362.75	362.75	120.254	39.975	49.628	279.931
LT2	362.875	362.875	119.511	38.515	49.559	282.15
LT2	363	363	119.937	36.146	49.485	284.193
LT2	363.125	363.125	122.991	32.79	49.408	286.667
LT2	363.25	363.25	127.323	28.905	49.329	289.543
LT2	363.375	363.375	130.942	26.267	49.247	291.655
LT2	363.5	363.5	132.562	26.066	49.164	292.17
LT2	363.625	363.625	131.026	28.554	49.079	291.092
LT2	363.75	363.75	127.036	32.195	48.991	289.764
LT2	363.875	363.875	123.366	35.165	48.9	289.487
LT2	364	364	123.283	35.787	48.807	291.085
LT2	364.125	364.125	126.121	34.374	48.714	293.505
LT2	364.25	364.25	128.694	32.069	48.622	295.382
LT2	364.375	364.375	129.029	30.135	48.534	295.929
LT2	364.5	364.5	128.461	29.062	48.452	295.905
LT2	364.625	364.625	128.984	28.833	48.378	295.971
LT2	364.75	364.75	129.726	29.03	48.312	296.33
LT2	364.875	364.875	129.129	29.307	48.256	296.823
LT2	365	365	126.779	29.702	48.211	297.169
LT2	365.125	365.125	124.826	30.459	48.177	296.761
LT2	365.25	365.25	123.905	31.766	48.153	295.078
LT2	365.375	365.375	122.395	33.957	48.138	291.575
LT2	365.5	365.5	118.953	36.973	48.13	286.344
LT2	365.625	365.625	114.041	40.13	48.123	280.168
LT2	365.75	365.75	110.776	41.854	48.115	275.542
LT2	365.875	365.875	111.851	41.159	48.102	275.225
LT2	366	366	119.152	38.012	48.081	280.502
LT2	366.125	366.125	129.973	33.464	48.049	290.354
LT2	366.25	366.25	140.187	29.003	48.005	301.328
LT2	366.375	366.375	146.482	25.795	47.946	310.76
LT2	366.5	366.5	149.114	24.679	47.872	317.192
LT2	366.625	366.625	149.696	25.446	47.784	321.301
LT2	366.75	366.75	150.105	27.412	47.681	324.268
LT2	366.875	366.875	150.93	29.293	47.566	327.236
LT2	367	367	151.854	30.359	47.436	330.015
LT2	367.125	367.125	152.405	30.419	47.291	330.829
LT2	367.25	367.25	152.18	30.148	47.129	327.792
LT2	367.375	367.375	148.923	30.252	46.949	320.414
LT2	367.5	367.5	140.168	31.419	46.748	309.902
LT2	367.625	367.625	128.125	33.764	46.532	299.151
LT2	367.75	367.75	119.407	37.221	46.303	289.884
LT2	367.875	367.875	116.676	41.088	46.067	283.046
LT2	368	368	116.117	44.192	45.828	278.284
LT2	368.125	368.125	112.874	45.633	45.592	274.876
LT2	368.25	368.25	109.2	45.536	45.363	271.671
LT2	368.375	368.375	108.937	44.273	45.144	268.673
LT2	368.5	368.5	112.204	41.656	44.938	267.249
LT2	368.625	368.625	115.626	38.143	44.744	268.442
LT2	368.75	368.75	117.567	34.85	44.563	271.93
LT2	368.875	368.875	118.825	32.886	44.394	276.871
LT2	369	369	119.827	31.624	44.236	282.144
LT2	369.125	369.125	120.445	30.477	44.091	286.916
LT2	369.25	369.25	120.919	30.104	43.959	290.094
LT2	369.375	369.375	121.69	30.707	43.841	291.8
LT2	369.5	369.5	123.769	31.358	43.738	292.868
LT2	369.625	369.625	127.619	31.08	43.649	294.255
LT2	369.75	369.75	132.719	30.247	43.572	296.038
LT2	369.875	369.875	136.532	29.238	43.509	297.92
LT2	370	370	137.865	27.853	43.456	299.494
LT2	370.125	370.125	137.512	26.236	43.413	300.706
LT2	370.25	370.25	137.58	24.844	43.381	302.188
LT2	370.375	370.375	138.792	23.442	43.359	305
LT2	370.5	370.5	141.132	21.715	43.349	309.419
LT2	370.625	370.625	144.526	20.115	43.353	314.694
LT2	370.75	370.75	147.974	19.183	43.372	319.562
LT2	370.875	370.875	149.603	18.825	43.408	323.413
LT2	371	371	149.793	18.706	43.463	325.833
LT2	371.125	371.125	150.166	18.647	43.532	327.019
LT2	371.25	371.25	151.905	18.367	43.616	327.528
LT2	371.375	371.375	153.515	17.675	43.709	328.146
LT2	371.5	371.5	153.663	16.969	43.809	328.824
LT2	371.625	371.625	152.63	16.899	43.914	328.885
LT2	371.75	371.75	150.978	17.67	44.024	327.639
LT2	371.875	371.875	147.676	19.161	44.142	324.447
LT2	372	372	141.084	21.639	44.269	317.862
LT2	372.125	372.125	131.355	25.484	44.405	307.569
LT2	372.25	372.25	120.469	30.977	44.547	294.083
LT2	372.375	372.375	110.626	37.848	44.694	279.12
LT2	372.5	372.5	102.296	44.322	44.84	265.214
LT2	372.625	372.625	95.616	48.491	44.981	254.504
LT2	372.75	372.75	91.005	49.234	45.109	248.411
LT2	372.875	372.875	89.061	47.307	45.217	246.159
LT2	373	373	89.911	43.707	45.301	246.594
LT2	373.125	373.125	92.293	40.101	45.357	248.085
LT2	373.25	373.25	94.74	37.85	45.387	250.083
LT2	373.375	373.375	96.219	37.381	45.393	253.485
LT2	373.5	373.5	97.786	37.009	45.38	259.545
LT2	373.625	373.625	101.991	35.455	45.354	268.283
LT2	373.75	373.75	109.458	32.709	45.318	278.109
LT2	373.875	373.875	117.468	29.86	45.277	286.579
LT2	374	374	122.326	27.37	45.232	292.332
LT2	374.125	374.125	123.812	25.899	45.185	294.61
LT2	374.25	374.25	123.793	26.382	45.136	294.016
LT2	374.375	374.375	123.462	29.094	45.087	291.432
LT2	374.5	374.5	121.365	32.268	45.039	288.712
LT2	374.625	374.625	116.916	33.994	44.992	287.158
LT2	374.75	374.75	113.736	33.457	44.951	287.407
LT2	374.875	374.875	115.292	31.342	44.921	289.207
LT2	375	375	121.409	28.634	44.908	291.839
LT2	375.125	375.125	127.357	26.576	44.919	294.01
LT2	375.25	375.25	130.74	25.934	44.959	294.859
LT2	375.375	375.375	132.162	26.313	45.027	294.928
LT2	375.5	375.5	133.441	26.547	45.129	295.925
LT2	375.625	375.625	135.46	26.165	45.257	298.401
LT2	375.75	375.75	138.134	25.474	45.412	301.409
LT2	375.875	375.875	139.421	25.155	45.59	302.917
LT2	376	376	137.197	25.746	45.787	302.001
LT2	376.125	376.125	131.18	27.433	46.001	298.98
LT2	376.25	376.25	124.994	29.24	46.228	296.085
LT2	376.375	376.375	122.302	30.02	46.462	295.307
LT2	376.5	376.5	124.413	29.268	46.701	297.435
LT2	376.625	376.625	129.231	27.825	46.942	300.658
LT2	376.75	376.75	134.192	26.442	47.18	303.156
LT2	376.875	376.875	136.851	25.509	47.413	303.979
LT2	377	377	137.5	24.899	47.638	304.138
LT2	377.125	377.125	137.581	24.452	47.852	304.843
LT2	377.25	377.25	138.396	24.028	48.046	307.105
LT2	377.375	377.375	140.644	23.61	48.22	310.262
LT2	377.5	377.5	143.924	23.345	48.369	312.504
LT2	377.625	377.625	146.003	23.762	48.49	311.402
LT2	377.75	377.75	144.298	25.572	48.583	306.423
LT2	377.875	377.875	137.082	29.483	48.646	297.999
LT2	378	378	127.003	35.06	48.678	288.066
LT2	378.125	378.125	117.454	41.126	48.682	278.585
LT2	378.25	378.25	110.845	45.938	48.652	271.911
LT2	378.375	378.375	107.798	48.179	48.591	269.227
LT2	378.5	378.5	108.995	47.39	48.496	270.852
LT2	378.625	378.625	114.134	43.55	48.365	277.081
LT2	378.75	378.75	122.595	38.177	48.201	286.468
LT2	378.875	378.875	132.627	32.73	48.006	297.396
LT2	379	379	141.408	28.811	47.785	307.557
LT2	379.125	379.125	147.172	26.587	47.545	315.626
LT2	379.25	379.25	149.597	25.596	47.29	320.428
LT2	379.375	379.375	150.012	25.581	47.027	320.811
LT2	379.5	379.5	147.877	26.814	46.762	316.583
LT2	379.625	379.625	141.419	29.578	46.499	307.935
LT2	379.75	379.75	131.586	33.416	46.241	296.983
LT2	379.875	379.875	121.466	37.329	45.99	286.23
LT2	380	380	115.542	39.323	45.748	279.264
LT2	380.125	380.125	116.061	38.219	45.512	277.736
LT2	380.25	380.25	123.038	34.358	45.282	281.47
LT2	380.375	380.375	131.346	29.845	45.057	288.689
LT2	380.5	380.5	137.105	26.643	44.835	296.994
LT2	380.625	380.625	139.653	25.395	44.618	305.267
LT2	380.75	380.75	142.399	26.046	44.408	312.63
LT2	380.875	380.875	146.573	28.171	44.207	318.147
LT2	381	381	149.822	31.559	44.018	320.011
LT2	381.125	381.125	149.349	35.972	43.842	316.306
LT2	381.25	381.25	143.406	41.747	43.676	306.292
LT2	381.375	381.375	132.443	49.45	43.517	290.239
LT2	381.5	381.5	118.843	57.755	43.361	272.519
LT2	381.625	381.625	105.552	64.53	43.203	257.711
LT2	381.75	381.75	96.583	67.54	43.038	250.45
LT2	381.875	381.875	94.552	67.116	42.86	250.396
LT2	382	382	100.358	63.636	42.666	256.431
LT2	382.125	382.125	109.372	57.363	42.449	266.711
LT2	382.25	382.25	118.511	49.955	42.211	278.762
LT2	382.375	382.375	127.32	43.537	41.947	290.65
LT2	382.5	382.5	136.232	39.264	41.659	300.802
LT2	382.625	382.625	143.532	36.446	41.35	308.578
LT2	382.75	382.75	146.127	34.502	41.022	312.956
LT2	382.875	382.875	144.665	33.388	40.681	313.751
LT2	383	383	141.988	32.936	40.33	311.828
LT2	383.125	383.125	140.668	32.588	39.972	308.266
LT2	383.25	383.25	140.24	32.611	39.609	303.271
LT2	383.375	383.375	137.531	34.437	39.243	295.573
LT2	383.5	383.5	129.28	41.113	38.874	283.462
LT2	383.625	383.625	114.85	54.25	38.507	267.917
LT2	383.75	383.75	96.522	72.949	38.145	251.31
LT2	383.875	383.875	80.896	89.145	37.793	238.092
LT2	384	384	73.378	94.166	37.457	231.084
LT2	384.125	384.125	76.363	84.314	37.146	231.617
LT2	384.25	384.25	84.829	66.717	36.868	237.916
LT2	384.375	384.375	93.628	49.896	36.626	247.476
LT2	384.5	384.5	100.322	38.953	36.43	258.466
LT2	384.625	384.625	106.885	33.121	36.282	269.63
LT2	384.75	384.75	115.322	30.548	36.181	280.751
LT2	384.875	384.875	124.906	29.758	36.137	291.768
LT2	385	385	134.331	29.674	36.143	302.043
LT2	385.125	385.125	142.555	30.375	36.2	310.259
LT2	385.25	385.25	147.69	32.459	36.306	314.248
LT2	385.375	385.375	147.339	35.855	36.453	313.027
LT2	385.5	385.5	139.56	40.169	36.638	306.006
LT2	385.625	385.625	127.475	44.326	36.856	294.785
LT2	385.75	385.75	115.563	46.678	37.098	282.473
LT2	385.875	385.875	108.9	45.345	37.359	272.267
LT2	386	386	107.979	40.908	37.631	265.963
LT2	386.125	386.125	110.518	35.87	37.905	263.039
LT2	386.25	386.25	111.929	33.154	38.173	261.987
LT2	386.375	386.375	110.502	32.9	38.428	261.313
LT2	386.5	386.5	107.567	33.773	38.663	261.198
LT2	386.625	386.625	106.919	34.156	38.873	262.914
LT2	386.75	386.75	110.626	33.274	39.057	266.962
LT2	386.875	386.875	117.079	31.072	39.215	273.211
LT2	387	387	122.005	28.083	39.343	280.605
LT2	387.125	387.125	124.733	24.988	39.444	287.823
LT2	387.25	387.25	128.056	22.495	39.512	293.735
LT2	387.375	387.375	133.05	21.307	39.548	297.538
LT2	387.5	387.5	136.436	21.54	39.554	299.187
LT2	387.625	387.625	134.267	23.017	39.532	298.898
LT2	387.75	387.75	128.382	25.156	39.489	297.742
LT2	387.875	387.875	124.408	27.444	39.432	296.811
LT2	388	388	127.385	28.748	39.37	297.586
LT2	388.125	388.125	135.09	28.293	39.313	300.342
LT2	388.25	388.25	141.224	26.423	39.268	304.2
LT2	388.375	388.375	142.838	24.728	39.244	307.073
LT2	388.5	388.5	141.459	24.136	39.242	307.77
LT2	388.625	388.625	139.742	24.476	39.263	306.188
LT2	388.75	388.75	137.824	25.3	39.305	303.406
LT2	388.875	388.875	134.82	26.681	39.364	300.711
LT2	389	389	132.159	28.761	39.437	299.064
LT2	389.125	389.125	130.909	31.083	39.518	298.579
LT2	389.25	389.25	130.705	33.298	39.604	298.496
LT2	389.375	389.375	130.235	35.535	39.694	297.357
LT2	389.5	389.5	128.463	38.129	39.784	293.971
LT2	389.625	389.625	124.57	41.42	39.874	287.883
LT2	389.75	389.75	118.072	46.41	39.959	279.154
LT2	389.875	389.875	109.024	53.082	40.036	269.284
LT2	390	390	99.525	59.384	40.099	259.956
LT2	390.125	390.125	93.005	61.251	40.138	253.384
LT2	390.25	390.25	91.677	57.977	40.15	250.357
LT2	390.375	390.375	95.875	51.67	40.126	250.939
LT2	390.5	390.5	102.207	45.919	40.061	253.957
LT2	390.625	390.625	107.108	41.807	39.957	258.099
LT2	390.75	390.75	108.853	39.299	39.81	262.421
LT2	390.875	390.875	109.603	38.046	39.626	266.512
LT2	391	391	111.805	37.634	39.412	270.632
LT2	391.125	391.125	115.425	37.332	39.169	275.07
LT2	391.25	391.25	118.81	36.657	38.909	279.263
LT2	391.375	391.375	121.157	35.599	38.635	282.377
LT2	391.5	391.5	123.102	34.283	38.353	283.688
LT2	391.625	391.625	124.435	33.125	38.066	283.283
LT2	391.75	391.75	124.15	32.625	37.777	281.358
LT2	391.875	391.875	122.229	33.12	37.491	279.267
LT2	392	392	119.773	35.017	37.211	279.068
LT2	392.125	392.125	119.505	38.956	36.943	282.779
LT2	392.25	392.25	122.888	43.93	36.693	290.649
LT2	392.375	392.375	129.917	47.874	36.466	301.467
LT2	392.5	392.5	138.898	49.386	36.268	313.303
LT2	392.625	392.625	148.402	49.711	36.102	323.074
LT2	392.75	392.75	156.881	50.224	35.969	328.153
LT2	392.875	392.875	160.963	51.061	35.874	325.629
LT2	393	393	156.966	51.671	35.815	316.231
LT2	393.125	393.125	142.612	52.009	35.79	301.282
LT2	393.25	393.25	123.667	51.438	35.802	284.097
LT2	393.375	393.375	106.872	49.08	35.843	268.713
LT2	393.5	393.5	98.507	44.731	35.914	258.447
LT2	393.625	393.625	97.444	39.874	36.012	254.449
LT2	393.75	393.75	100.05	36.081	36.134	254.785
LT2	393.875	393.875	101.852	33.996	36.281	256.67
LT2	394	394	101.556	33.425	36.45	257.209
LT2	394.125	394.125	99.676	34.486	36.639	255.486
LT2	394.25	394.25	97.66	37.412	36.846	251.669
LT2	394.375	394.375	96.24	41.713	37.063	247.068
LT2	394.5	394.5	94.656	47.155	37.287	242.375
LT2	394.625	394.625	91.644	53.786	37.51	237.912
LT2	394.75	394.75	87.185	60.903	37.728	233.966
LT2	394.875	394.875	82.768	66.135	37.935	231.343
LT2	395	395	80.439	65.264	38.127	231.236
LT2	395.125	395.125	81.273	58.269	38.303	233.732
LT2	395.25	395.25	85.065	48.964	38.461	238.22
LT2	395.375	395.375	88.755	42.908	38.601	243.218
LT2	395.5	395.5	89.342	41.109	38.724	247.776
LT2	395.625	395.625	87.753	42.383	38.83	251.238
LT2	395.75	395.75	88.047	44.951	38.92	253.391
LT2	395.875	395.875	91.859	47.395	38.995	254.182
LT2	396	396	95.582	47.555	39.053	253.322
LT2	396.125	396.125	96.464	45.989	39.096	250.777
LT2	396.25	396.25	94.816	45.12	39.123	246.611
LT2	396.375	396.375	93.192	46.989	39.134	242.099
LT2	396.5	396.5	92.409	49.727	39.132	239.171
LT2	396.625	396.625	92.568	50.535	39.12	239.175
LT2	396.75	396.75	93.957	48.389	39.104	241.743
LT2	396.875	396.875	95.968	45.125	39.091	245.045
LT2	397	397	96.449	43.101	39.087	246.942
LT2	397.125	397.125	94.371	43.712	39.098	246.065
LT2	397.25	397.25	90.684	47.213	39.127	242.588
LT2	397.375	397.375	87.457	53.457	39.179	237.639
LT2	397.5	397.5	84.749	59.753	39.253	233.231
LT2	397.625	397.625	82.347	63.173	39.35	230.654
LT2	397.75	397.75	80.994	61.368	39.473	230.819
LT2	397.875	397.875	81.424	55.806	39.617	233.231
LT2	398	398	84.142	48.483	39.783	237.411
LT2	398.125	398.125	88.146	41.519	39.971	242.665
LT2	398.25	398.25	93.028	35.879	40.179	248.231
LT2	398.375	398.375	97.644	32.12	40.407	253.261
LT2	398.5	398.5	100.25	30.28	40.655	256.729
LT2	398.625	398.625	100.246	30.152	40.92	258.215
LT2	398.75	398.75	98.913	31.415	41.203	257.716
LT2	398.875	398.875	97.907	32.96	41.501	256.229
LT2	399	399	97.866	34.062	41.809	254.54
LT2	399.125	399.125	97.552	34.494	42.126	253.02
LT2	399.25	399.25	96.172	34.916	42.448	251.272
LT2	399.375	399.375	93.878	36.207	42.773	248.589
LT2	399.5	399.5	90.882	39.743	43.099	244.303
LT2	399.625	399.625	87.239	45.931	43.425	238.862
LT2	399.75	399.75	83.794	53.974	43.75	233.285
LT2	399.875	399.875	81.266	60.461	44.073	229.215
LT2	400	400	80.005	62.427	44.394	227.593
LT2	400.125	400.125	80.099	58.444	44.711	228.931
LT2	400.25	400.25	82.105	50.893	45.025	232.427
LT2	400.375	400.375	86.443	42.688	45.336	236.868
LT2	400.5	400.5	91.519	36.217	45.646	240.913
LT2	400.625	400.625	96.069	32.515	45.954	243.552
LT2	400.75	400.75	99.774	31.991	46.261	244.227
LT2	400.875	400.875	102.369	35.256	46.562	242.4
LT2	401	401	102.7	41.629	46.855	238.66
LT2	401.125	401.125	98.878	50.247	47.139	233.773
LT2	401.25	401.25	92.014	59.064	47.407	228.971
LT2	401.375	401.375	84.383	66.042	47.659	225.142
LT2	401.5	401.5	79.335	69.268	47.89	222.976
LT2	401.625	401.625	77.958	67.839	48.096	222.841
LT2	401.75	401.75	80.077	62.709	48.275	224.55
LT2	401.875	401.875	84.651	55.759	48.421	227.83
LT2	402	402	89.904	49.295	48.534	232.069
LT2	402.125	402.125	93.785	44.048	48.615	236.858
LT2	402.25	402.25	95.283	40.177	48.657	241.616
LT2	402.375	402.375	95.693	37.506	48.663	245.646
LT2	402.5	402.5	96.963	35.786	48.632	248.581
LT2	402.625	402.625	98.55	34.41	48.557	250.515
LT2	402.75	402.75	98.602	33.039	48.441	251.992
LT2	402.875	402.875	96.678	32.046	48.278	253.176
LT2	403	403	94.352	32.074	48.067	253.811
LT2	403.125	403.125	92.189	33.15	47.814	253.545
LT2	403.25	403.25	89.725	35.293	47.518	251.949
LT2	403.375	403.375	87.129	38.174	47.185	249.117
LT2	403.5	403.5	85.446	40.985	46.819	245.782
LT2	403.625	403.625	85.595	42.407	46.421	243.234
LT2	403.75	403.75	87.402	42.132	45.994	242.258
LT2	403.875	403.875	89.625	40.914	45.541	242.546
LT2	404	404	90.26	39.876	45.058	243.016
LT2	404.125	404.125	88.858	39.31	44.55	242.892
LT2	404.25	404.25	87.069	39.113	44.017	242.22
LT2	404.375	404.375	86.846	39.001	43.456	241.514
LT2	404.5	404.5	88.086	38.603	42.874	241.164
LT2	404.625	404.625	89.451	37.682	42.27	241.346
LT2	404.75	404.75	90.015	36.527	41.647	242.021
LT2	404.875	404.875	90.246	35.557	41.009	243.106
LT2	405	405	91.424	34.773	40.359	244.69
LT2	405.125	405.125	93.709	33.742	39.705	246.769
LT2	405.25	405.25	96.559	32.485	39.051	249.065
LT2	405.375	405.375	98.097	31.566	38.405	250.832
LT2	405.5	405.5	97.209	31.628	37.77	251.398
LT2	405.625	405.625	93.897	33.03	37.149	250.504
LT2	405.75	405.75	89.67	36.207	36.549	248.249
LT2	405.875	405.875	86.281	41.03	35.973	245.171
LT2	406	406	84.842	46.876	35.432	241.575
LT2	406.125	406.125	84.051	52.032	34.934	237.885
LT2	406.25	406.25	82.884	55.446	34.486	234.569
LT2	406.375	406.375	81.808	57.081	34.1	232.155
LT2	406.5	406.5	82.815	57.275	33.782	231.078
LT2	406.625	406.625	86.389	55.627	33.532	231.483
LT2	406.75	406.75	89.98	51.875	33.361	233.395
LT2	406.875	406.875	92.506	47.479	33.262	236.471
LT2	407	407	95.473	43.247	33.235	241.092
LT2	407.125	407.125	101.07	38.384	33.284	248.85
LT2	407.25	407.25	109.648	32.43	33.394	260.1
LT2	407.375	407.375	121.775	26.359	33.565	274.307
LT2	407.5	407.5	135.804	21.884	33.793	289.583
LT2	407.625	407.625	148.762	19.226	34.068	303.628
LT2	407.75	407.75	156.91	18.091	34.386	314.327
LT2	407.875	407.875	161.579	18.024	34.741	320.371
LT2	408	408	165.429	18.408	35.126	322.401
LT2	408.125	408.125	168.633	18.573	35.534	321.5
LT2	408.25	408.25	169.329	18.269	35.957	319.361
LT2	408.375	408.375	167.46	17.988	36.384	316.65
LT2	408.5	408.5	164.564	18.793	36.806	312.684
LT2	408.625	408.625	160.83	21.728	37.218	305.871
LT2	408.75	408.75	154.668	27.982	37.615	294.78
LT2	408.875	408.875	145.873	38.22	37.997	278.898
LT2	409	409	135.619	49.517	38.368	260.73
LT2	409.125	409.125	125.255	58.088	38.73	243.223
LT2	409.25	409.25	116.077	61.605	39.086	229.848
LT2	409.375	409.375	108.968	62.343	39.437	221.505
LT2	409.5	409.5	103.592	63.693	39.782	217.723
LT2	409.625	409.625	98.98	68.062	40.118	216.478
LT2	409.75	409.75	95.502	75.154	40.444	216.631
LT2	409.875	409.875	94.355	81.957	40.758	218.287
LT2	410	410	95.885	82.66	41.061	221.708
LT2	410.125	410.125	99.387	74.409	41.353	227.037
LT2	410.25	410.25	103.224	59.059	41.637	234.492
LT2	410.375	410.375	106.87	44.13	41.917	243.462
LT2	410.5	410.5	110.181	33.5	42.195	253.385
LT2	410.625	410.625	113.741	27.499	42.473	262.94
LT2	410.75	410.75	117.7	24.359	42.755	270.353
LT2	410.875	410.875	120.207	23.6	43.038	274.02
LT2	411	411	119.187	24.392	43.316	273.911
LT2	411.125	411.125	114.724	26.036	43.579	271.598
LT2	411.25	411.25	111.103	28.528	43.812	268.488
LT2	411.375	411.375	110.597	31.362	44	265.833
LT2	411.5	411.5	110.816	33.58	44.136	263.978
LT2	411.625	411.625	108.344	35.01	44.205	262.176
LT2	411.75	411.75	104.377	36.652	44.214	259.011
LT2	411.875	411.875	101.685	38.597	44.167	254.163
LT2	412	412	100.237	39.795	44.066	248.688
LT2	412.125	412.125	98.344	40.173	43.923	243.959
LT2	412.25	412.25	95.892	40.406	43.741	240.522
LT2	412.375	412.375	94.766	40.705	43.521	238.513
LT2	412.5	412.5	95.596	40.712	43.266	237.667
LT2	412.625	412.625	96.896	40.655	42.974	237.593
LT2	412.75	412.75	97.124	41.341	42.645	237.571
LT2	412.875	412.875	96.526	42.916	42.282	237.306
LT2	413	413	96.366	44.845	41.887	237.009
LT2	413.125	413.125	96.712	46.388	41.466	237.094
LT2	413.25	413.25	96.505	47.45	41.027	237.604
LT2	413.375	413.375	95.256	48.253	40.581	238.238
LT2	413.5	413.5	93.684	48.934	40.137	238.744
LT2	413.625	413.625	92.457	49.29	39.706	239.22
LT2	413.75	413.75	91.909	49.039	39.299	239.842
LT2	413.875	413.875	92.251	48.638	38.92	240.426
LT2	414	414	93.166	49.09	38.572	240.544
LT2	414.125	414.125	93.094	51.333	38.256	239.736
LT2	414.25	414.25	90.927	54.875	37.966	237.948
LT2	414.375	414.375	87.916	58.331	37.699	235.319
LT2	414.5	414.5	86.085	60.572	37.448	232.455
LT2	414.625	414.625	85.677	61.8	37.212	229.925
LT2	414.75	414.75	85.122	62.419	36.991	228.202
LT2	414.875	414.875	83.793	62.652	36.785	227.283
LT2	415	415	82.4	62.79	36.596	226.938
LT2	415.125	415.125	82.186	64.202	36.43	226.626
LT2	415.25	415.25	82.972	68.025	36.289	225.645
LT2	415.375	415.375	82.691	74.601	36.178	223.465
LT2	415.5	415.5	79.916	83.354	36.1	220.041
LT2	415.625	415.625	75.89	92.439	36.058	216.257
LT2	415.75	415.75	73.988	98.686	36.056	213.179
LT2	415.875	415.875	75.244	99.343	36.101	211.432
LT2	416	416	77.436	95.989	36.193	210.587
LT2	416.125	416.125	76.96	93.462	36.343	209.815
LT2	416.25	416.25	73.575	96.512	36.553	208.488
LT2	416.375	416.375	69.668	105.029	36.824	206.813
LT2	416.5	416.5	68.765	113.792	37.169	205.79
LT2	416.625	416.625	71.324	115.675	37.585	206.252
LT2	416.75	416.75	75.445	108.266	38.076	208.377
LT2	416.875	416.875	78.68	94.042	38.654	212.215
LT2	417	417	80.965	77.666	39.314	218.098
LT2	417.125	417.125	85.012	60.881	40.058	226.894
LT2	417.25	417.25	93.073	45.671	40.889	238.38
LT2	417.375	417.375	104.212	34.47	41.79	250.601
LT2	417.5	417.5	112.74	28.602	42.754	261.236
LT2	417.625	417.625	115.02	26.315	43.76	268.472
LT2	417.75	417.75	112.576	26.479	44.786	271.923
LT2	417.875	417.875	110.985	29.335	45.812	271.58
LT2	418	418	111.829	33.911	46.818	268.758
LT2	418.125	418.125	111.868	38.938	47.79	264.241
LT2	418.25	418.25	107.643	43.751	48.706	258.427
LT2	418.375	418.375	101.048	48.496	49.558	252.369
LT2	418.5	418.5	97.164	52.594	50.334	247.467
LT2	418.625	418.625	97.898	54	51.015	245.433
LT2	418.75	418.75	101.267	52.032	51.604	246.333
LT2	418.875	418.875	104.002	47.589	52.086	249.416
LT2	419	419	105.368	43.298	52.454	252.726
LT2	419.125	419.125	105.898	41.231	52.708	254.564
LT2	419.25	419.25	105.063	42.849	52.833	253.561
LT2	419.375	419.375	101.706	48.436	52.83	249.773
LT2	419.5	419.5	95.426	57.523	52.705	244.326
LT2	419.625	419.625	88.719	67.577	52.444	239.312
LT2	419.75	419.75	85.169	73.635	52.068	236.958
LT2	419.875	419.875	88.158	72.443	51.588	238.476
LT2	420	420	96.165	63.917	51.01	243.956
LT2	420.125	420.125	105.246	53.404	50.364	251.061
LT2	420.25	420.25	110.866	45.224	49.662	257.336
LT2	420.375	420.375	111.88	41.685	48.919	260.263
LT2	420.5	420.5	109.053	41.916	48.151	259.273
LT2	420.625	420.625	104.14	45.32	47.371	254.38
LT2	420.75	420.75	98.853	51.749	46.589	246.871
LT2	420.875	420.875	94.24	60.814	45.817	238.557
LT2	421	421	90.261	70.391	45.065	231.922
LT2	421.125	421.125	87.08	76.58	44.341	229.029
LT2	421.25	421.25	86.653	77.322	43.652	230.286
LT2	421.375	421.375	90.32	72.306	43.014	234.733
LT2	421.5	421.5	96.453	65.488	42.431	239.324
LT2	421.625	421.625	101.512	60.937	41.911	241.665
LT2	421.75	421.75	102.403	62.761	41.468	240.059
LT2	421.875	421.875	98.345	69.726	41.1	235.647
LT2	422	422	91.352	77.599	40.816	230.444
LT2	422.125	422.125	86.973	81.089	40.619	226.849
LT2	422.25	422.25	88.961	79.188	40.502	225.635
LT2	422.375	422.375	95.568	72.826	40.471	226.761
LT2	422.5	422.5	102.125	65.102	40.518	228.982
LT2	422.625	422.625	107.258	59.396	40.634	230.874
LT2	422.75	422.75	111.349	59.349	40.821	231.143
LT2	422.875	422.875	112.678	63.167	41.068	230.44
LT2	423	423	109.193	66.492	41.367	230.515
LT2	423.125	423.125	104.915	65.143	41.717	233.693
LT2	423.25	423.25	105.424	59.909	42.108	240.411
LT2	423.375	423.375	114.117	52.215	42.533	250.366
LT2	423.5	423.5	126.46	43.569	42.987	261.744
LT2	423.625	423.625	136.95	35.867	43.459	271.828
LT2	423.75	423.75	141.617	31.426	43.941	278.264
LT2	423.875	423.875	142.492	30.807	44.422	280.694
LT2	424	424	143.042	32.496	44.894	280.541
LT2	424.125	424.125	144.558	34.822	45.345	279.279
LT2	424.25	424.25	145.644	36.245	45.768	278.275
LT2	424.375	424.375	146.495	36.13	46.159	277.772
LT2	424.5	424.5	149.483	35.19	46.509	276.364
LT2	424.625	424.625	154.664	35.987	46.82	271.644
LT2	424.75	424.75	157.905	41.906	47.091	261.802
LT2	424.875	424.875	152.804	61.429	47.322	246.479
LT2	425	425	136.726	110.769	47.519	228.55
LT2	425.125	425.125	113.007	202.519	47.685	211.761
LT2	425.25	425.25	92.76	294.511	47.823	201.184
LT2	425.375	425.375	85.102	323.346	47.939	199.1
LT2	425.5	425.5	93.654	261.695	48.034	205.778
LT2	425.625	425.625	110.893	167.611	48.113	216.821
LT2	425.75	425.75	127.384	99.255	48.181	227.634
LT2	425.875	425.875	136.068	73.624	48.24	234.337
LT2	426	426	137.975	67.558	48.295	236.027
LT2	426.125	426.125	136.253	71.149	48.35	233.535
LT2	426.25	426.25	133.179	79.994	48.41	229.216
LT2	426.375	426.375	128.973	87.974	48.479	226.069
LT2	426.5	426.5	124.697	92.167	48.559	225.277
LT2	426.625	426.625	121.798	93.657	48.652	226.083
LT2	426.75	426.75	119.992	94.347	48.756	227.015
LT2	426.875	426.875	117.236	94.089	48.868	227.493
LT2	427	427	111.983	93.397	48.985	227.474
LT2	427.125	427.125	104.959	94.797	49.104	226.9
LT2	427.25	427.25	98.822	100.596	49.219	225.619
LT2	427.375	427.375	94.501	110.944	49.327	223.568
LT2	427.5	427.5	91.089	128.374	49.426	220.458
LT2	427.625	427.625	86.729	159.036	49.511	215.948
LT2	427.75	427.75	81.423	197.49	49.579	210.985
LT2	427.875	427.875	77.259	231.689	49.628	206.972
LT2	428	428	76.135	246.553	49.649	205.669
LT2	428.125	428.125	78.073	240.053	49.641	207.44
LT2	428.25	428.25	81.417	215.187	49.598	212.023
LT2	428.375	428.375	84.648	182.609	49.516	217.725
LT2	428.5	428.5	87.699	155.006	49.396	222.535
LT2	428.625	428.625	89.924	141.988	49.234	224.981
LT2	428.75	428.75	89.838	143.888	49.031	224.901
LT2	428.875	428.875	87.079	155.347	48.793	223.132
LT2	429	429	84.087	169.397	48.518	220.931
LT2	429.125	429.125	83.559	177.917	48.216	219.483
LT2	429.25	429.25	86.094	178.623	47.89	218.873
LT2	429.375	429.375	89.023	174.584	47.544	218.402
LT2	429.5	429.5	90.252	171.723	47.182	217.475
LT2	429.625	429.625	89.321	173.269	46.807	216.136
LT2	429.75	429.75	87.916	179.737	46.421	214.912
LT2	429.875	429.875	87.035	184.966	46.029	214.472
LT2	430	430	87.368	180.403	45.635	215.593
LT2	430.125	430.125	89.349	163.638	45.248	218.587
LT2	430.25	430.25	92.945	142.131	44.873	222.737
LT2	430.375	430.375	96.789	123.696	44.522	226.871
LT2	430.5	430.5	99.09	110.848	44.201	229.982
LT2	430.625	430.625	98.899	103.638	43.916	232.074
LT2	430.75	430.75	97.88	103.136	43.677	234.029
LT2	430.875	430.875	98.631	105.629	43.48	237.383
LT2	431	431	104.191	106.394	43.328	243.349
LT2	431.125	431.125	114.632	101.225	43.225	252.394
LT2	431.25	431.25	127.006	91.21	43.167	262.43
LT2	431.375	431.375	135.325	79.189	43.154	270.598
LT2	431.5	431.5	136.464	69.17	43.192	274.074
LT2	431.625	431.625	131.053	62.814	43.275	273.045
LT2	431.75	431.75	123.914	60.428	43.408	268.918
LT2	431.875	431.875	119.139	61.346	43.592	264.183
LT2	432	432	117.024	64.448	43.822	260.328
LT2	432.125	432.125	115.139	67.633	44.1	258.268
LT2	432.25	432.25	112.889	68.314	44.416	257.961
LT2	432.375	432.375	112.434	65.728	44.762	259.17
LT2	432.5	432.5	116.271	60.25	45.133	262.034
LT2	432.625	432.625	123.84	53.399	45.518	266.491
LT2	432.75	432.75	132.148	46.245	45.908	272.411
LT2	432.875	432.875	137.901	40.488	46.296	278.884
LT2	433	433	140.908	36.801	46.676	284.752
LT2	433.125	433.125	143.48	34.997	47.042	289.346
LT2	433.25	433.25	147.417	34.232	47.391	292.62
LT2	433.375	433.375	151.912	33.865	47.721	294.897
LT2	433.5	433.5	154.422	33.68	48.025	296.274
LT2	433.625	433.625	154.795	33.692	48.301	296.925
LT2	433.75	433.75	153.959	33.881	48.544	297.038
LT2	433.875	433.875	153.074	34.192	48.747	296.689
LT2	434	434	152.78	34.582	48.906	295.877
LT2	434.125	434.125	152.644	35.154	49.02	294.588
LT2	434.25	434.25	151.709	35.932	49.083	293.084
LT2	434.375	434.375	149.735	36.662	49.099	291.819
LT2	434.5	434.5	147.312	37.228	49.07	290.932
LT2	434.625	434.625	145.554	38.043	48.998	289.993
LT2	434.75	434.75	143.956	39.364	48.89	288.481
LT2	434.875	434.875	141.464	40.77	48.749	286.176
LT2	435	435	139.356	41.684	48.58	283.25
LT2	435.125	435.125	139.291	42.291	48.388	280.03
LT2	435.25	435.25	140.535	42.656	48.175	277.252
LT2	435.375	435.375	140.537	42.339	47.947	275.832
LT2	435.5	435.5	138.716	41.373	47.707	275.91
LT2	435.625	435.625	138.505	40.566	47.457	277.042
LT2	435.75	435.75	141.503	40.121	47.201	278.669
LT2	435.875	435.875	145.597	39.746	46.941	280.602
LT2	436	436	146.769	40.231	46.68	281.725
LT2	436.125	436.125	142.96	43.129	46.42	280.544
LT2	436.25	436.25	134.038	49.795	46.164	276.11
LT2	436.375	436.375	123.442	61.491	45.916	268.747
LT2	436.5	436.5	114.586	77.591	45.677	259.479
LT2	436.625	436.625	109.502	95.329	45.448	249.236
LT2	436.75	436.75	106.328	109.697	45.229	239.616
LT2	436.875	436.875	102.905	118.461	45.02	231.849
LT2	437	437	99.31	122.053	44.822	226.858
LT2	437.125	437.125	97.317	123.003	44.633	224.247
LT2	437.25	437.25	98.16	121.228	44.451	223.66
LT2	437.375	437.375	100.397	115.552	44.279	224.779
LT2	437.5	437.5	102.28	108.156	44.115	226.57
LT2	437.625	437.625	103.031	103.181	43.958	228.17
LT2	437.75	437.75	102.786	103.542	43.81	229.19
LT2	437.875	437.875	101.256	106.379	43.669	230.153
LT2	438	438	99.366	108.337	43.536	231.664
LT2	438.125	438.125	99.71	108.465	43.413	233.89
LT2	438.25	438.25	103.517	107.282	43.3	236.58
LT2	438.375	438.375	108.58	104.453	43.199	239.332
LT2	438.5	438.5	112.495	100.778	43.111	241.483
LT2	438.625	438.625	115.012	98.65	43.035	242.516
LT2	438.75	438.75	116.766	101.168	42.973	241.943
LT2	438.875	438.875	116.859	108.72	42.922	239.903
LT2	439	439	113.447	122.047	42.883	236.325
LT2	439.125	439.125	107.018	145.753	42.855	231.004
LT2	439.25	439.25	98.83	183.894	42.839	224.48
LT2	439.375	439.375	89.995	233.885	42.836	217.718
LT2	439.5	439.5	82.163	279.114	42.845	212.247
LT2	439.625	439.625	77.306	307.315	42.867	208.761
LT2	439.75	439.75	76.505	313.601	42.904	207.508
LT2	439.875	439.875	77.516	301.052	42.955	208.152
LT2	440	440	80.628	274	43.021	210.284
LT2	440.125	440.125	89.986	240.409	43.103	213.443
LT2	440.25	440.25	104.038	212.016	43.199	217.067
LT2	440.375	440.375	117.413	188.6	43.306	221.242
LT2	440.5	440.5	126.196	163	43.424	226.063
LT2	440.625	440.625	130.146	136.907	43.547	230.503
LT2	440.75	440.75	127.888	118.13	43.672	233.173
LT2	440.875	440.875	118.46	114.251	43.796	232.812
LT2	441	441	104.874	127.435	43.919	229.485
LT2	441.125	441.125	92.626	160.819	44.039	223.509
LT2	441.25	441.25	82.517	204.404	44.156	216.744
LT2	441.375	441.375	75.448	237.968	44.27	211.645
LT2	441.5	441.5	76.138	243.281	44.383	210.284
LT2	441.625	441.625	87.559	225.379	44.494	212.12
LT2	441.75	441.75	109.978	199.774	44.604	215.454
LT2	441.875	441.875	136.353	179.985	44.71	218.601
LT2	442	442	159.583	169.684	44.813	220.543
LT2	442.125	442.125	175.357	167.241	44.909	220.856
LT2	442.25	442.25	184.811	166.453	44.999	219.644
LT2	442.375	442.375	189.443	160.486	45.083	217.938
LT2	442.5	442.5	188.608	147.414	45.162	216.449
LT2	442.625	442.625	183.042	133.156	45.241	215.442
LT2	442.75	442.75	175.093	124.208	45.324	214.958
LT2	442.875	442.875	167.729	122.953	45.418	215.323
LT2	443	443	161.236	126.728	45.532	216.565
LT2	443.125	443.125	154.503	132.411	45.671	218.147
LT2	443.25	443.25	147.661	137.996	45.846	219.416
LT2	443.375	443.375	143.044	142.677	46.057	220.196
LT2	443.5	443.5	142.119	146.838	46.307	220.623
LT2	443.625	443.625	142.42	151.829	46.602	220.612
LT2	443.75	443.75	140.734	160.543	46.936	219.795
LT2	443.875	443.875	134.225	177.727	47.311	217.686
LT2	444	444	122.503	209.927	47.729	214.017
LT2	444.125	444.125	106.055	258.225	48.187	209.359
LT2	444.25	444.25	89.459	319.663	48.685	204.524
LT2	444.375	444.375	80.165	373.628	49.226	200.662
LT2	444.5	444.5	82.48	393.261	49.805	198.558
LT2	444.625	444.625	93.895	357.347	50.423	199.064
LT2	444.75	444.75	106.533	283.058	51.072	202.359
LT2	444.875	444.875	115.005	201.311	51.746	208.174
LT2	445	445	118.896	138.291	52.438	216.221
LT2	445.125	445.125	121.827	96.623	53.136	225.327
LT2	445.25	445.25	127.413	71.453	53.831	234.265
LT2	445.375	445.375	135.544	57.924	54.511	241.027
LT2	445.5	445.5	144.796	51.228	55.168	244.405
LT2	445.625	445.625	154.47	49.933	55.792	243.816
LT2	445.75	445.75	163.506	53.319	56.374	239.929
LT2	445.875	445.875	170.158	59.697	56.914	234.526
LT2	446	446	174.419	67.077	57.401	229.233
LT2	446.125	446.125	178.974	72.769	57.834	225.525
LT2	446.25	446.25	182.964	75.3	58.213	223.872
LT2	446.375	446.375	181.519	74.066	58.526	224.291
LT2	446.5	446.5	173.932	70.905	58.776	225.874
LT2	446.625	446.625	164.375	67.729	58.96	227.905
LT2	446.75	446.75	157.879	66.005	59.069	229.815
LT2	446.875	446.875	154.514	65.475	59.109	231.286
LT2	447	447	153.957	65.56	59.082	232.189
LT2	447.125	447.125	157.228	65.882	58.986	232.659
LT2	447.25	447.25	164.186	66.034	58.835	233.13
LT2	447.375	447.375	172.398	65.567	58.634	233.855
LT2	447.5	447.5	179.054	64.934	58.391	234.552
LT2	447.625	447.625	183.301	65.128	58.118	234.645
LT2	447.75	447.75	185.146	66.984	57.822	233.65
LT2	447.875	447.875	184.06	70.558	57.509	231.699
LT2	448	448	179.243	75.093	57.187	229.294
LT2	448.125	448.125	172.093	78.863	56.861	227.233
LT2	448.25	448.25	165.165	80.628	56.535	226.258
LT2	448.375	448.375	159.783	80.653	56.215	226.762
LT2	448.5	448.5	154.239	79.187	55.909	229.101
LT2	448.625	448.625	147.418	76.194	55.62	232.937
LT2	448.75	448.75	141.631	72.46	55.356	237.793
LT2	448.875	448.875	140.187	70.29	55.125	242.623
LT2	449	449	142.323	70.117	54.929	246.57
LT2	449.125	449.125	139.916	70.39	54.774	249.281
LT2	449.25	449.25	126.477	68.981	54.66	251.375
LT2	449.375	449.375	102.668	64.962	54.583	253.948
LT2	449.5	449.5	78.414	57.703	54.542	257.938
LT2	449.625	449.625	62.164	49.023	54.528	262.764
LT2	449.75	449.75	56.933	41.788	54.534	266.945
LT2	449.875	449.875	59.345	38.971	54.554	268.534
LT2	450	450	67.312	40.819	54.579	267.073
LT2	450.125	450.125	83.034	47.727	54.605	262.655
LT2	450.25	450.25	107.132	60.723	54.627	255.981
LT2	450.375	450.375	135.649	78.844	54.643	248.545
LT2	450.5	450.5	158.917	99.953	54.65	241.474
LT2	450.625	450.625	170.441	118.297	54.644	235.736
LT2	450.75	450.75	169.423	128.871	54.623	231.782
LT2	450.875	450.875	161.483	129.011	54.581	230.124
LT2	451	451	153.448	122.486	54.512	230.552
LT2	451.125	451.125	148.783	114.269	54.414	232.299
LT2	451.25	451.25	148.046	108.252	54.28	234.48
LT2	451.375	451.375	149.996	105.831	54.11	236.425
LT2	451.5	451.5	153.995	106.69	53.904	238.037
LT2	451.625	451.625	159.235	109.396	53.661	239.434
LT2	451.75	451.75	165.119	112.071	53.388	240.757
LT2	451.875	451.875	171.169	113.843	53.087	241.994
LT2	452	452	176.809	114.831	52.764	242.994
LT2	452.125	452.125	181.431	115.641	52.425	243.631
LT2	452.25	452.25	184.642	116.452	52.075	243.79
LT2	452.375	452.375	186.505	117.72	51.718	243.446
LT2	452.5	452.5	186.207	120.363	51.358	242.566
LT2	452.625	452.625	183.888	125.256	50.999	240.914
LT2	452.75	452.75	180.952	132.079	50.641	238.34
LT2	452.875	452.875	177.957	140.76	50.287	234.841
LT2	453	453	173.204	151.614	49.94	230.534
LT2	453.125	453.125	164.313	162.467	49.601	226.057
LT2	453.25	453.25	150.045	170.51	49.273	222.059
LT2	453.375	453.375	133.725	173.253	48.961	219.232
LT2	453.5	453.5	118.999	171.303	48.665	217.608
LT2	453.625	453.625	109.194	165.441	48.389	217.086
LT2	453.75	453.75	103.478	157.558	48.138	217.313
LT2	453.875	453.875	100.748	150.462	47.912	217.839
LT2	454	454	100.424	145.858	47.717	218.361
LT2	454.125	454.125	101.509	143.03	47.553	218.798
LT2	454.25	454.25	102.397	140.856	47.423	219.32
LT2	454.375	454.375	101.68	138.266	47.33	220.238
LT2	454.5	454.5	99.037	134.499	47.272	221.721
LT2	454.625	454.625	94.752	129.5	47.248	223.776
LT2	454.75	454.75	90.312	123.584	47.261	226.34
LT2	454.875	454.875	87.549	116.295	47.304	229.181
LT2	455	455	87.685	106.655	47.375	232.142
LT2	455.125	455.125	88.642	95.283	47.473	235.022
LT2	455.25	455.25	88.649	84.694	47.593	237.774
LT2	455.375	455.375	87.9	76.707	47.732	240.501
LT2	455.5	455.5	87.577	71.459	47.888	243.253
LT2	455.625	455.625	87.576	68.446	48.056	245.899
LT2	455.75	455.75	86.528	67.399	48.234	248.354
LT2	455.875	455.875	84.272	66.347	48.415	250.805
LT2	456	456	81.37	63.413	48.592	253.438
LT2	456.125	456.125	77.168	57.82	48.757	256.34
LT2	456.25	456.25	70.681	51.183	48.9	259.341
LT2	456.375	456.375	62.607	44.948	49.014	262.078
LT2	456.5	456.5	56.38	40.227	49.084	263.77
LT2	456.625	456.625	53.701	37.181	49.108	263.993
LT2	456.75	456.75	54.193	35.88	49.079	262.589
LT2	456.875	456.875	56.61	36.399	48.99	259.745
LT2	457	457	62.899	39.138	48.847	255.82
LT2	457.125	457.125	78.761	45.505	48.646	250.928
LT2	457.25	457.25	105.283	57.065	48.391	245.361
LT2	457.375	457.375	138.112	75.164	48.09	239.525
LT2	457.5	457.5	165.86	99.889	47.742	234.037
LT2	457.625	457.625	181.462	123.784	47.358	229.669
LT2	457.75	457.75	183.5	138.834	46.942	226.945
LT2	457.875	457.875	178.5	139.932	46.498	226.251
LT2	458	458	171.421	133.7	46.033	226.9
LT2	458.125	458.125	163.386	125.966	45.553	228.349
LT2	458.25	458.25	154.219	119.874	45.066	229.995
LT2	458.375	458.375	145.988	116.063	44.579	231.313
LT2	458.5	458.5	142.143	115.399	44.101	231.977
LT2	458.625	458.625	141.952	117.427	43.64	232.133
LT2	458.75	458.75	143.975	120.526	43.203	232.284
LT2	458.875	458.875	149.304	123.506	42.797	232.887
LT2	459	459	158.582	125.586	42.425	234.126
LT2	459.125	459.125	169.589	126.116	42.085	235.979
LT2	459.25	459.25	177.833	124.598	41.782	238.314
LT2	459.375	459.375	181.915	122.169	41.511	240.643
LT2	459.5	459.5	182.133	119.983	41.271	242.539
LT2	459.625	459.625	180.501	118.459	41.065	243.628
LT2	459.75	459.75	178.44	117.373	40.888	243.873
LT2	459.875	459.875	176.849	117.141	40.742	243.097
LT2	460	460	175.741	118.8	40.625	241.083
LT2	460.125	460.125	175.609	122.686	40.534	237.989
LT2	460.25	460.25	177.809	128.814	40.47	234.112
LT2	460.375	460.375	180.602	135.913	40.428	230.121
LT2	460.5	460.5	180.721	142.637	40.406	226.559
LT2	460.625	460.625	178.05	147.83	40.403	223.883
LT2	460.75	460.75	174.5	150.815	40.418	222.205
LT2	460.875	460.875	170.544	151.356	40.447	221.411
LT2	461	461	166.371	149.927	40.493	221.255
LT2	461.125	461.125	163.964	148.181	40.555	221.296
LT2	461.25	461.25	165.304	147.194	40.635	221.264
LT2	461.375	461.375	165.026	147.069	40.736	220.827
LT2	461.5	461.5	156.355	146.912	40.859	219.905
LT2	461.625	461.625	136.819	145.6	41.005	218.671
LT2	461.75	461.75	114.782	141.916	41.173	217.484
LT2	461.875	461.875	97.705	136.01	41.357	216.46
LT2	462	462	88.869	129.224	41.551	215.631
LT2	462.125	462.125	85.162	123.276	41.747	215.166
LT2	462.25	462.25	83.641	118.202	41.937	215.313
LT2	462.375	462.375	82.926	112.89	42.113	216.524
LT2	462.5	462.5	83.343	106.899	42.272	218.959
LT2	462.625	462.625	85.767	101.292	42.408	222.331
LT2	462.75	462.75	91.261	98.577	42.514	225.455
LT2	462.875	462.875	100.968	100.458	42.59	227.05
LT2	463	463	117.18	108.812	42.629	226.571
LT2	463.125	463.125	138.707	124.568	42.626	224.446
LT2	463.25	463.25	161.458	144.395	42.584	221.862
LT2	463.375	463.375	178.432	162.837	42.502	219.88
LT2	463.5	463.5	186.766	173.67	42.383	219.21
LT2	463.625	463.625	186.939	175.324	42.233	219.757
LT2	463.75	463.75	183.033	168.507	42.05	221.29
LT2	463.875	463.875	179.505	157.318	41.84	223.44
LT2	464	464	178.907	144.934	41.609	225.933
LT2	464.125	464.125	179.909	134.227	41.36	228.329
LT2	464.25	464.25	179.013	126.712	41.104	230.154
LT2	464.375	464.375	173.962	122.822	40.847	231.154
LT2	464.5	464.5	167.842	122.433	40.6	231.282
LT2	464.625	464.625	164.151	124.353	40.37	230.926
LT2	464.75	464.75	165.152	127.602	40.163	230.453
LT2	464.875	464.875	169.502	130.867	39.989	230.112
LT2	465	465	175.278	133.752	39.853	229.788
LT2	465.125	465.125	179.315	136.698	39.765	229.265
LT2	465.25	465.25	179.722	140.029	39.737	228.507
LT2	465.375	465.375	176.654	143.235	39.773	227.625
LT2	465.5	465.5	173.037	145.653	39.885	226.705
LT2	465.625	465.625	170.733	147.423	40.064	225.825
LT2	465.75	465.75	170.006	148.589	40.307	225.12
LT2	465.875	465.875	170.264	148.271	40.612	224.926
LT2	466	466	171.871	145.936	40.966	225.452
LT2	466.125	466.125	176.027	141.892	41.367	226.754
LT2	466.25	466.25	181.571	137.952	41.812	228.398
LT2	466.375	466.375	185.533	135.975	42.292	229.498
LT2	466.5	466.5	183.58	137.007	42.805	229.169
LT2	466.625	466.625	176.624	140.915	43.347	227.124
LT2	466.75	466.75	167.491	147.033	43.912	224.009
LT2	466.875	466.875	159.017	155.017	44.498	220.771
LT2	467	467	151.093	163.459	45.1	218.31
LT2	467.125	467.125	142.797	170.783	45.713	216.89
LT2	467.25	467.25	135.774	176.107	46.332	216.534
LT2	467.375	467.375	133.325	179.995	46.949	216.871
LT2	467.5	467.5	138.169	181.442	47.554	217.8
LT2	467.625	467.625	147.693	174.672	48.132	219.661
LT2	467.75	467.75	158.292	155.946	48.675	223.01
LT2	467.875	467.875	166.955	125.997	49.172	228.622
LT2	468	468	172.407	92.883	49.611	236.932
LT2	468.125	468.125	174.215	64.636	49.993	247.167
LT2	468.25	468.25	174.609	45.622	50.31	257.771
LT2	468.375	468.375	178.377	35.612	50.56	265.869
LT2	468.5	468.5	188.411	33.016	50.746	269.44
LT2	468.625	468.625	202.666	37.643	50.858	267.309
LT2	468.75	468.75	217.029	49.558	50.903	261.487
LT2	468.875	468.875	228.293	68.381	50.884	254.383
LT2	469	469	234.095	89.092	50.794	248.485
LT2	469.125	469.125	232.588	103.368	50.646	244.669
LT2	469.25	469.25	222.197	107.907	50.442	242.584
LT2	469.375	469.375	208.431	106.1	50.182	241.104
LT2	469.5	469.5	197.837	104.043	49.877	239.681
LT2	469.625	469.625	195.92	103.69	49.527	238.77
LT2	469.75	469.75	199.882	104.387	49.141	239.111
LT2	469.875	469.875	204.939	104.817	48.726	240.704
LT2	470	470	206.853	103.888	48.291	243.003
LT2	470.125	470.125	204.868	102.339	47.847	244.707
LT2	470.25	470.25	199.769	101.691	47.414	244.81
LT2	470.375	470.375	193.73	103.107	46.999	242.661
LT2	470.5	470.5	188.475	106.809	46.605	238.993
LT2	470.625	470.625	185.795	113.236	46.238	234.65
LT2	470.75	470.75	185.579	121.801	45.908	230.56
LT2	470.875	470.875	186.39	130.091	45.615	227.263
LT2	471	471	185.469	136.626	45.362	224.928
LT2	471.125	471.125	181.425	141.2	45.154	223.367
LT2	471.25	471.25	175.148	144.603	44.985	222.271
LT2	471.375	471.375	169.7	147.807	44.855	221.551
LT2	471.5	471.5	166.833	150.856	44.76	221.14
LT2	471.625	471.625	164.885	150.183	44.693	221.195
LT2	471.75	471.75	157.529	139.899	44.651	222.508
LT2	471.875	471.875	141.146	121.048	44.628	225.835
LT2	472	472	117.129	99.454	44.621	231.148
LT2	472.125	472.125	93.634	81.345	44.629	237.455
LT2	472.25	472.25	76.471	68.63	44.647	242.585
LT2	472.375	472.375	69.632	62.522	44.673	244.583
LT2	472.5	472.5	73.352	64.494	44.705	241.974
LT2	472.625	472.625	87.747	72.591	44.74	236.226
LT2	472.75	472.75	109.706	85.159	44.777	229.731
LT2	472.875	472.875	131.299	99.608	44.813	225.366
LT2	473	473	147.332	112.452	44.846	223.927
LT2	473.125	473.125	155.765	119.966	44.874	225.003
LT2	473.25	473.25	159.382	122.204	44.897	226.891
LT2	473.375	473.375	160.498	122.579	44.913	228.371
LT2	473.5	473.5	161.041	124.044	44.92	228.953
LT2	473.625	473.625	161.832	125.668	44.921	229.278
LT2	473.75	473.75	162.409	125.449	44.913	230.021
LT2	473.875	473.875	162.803	122.614	44.9	231.421
LT2	474	474	163.491	119.248	44.883	232.843
LT2	474.125	474.125	164.196	117.079	44.864	233.627
LT2	474.25	474.25	163.737	116.363	44.845	233.4
LT2	474.375	474.375	161.269	116.06	44.827	232.436
LT2	474.5	474.5	157.483	115.677	44.809	231.085
LT2	474.625	474.625	154.648	115.208	44.789	229.836
LT2	474.75	474.75	154.346	113.897	44.765	229.082
LT2	474.875	474.875	156.714	110.337	44.734	229.2
LT2	475	475	159.895	104.821	44.691	230.089
LT2	475.125	475.125	161.708	99.153	44.636	231.341
LT2	475.25	475.25	161.12	95.268	44.565	232.371
LT2	475.375	475.375	159.774	92.879	44.477	232.848
LT2	475.5	475.5	159.451	91.085	44.374	232.733
LT2	475.625	475.625	159.92	89.858	44.253	232.109
LT2	475.75	475.75	160.416	89.944	44.119	231.089
LT2	475.875	475.875	160.195	92.194	43.972	229.563
LT2	476	476	159.916	97.531	43.813	227.371
LT2	476.125	476.125	160.617	106.236	43.644	224.771
LT2	476.25	476.25	162.612	116.875	43.467	222.568
LT2	476.375	476.375	165.718	124.828	43.283	221.921
LT2	476.5	476.5	168.917	126.974	43.094	223.228
LT2	476.625	476.625	170.344	122.591	42.901	226.238
LT2	476.75	476.75	168.803	115.082	42.707	229.695
LT2	476.875	476.875	162.258	107.363	42.513	232.689
LT2	477	477	150.457	102.469	42.325	234.53
LT2	477.125	477.125	135.611	100.408	42.147	235.386
LT2	477.25	477.25	121.477	98.347	41.984	235.644
LT2	477.375	477.375	110.473	92.455	41.845	235.79
LT2	477.5	477.5	101.475	83.675	41.731	235.876
LT2	477.625	477.625	93.236	75.447	41.649	235.616
LT2	477.75	477.75	88.174	70.932	41.602	234.808
LT2	477.875	477.875	90.913	70.793	41.589	233.573
LT2	478	478	104.644	76.208	41.612	232.083
LT2	478.125	478.125	126.593	86.547	41.669	230.632
LT2	478.25	478.25	153.046	98.801	41.756	229.575
LT2	478.375	478.375	178.658	108.516	41.875	229.385
LT2	478.5	478.5	198.989	114.388	42.023	229.936
LT2	478.625	478.625	209.645	117.605	42.199	230.826
LT2	478.75	478.75	211.239	119.381	42.404	231.591
LT2	478.875	478.875	207.778	119.901	42.633	232.122
LT2	479	479	204.314	119.149	42.887	232.472
LT2	479.125	479.125	202.858	117.886	43.165	232.629
LT2	479.25	479.25	203.126	117.143	43.461	232.493
LT2	479.375	479.375	203.149	118.272	43.774	231.957
LT2	479.5	479.5	201.055	122.408	44.101	231.05
LT2	479.625	479.625	195.72	128.531	44.436	229.973
LT2	479.75	479.75	187.637	132.594	44.774	229.367
LT2	479.875	479.875	178.754	130.732	45.111	230.145
LT2	480	480	170.643	123.278	45.44	232.619
LT2	480.125	480.125	163.308	114.02	45.755	236.191
LT2	480.25	480.25	155.682	107.265	46.052	239.241
LT2	480.375	480.375	147.317	105.123	46.328	240.554
LT2	480.5	480.5	140.374	109.274	46.579	239.289
LT2	480.625	480.625	137.108	118.246	46.806	236.013
LT2	480.75	480.75	138.582	128.432	47.009	231.84
LT2	480.875	480.875	143.397	134.455	47.186	228.566
LT2	481	481	151.445	134.722	47.339	227.072
LT2	481.125	481.125	161.934	130.131	47.468	227.51
LT2	481.25	481.25	170.846	123.592	47.576	229.004
LT2	481.375	481.375	173.697	117.171	47.665	230.639
LT2	481.5	481.5	169.971	112.939	47.739	231.555
LT2	481.625	481.625	163.924	111.403	47.803	231.566
LT2	481.75	481.75	160.931	112.036	47.86	230.983
LT2	481.875	481.875	163.435	113.269	47.917	230.553
LT2	482	482	171.148	113.456	47.978	230.973
LT2	482.125	482.125	181.799	111.999	48.048	232.615
LT2	482.25	482.25	190.186	109.724	48.133	235.265
LT2	482.375	482.375	193.121	108.237	48.236	238.102
LT2	482.5	482.5	188.783	108.864	48.365	240.28
LT2	482.625	482.625	179.603	111.304	48.527	241.348
LT2	482.75	482.75	169.27	113.285	48.722	241.645
LT2	482.875	482.875	162.715	111.858	48.958	241.865
LT2	483	483	161.65	107.059	49.235	242.519
LT2	483.125	483.125	165.007	101.214	49.552	243.472
LT2	483.25	483.25	168.53	96.304	49.914	244.286
LT2	483.375	483.375	167.905	91.329	50.314	244.88
LT2	483.5	483.5	157.046	84.355	50.751	245.704
LT2	483.625	483.625	135.907	74.151	51.223	247.884
LT2	483.75	483.75	109.368	61.788	51.722	252.079
LT2	483.875	483.875	85.456	49.149	52.243	258.217
LT2	484	484	68.555	38.903	52.776	264.81
LT2	484.125	484.125	59.883	32.307	53.314	270.23
LT2	484.25	484.25	60.014	29.944	53.845	273.381
LT2	484.375	484.375	67.959	30.634	54.361	274.565
LT2	484.5	484.5	80.935	32.445	54.853	274.861
LT2	484.625	484.625	90.735	33.3	55.31	275.541
LT2	484.75	484.75	90.857	32.29	55.726	277.184
LT2	484.875	484.875	79.847	29.809	56.096	279.395
LT2	485	485	65.593	27.126	56.406	280.974
LT2	485.125	485.125	54.358	25.682	56.656	281.011
LT2	485.25	485.25	49.282	26.344	56.84	279.271
LT2	485.375	485.375	48.62	28.641	56.949	276.608
LT2	485.5	485.5	50.446	30.784	56.987	274.502
LT2	485.625	485.625	52.191	31.341	56.947	274
LT2	485.75	485.75	52.105	30.274	56.826	274.782
LT2	485.875	485.875	50.499	28.792	56.63	275.437
LT2	486	486	50.494	28.573	56.348	274.307
LT2	486.125	486.125	55.728	31.035	55.989	270.87
LT2	486.25	486.25	70.186	36.859	55.556	265.836
LT2	486.375	486.375	95.268	46.587	55.046	260.731
LT2	486.5	486.5	127.125	58.947	54.473	256.892
LT2	486.625	486.625	156.697	72.608	53.846	254.482
LT2	486.75	486.75	175.464	85.084	53.169	252.627
LT2	486.875	486.875	181.744	94.026	52.46	250.379
LT2	487	487	178.429	97.933	51.726	247.587
LT2	487.125	487.125	171.979	97.719	50.977	244.792
LT2	487.25	487.25	165.134	96.214	50.223	242.434
LT2	487.375	487.375	161.037	96.347	49.47	240.506
LT2	487.5	487.5	159.994	100.478	48.721	238.44
LT2	487.625	487.625	160.332	109.443	47.973	235.782
LT2	487.75	487.75	160.187	123.622	47.247	232.412
LT2	487.875	487.875	159.763	140.334	46.545	228.947
LT2	488	488	159.919	155.859	45.873	226.107
LT2	488.125	488.125	160.189	165.031	45.241	224.708
LT2	488.25	488.25	159.564	167.012	44.648	224.728
LT2	488.375	488.375	157.766	162.956	44.1	225.977
LT2	488.5	488.5	155.364	155.431	43.603	228.149
LT2	488.625	488.625	153.168	146.705	43.155	230.896
LT2	488.75	488.75	153.232	137.993	42.759	233.915
LT2	488.875	488.875	156.084	130.399	42.416	236.653
LT2	489	489	160.632	124.478	42.117	238.734
LT2	489.125	489.125	165.484	120.573	41.862	240.035
LT2	489.25	489.25	170.404	118.549	41.643	240.965
LT2	489.375	489.375	175.34	117.802	41.451	241.96
LT2	489.5	489.5	179.568	117.345	41.285	243.33
LT2	489.625	489.625	182.243	116.516	41.139	244.924
LT2	489.75	489.75	183.124	115.475	41.008	246.407
LT2	489.875	489.875	183.268	114.591	40.893	247.29
LT2	490	490	183.528	113.717	40.788	247.306
LT2	490.125	490.125	183.932	112.643	40.693	246.157
LT2	490.25	490.25	182.753	111.836	40.605	243.583
LT2	490.375	490.375	179.02	111.863	40.525	239.748
LT2	490.5	490.5	174.107	113.013	40.455	234.992
LT2	490.625	490.625	170.651	115.485	40.397	230.174
LT2	490.75	490.75	169.856	119.059	40.352	226.1
LT2	490.875	490.875	170.036	122.615	40.324	223.572
LT2	491	491	169.471	125.047	40.314	222.591
LT2	491.125	491.125	168.55	126.533	40.322	222.735
LT2	491.25	491.25	169.132	127.255	40.351	223.512
LT2	491.375	491.375	171.599	126.764	40.399	224.499
LT2	491.5	491.5	174.262	124.688	40.468	225.48
LT2	491.625	491.625	175.734	120.759	40.559	226.163
LT2	491.75	491.75	176.203	114.715	40.67	226.465
LT2	491.875	491.875	175.037	106.797	40.803	226.427
LT2	492	492	171.054	98.986	40.956	226.254
LT2	492.125	492.125	163.855	92.159	41.131	226.41
LT2	492.25	492.25	155.138	85.415	41.33	227.658
LT2	492.375	492.375	146.743	78.531	41.555	230.16
LT2	492.5	492.5	138.907	73.23	41.805	233.224
LT2	492.625	492.625	132.443	71.029	42.082	235.873
LT2	492.75	492.75	129.536	70.548	42.377	237.734
LT2	492.875	492.875	132.618	70.747	42.687	238.807
LT2	493	493	138.821	71.577	43.001	239.065
LT2	493.125	493.125	143.348	72.387	43.313	238.955
LT2	493.25	493.25	143.813	71.998	43.617	239.045
LT2	493.375	493.375	143.393	70.62	43.907	239.44
LT2	493.5	493.5	143.382	70.353	44.179	239.434
LT2	493.625	493.625	142.147	72.727	44.432	238.345
LT2	493.75	493.75	138.778	77.014	44.662	236.287
LT2	493.875	493.875	135.341	82.12	44.871	233.843
LT2	494	494	135.874	87.302	45.058	231.688
LT2	494.125	494.125	142.107	91.001	45.224	230.631
LT2	494.25	494.25	154.628	91.914	45.372	231.218
LT2	494.375	494.375	169.6	90.112	45.497	233.582
LT2	494.5	494.5	181.529	87.857	45.601	236.624
LT2	494.625	494.625	185.939	85.46	45.682	239.535
LT2	494.75	494.75	184.965	81.046	45.733	241.869
LT2	494.875	494.875	181.87	74.297	45.756	243.723
LT2	495	495	178.447	66.609	45.747	245.208
LT2	495.125	495.125	173.802	60.393	45.709	246.388
LT2	495.25	495.25	167.369	57.014	45.643	247.127
LT2	495.375	495.375	161.319	58.047	45.553	247.001
LT2	495.5	495.5	158.009	63.776	45.442	245.722
LT2	495.625	495.625	157.771	72.943	45.316	243.346
LT2	495.75	495.75	159.005	83.16	45.18	240.105
LT2	495.875	495.875	160.558	91.817	45.04	236.69
LT2	496	496	162.317	97.938	44.901	233.695
LT2	496.125	496.125	163.878	101.241	44.768	231.647
LT2	496.25	496.25	164.308	102.227	44.641	230.466
LT2	496.375	496.375	163.499	100.884	44.518	230.111
LT2	496.5	496.5	163.103	97.36	44.397	230.654
LT2	496.625	496.625	163.75	92.885	44.275	231.957
LT2	496.75	496.75	164.268	88.337	44.151	233.809
LT2	496.875	496.875	163.442	83.998	44.024	235.821
LT2	497	497	161.256	80.187	43.893	237.639
LT2	497.125	497.125	158.572	77.516	43.759	238.834
LT2	497.25	497.25	156.259	75.617	43.625	239.331
LT2	497.375	497.375	154.666	73.36	43.492	239.603
LT2	497.5	497.5	154.179	69.765	43.367	240.567
LT2	497.625	497.625	155.322	65.603	43.254	242.503
LT2	497.75	497.75	159.137	61.819	43.158	245.112
LT2	497.875	497.875	165.391	58.815	43.083	247.903
LT2	498	498	171.772	55.996	43.028	250.745
LT2	498.125	498.125	172.205	52.685	42.988	253.88
LT2	498.25	498.25	165.206	48.603	42.957	257.552
LT2	498.375	498.375	152.834	44.142	42.929	261.33
LT2	498.5	498.5	139.738	40.196	42.898	264.057
LT2	498.625	498.625	129.013	37.69	42.864	264.513
LT2	498.75	498.75	123.099	37.103	42.827	262.555
LT2	498.875	498.875	125.594	39.367	42.792	258.569
LT2	499	499	137.408	44.59	42.762	253.666
LT2	499.125	499.125	154.836	52.613	42.74	248.501
LT2	499.25	499.25	169.849	63.813	42.733	243.291
LT2	499.375	499.375	179.224	77.926	42.742	237.625
LT2	499.5	499.5	184.381	93.874	42.77	231.178
LT2	499.625	499.625	188.501	108.404	42.821	224.602
LT2	499.75	499.75	191.673	119.085	42.892	219.149
LT2	499.875	499.875	192.768	125.138	42.982	215.758
LT2	500	500	192.686	127.715	43.085	214.435
LT2	500.125	500.125	191.76	128.033	43.196	214.576
LT2	500.25	500.25	188.437	126.127	43.31	215.751
LT2	500.375	500.375	182.3	122.283	43.427	217.485
LT2	500.5	500.5	175.368	117.548	43.547	219.564
LT2	500.625	500.625	172.13	113.477	43.675	221.891
LT2	500.75	500.75	174.373	110.127	43.814	224.337
LT2	500.875	500.875	181.378	106.522	43.967	226.876
LT2	501	501	190.965	102.225	44.138	229.416
LT2	501.125	501.125	202.948	98.775	44.326	231.55
LT2	501.25	501.25	217.551	97.763	44.53	232.654
LT2	501.375	501.375	231.398	99.708	44.752	232.274
LT2	501.5	501.5	238.793	103.331	44.987	230.702
LT2	501.625	501.625	233.756	106.54	45.233	228.471
LT2	501.75	501.75	217.82	105.541	45.485	226.677
LT2	501.875	501.875	195.881	97.66	45.738	226.539
LT2	502	502	177.199	82.787	45.984	229.476
LT2	502.125	502.125	167.066	66.789	46.218	235.039
LT2	502.25	502.25	166.024	54.478	46.437	241.652
LT2	502.375	502.375	168.192	48.442	46.635	247.089
LT2	502.5	502.5	168.43	46.466	46.812	250.367
LT2	502.625	502.625	164.614	47.597	46.965	251.258
LT2	502.75	502.75	159.841	51.653	47.091	249.75
LT2	502.875	502.875	156.481	57.653	47.189	246.446
LT2	503	503	154.848	64.857	47.256	241.929
LT2	503.125	503.125	152.905	73.613	47.288	236.904
LT2	503.25	503.25	149.28	83.789	47.288	231.749
LT2	503.375	503.375	144.631	93.061	47.251	226.95
LT2	503.5	503.5	140.177	97.662	47.183	223.324
LT2	503.625	503.625	136.131	96.389	47.087	221.395
LT2	503.75	503.75	131.97	90.116	46.967	221.442
LT2	503.875	503.875	127.461	81.997	46.831	222.854
LT2	504	504	125.738	73.951	46.682	225.173
LT2	504.125	504.125	132.623	68.065	46.529	227.822
LT2	504.25	504.25	150.059	65.253	46.379	230.062
LT2	504.375	504.375	172.453	65.921	46.239	231.285
LT2	504.5	504.5	188.27	68.784	46.116	231.32
LT2	504.625	504.625	192.733	71.149	46.017	230.783
LT2	504.75	504.75	189.313	71.188	45.948	230.238
LT2	504.875	504.875	183.602	69.517	45.913	229.688
LT2	505	505	175.062	67.464	45.916	228.817
LT2	505.125	505.125	161.545	65.136	45.963	227.71
LT2	505.25	505.25	144.702	61.618	46.054	227.274
LT2	505.375	505.375	127.569	56.482	46.191	228.478
LT2	505.5	505.5	112.7	49.658	46.381	232.432
LT2	505.625	505.625	101.471	42.281	46.617	238.626
LT2	505.75	505.75	95.792	35.99	46.896	245.787
LT2	505.875	505.875	96.343	33.035	47.214	251.159
LT2	506	506	103.853	33.975	47.557	252.673
LT2	506.125	506.125	119.735	39.275	47.915	249.318
LT2	506.25	506.25	139.556	49.719	48.278	242.118
LT2	506.375	506.375	156.37	64.233	48.637	233.311
LT2	506.5	506.5	162.973	78.658	48.986	225.128
LT2	506.625	506.625	160.137	87.005	49.318	219.506
LT2	506.75	506.75	151.517	88.051	49.632	216.937
LT2	506.875	506.875	143.092	84.529	49.92	216.985
LT2	507	507	139.767	81.504	50.184	217.844
LT2	507.125	507.125	146.708	81.262	50.421	218.448
LT2	507.25	507.25	161.966	83.725	50.627	218.427
LT2	507.375	507.375	177.859	85.332	50.803	218.417
LT2	507.5	507.5	185.379	82.792	50.948	219.252
LT2	507.625	507.625	185.233	75.892	51.057	221.427
LT2	507.75	507.75	180.774	68.249	51.136	224.301
LT2	507.875	507.875	173.558	62.698	51.181	226.933
LT2	508	508	164.63	60.254	51.196	228.474
LT2	508.125	508.125	157.969	61.209	51.187	228.608
LT2	508.25	508.25	159.066	66.136	51.156	227.072
LT2	508.375	508.375	166.337	73.971	51.112	224.25
LT2	508.5	508.5	173.423	83.723	51.061	220.596
LT2	508.625	508.625	174.084	94.941	51.008	216.447
LT2	508.75	508.75	168.359	105.564	50.957	212.34
LT2	508.875	508.875	160.138	112.466	50.908	208.948
LT2	509	509	154.993	112.85	50.865	207.097
LT2	509.125	509.125	155.647	108.623	50.826	206.721
LT2	509.25	509.25	161.934	102.41	50.794	207.497
LT2	509.375	509.375	167.592	96.829	50.768	208.843
LT2	509.5	509.5	166.988	93.388	50.75	210.246
LT2	509.625	509.625	158.641	93.459	50.741	211.284
LT2	509.75	509.75	147.664	96.869	50.742	211.727
LT2	509.875	509.875	139.1	102.23	50.755	211.634
LT2	510	510	135.902	107.335	50.782	211.236
LT2	510.125	510.125	137.488	109.333	50.822	211.064
LT2	510.25	510.25	141.663	106.367	50.873	211.622
LT2	510.375	510.375	145.189	98.167	50.936	213.306
LT2	510.5	510.5	146.999	88.534	51.008	215.58
LT2	510.625	510.625	146.498	80.849	51.087	217.632
LT2	510.75	510.75	144.733	77.301	51.172	218.533
LT2	510.875	510.875	143.626	77.348	51.263	218.119
LT2	511	511	144.886	80.314	51.359	216.568
LT2	511.125	511.125	146.905	84.064	51.459	214.67
LT2	511.25	511.25	147.556	85.484	51.563	213.401
LT2	511.375	511.375	148.308	81.368	51.668	213.926
LT2	511.5	511.5	151.964	71.851	51.775	216.766
LT2	511.625	511.625	159.567	59.474	51.882	221.611
LT2	511.75	511.75	169.566	47.936	51.988	227.371
LT2	511.875	511.875	179.811	40.096	52.092	232.081
LT2	512	512	185.511	37.353	52.194	234.25
LT2	512.125	512.125	181.053	40.476	52.291	232.895
LT2	512.25	512.25	165.617	48.645	52.384	229.054
LT2	512.375	512.375	147.084	61.164	52.471	224.127
LT2	512.5	512.5	138.556	73.924	52.555	220.038
LT2	512.625	512.625	148.985	82.135	52.637	217.752
LT2	512.75	512.75	180.489	83.165	52.717	217.502
LT2	512.875	512.875	219.211	79.55	52.797	218.524
LT2	513	513	246.359	74.836	52.879	220.03
LT2	513.125	513.125	249.011	71.158	52.965	221.447
LT2	513.25	513.25	234.35	69.067	53.054	222.374
LT2	513.375	513.375	214.965	68.606	53.148	222.632
LT2	513.5	513.5	197.801	69.845	53.248	222.175
LT2	513.625	513.625	181.75	72.527	53.354	221.338
LT2	513.75	513.75	168.388	76.306	53.467	220.336
LT2	513.875	513.875	160.503	79.594	53.586	219.391
LT2	514	514	158.061	80.592	53.711	218.754
LT2	514.125	514.125	157.992	78.267	53.84	218.709
LT2	514.25	514.25	156.855	72.901	53.971	219.423
LT2	514.375	514.375	153.157	65.574	54.103	220.883
LT2	514.5	514.5	147.19	57.659	54.232	223.016
LT2	514.625	514.625	141.452	51.428	54.354	225.189
LT2	514.75	514.75	139.49	48.173	54.467	226.619
LT2	514.875	514.875	143.095	48.023	54.564	226.579
LT2	515	515	149.345	49.391	54.643	225.422
LT2	515.125	515.125	152.555	51.467	54.7	223.733
LT2	515.25	515.25	149.948	53.778	54.73	222.04
LT2	515.375	515.375	144.287	56.009	54.735	220.418
LT2	515.5	515.5	142.232	58.203	54.712	218.635
LT2	515.625	515.625	146.687	61.068	54.661	216.339
LT2	515.75	515.75	157.166	65.039	54.585	213.525
LT2	515.875	515.875	170.804	69.67	54.484	210.618
LT2	516	516	182.809	73.529	54.359	208.607
LT2	516.125	516.125	188.57	75.807	54.213	208.216
LT2	516.25	516.25	186.229	76.198	54.047	209.89
LT2	516.375	516.375	179.918	75.034	53.864	212.985
LT2	516.5	516.5	176.558	72.473	53.667	216.733
LT2	516.625	516.625	179.557	68.629	53.456	220.327
LT2	516.75	516.75	185.735	64.31	53.235	223.194
LT2	516.875	516.875	189.159	60.212	53.006	224.962
LT2	517	517	188.031	56.871	52.771	225.528
LT2	517.125	517.125	185.475	54.613	52.535	225.372
LT2	517.25	517.25	188.155	54.197	52.301	224.731
LT2	517.375	517.375	198.864	56.11	52.073	223.469
LT2	517.5	517.5	213.196	59.479	51.855	221.54
LT2	517.625	517.625	216.869	62.85	51.649	219.339
LT2	517.75	517.75	201.345	64.659	51.454	217.78
LT2	517.875	517.875	169.357	63.983	51.268	217.522
LT2	518	518	136.981	60.279	51.093	219.105
LT2	518.125	518.125	114.435	55.411	50.924	221.884
LT2	518.25	518.25	104.445	51.784	50.761	224.72
LT2	518.375	518.375	102.207	51.761	50.601	226.024
LT2	518.5	518.5	104.198	55.161	50.444	225.383
LT2	518.625	518.625	108.441	61.305	50.288	223.124
LT2	518.75	518.75	112.847	68.336	50.129	220.354
LT2	518.875	518.875	115.683	73.909	49.964	218.168
LT2	519	519	115.384	76.259	49.791	217.262
LT2	519.125	519.125	112.96	75.64	49.607	217.551
LT2	519.25	519.25	110.028	73.815	49.41	218.399
LT2	519.375	519.375	107.718	72.484	49.195	219.063
LT2	519.5	519.5	106.016	72.574	48.957	218.916
LT2	519.625	519.625	105.999	74.173	48.695	217.686
LT2	519.75	519.75	109.699	76.912	48.4	215.264
LT2	519.875	519.875	116.885	79.61	48.076	212.313
LT2	520	520	123.979	81.241	47.721	209.62
LT2	520.125	520.125	127.148	81.309	47.331	208.167
LT2	520.25	520.25	126.663	80.633	46.911	208.155
LT2	520.375	520.375	125.286	80.112	46.46	209.386
LT2	520.5	520.5	125.625	80.619	45.979	211.065
LT2	520.625	520.625	128.487	82.358	45.473	212.352
LT2	520.75	520.75	133.346	85.109	44.942	212.641
LT2	520.875	520.875	139.321	87.965	44.393	212.048
LT2	521	521	146.131	90.088	43.831	211.164
LT2	521.125	521.125	155.811	90.841	43.263	210.699
LT2	521.25	521.25	171.276	90.677	42.698	210.958
LT2	521.375	521.375	194.118	90.448	42.141	211.807
LT2	521.5	521.5	219.643	91.127	41.603	212.842
LT2	521.625	521.625	240.738	92.72	41.089	213.74
LT2	521.75	521.75	251.497	94.886	40.607	214.498
LT2	521.875	521.875	257.287	96.997	40.169	215.216
LT2	522	522	263.438	98.084	39.776	215.834
LT2	522.125	522.125	265.583	96.906	39.433	216.249
LT2	522.25	522.25	252.141	93.476	39.142	216.53
LT2	522.375	522.375	217.709	89.208	38.897	216.787
LT2	522.5	522.5	174.005	85.244	38.701	217.094
LT2	522.625	522.625	137.68	81.584	38.547	217.671
LT2	522.75	522.75	118.685	78.263	38.431	218.75
LT2	522.875	522.875	115.998	76.113	38.351	220.297
LT2	523	523	124.113	74.202	38.301	222.002
LT2	523.125	523.125	137.117	69.865	38.276	224.354
LT2	523.25	523.25	147.968	61.09	38.274	228.888
LT2	523.375	523.375	153.965	51.018	38.286	235.576
LT2	523.5	523.5	154.811	43.771	38.306	242.591
LT2	523.625	523.625	153.448	41.391	38.327	246.824
LT2	523.75	523.75	152.169	42.671	38.342	247.301
LT2	523.875	523.875	152.787	47.036	38.344	244.456
LT2	524	524	154.406	53.02	38.324	240.383
LT2	524.125	524.125	153.838	58.147	38.279	236.959
LT2	524.25	524.25	150.408	60.546	38.195	235.378
LT2	524.375	524.375	149.673	62.865	38.069	234.504
LT2	524.5	524.5	158.4	68.521	37.901	232.572
LT2	524.625	524.625	173.445	77.882	37.685	228.74
LT2	524.75	524.75	184.609	86.175	37.432	224.829
LT2	524.875	524.875	183.863	89.945	37.147	222.679
LT2	525	525	176.86	88.197	36.841	223.101
LT2	525.125	525.125	170.87	82.769	36.525	225.121
LT2	525.25	525.25	169.51	75.187	36.208	227.896
LT2	525.375	525.375	170.443	67.821	35.895	230.874
LT2	525.5	525.5	172.51	62.379	35.59	233.856
LT2	525.625	525.625	176.689	59.747	35.297	236.534
LT2	525.75	525.75	183.514	59.705	35.02	238.405
LT2	525.875	525.875	190.9	61.959	34.765	239.058
LT2	526	526	191.954	65.76	34.541	238.074
LT2	526.125	526.125	182.053	69.357	34.353	235.901
LT2	526.25	526.25	162.137	71.955	34.205	233.133
LT2	526.375	526.375	142.516	73.863	34.11	230.423
LT2	526.5	526.5	130.448	76.093	34.069	228.028
LT2	526.625	526.625	128.827	79.276	34.091	226.02
LT2	526.75	526.75	133.186	83.848	34.185	224.444
LT2	526.875	526.875	141.201	89.922	34.347	223.174
LT2	527	527	151.5	97.279	34.583	221.944
LT2	527.125	527.125	162.497	104.427	34.887	220.41
LT2	527.25	527.25	173.325	109.051	35.249	218.51
LT2	527.375	527.375	182.973	106.763	35.665	216.674
LT2	527.5	527.5	191.709	95.992	36.121	216.047
LT2	527.625	527.625	200.091	79.238	36.607	217.658
LT2	527.75	527.75	207.617	61.982	37.118	222.339
LT2	527.875	527.875	211.914	47.948	37.643	229.081
LT2	528	528	206.229	37.485	38.174	236.722
LT2	528.125	528.125	187.757	30.227	38.693	243.446
LT2	528.25	528.25	159.195	25.817	39.188	247.949
LT2	528.375	528.375	129.293	23.684	39.639	249.578
LT2	528.5	528.5	107.744	22.664	40.027	248.925
LT2	528.625	528.625	98.932	22.357	40.343	247.073
LT2	528.75	528.75	100.778	23.011	40.57	244.623
LT2	528.875	528.875	106.715	24.5	40.701	242.046
LT2	529	529	112.087	26.613	40.734	239.742
LT2	529.125	529.125	115.84	29.18	40.654	238.197
LT2	529.25	529.25	118.025	31.737	40.47	237.529
LT2	529.375	529.375	116.576	33.968	40.182	237.713
LT2	529.5	529.5	110.337	35.813	39.777	238.577
LT2	529.625	529.625	101.692	37.276	39.271	239.573
LT2	529.75	529.75	95.805	38.019	38.662	240.28
LT2	529.875	529.875	95.498	37.676	37.95	240.66
LT2	530	530	100.424	36.407	37.151	241.066
LT2	530.125	530.125	106.992	34.398	36.265	241.671
LT2	530.25	530.25	110.745	32.062	35.305	242.178
LT2	530.375	530.375	109.431	30.04	34.289	242.207
LT2	530.5	530.5	105.362	29.135	33.233	241.487
LT2	530.625	530.625	102.255	29.569	32.163	240.026
LT2	530.75	530.75	101.826	31.056	31.1	237.776
LT2	530.875	530.875	104.07	33.029	30.072	234.557
LT2	531	531	109.076	34.663	29.096	230.689
LT2	531.125	531.125	116.546	35.463	28.192	226.687
LT2	531.25	531.25	124.29	35.122	27.384	223.665
LT2	531.375	531.375	130.784	33.725	26.678	222.647
LT2	531.5	531.5	134.338	31.439	26.087	224.384
LT2	531.625	531.625	133.35	28.993	25.622	228.448
LT2	531.75	531.75	126.548	27.033	25.275	233.391
LT2	531.875	531.875	115.575	25.83	25.056	237.852
LT2	532	532	104.778	25.185	24.957	241.006
LT2	532.125	532.125	97.219	24.898	24.969	242.895
LT2	532.25	532.25	93.387	24.657	25.096	244.05
LT2	532.375	532.375	92.219	23.994	25.321	245.511
LT2	532.5	532.5	92.671	22.83	25.634	247.907
LT2	532.625	532.625	93.258	21.537	26.033	251.546
LT2	532.75	532.75	93.338	20.5	26.497	256.026
LT2	532.875	532.875	93.247	19.775	27.016	260.882
LT2	533	533	93.783	19.423	27.578	265.084
LT2	533.125	533.125	94.809	19.574	28.167	267.572
LT2	533.25	533.25	95.521	20.187	28.767	267.522
LT2	533.375	533.375	96.115	20.694	29.36	265.172
LT2	533.5	533.5	97.741	20.612	29.927	261.392
LT2	533.625	533.625	100.443	19.787	30.438	256.974
LT2	533.75	533.75	102.805	18.601	30.875	252.901
LT2	533.875	533.875	104.785	17.42	31.225	249.897
LT2	534	534	108.569	16.647	31.466	248.604
LT2	534.125	534.125	115.585	16.463	31.608	248.766
LT2	534.25	534.25	124.884	16.817	31.654	250.138
LT2	534.375	534.375	134.497	17.446	31.604	252.357
LT2	534.5	534.5	145.801	18.142	31.476	254.737
LT2	534.625	534.625	163.124	18.928	31.278	256.681
LT2	534.75	534.75	186.359	19.674	31.024	257.817
LT2	534.875	534.875	212.011	20.202	30.729	258.328
LT2	535	535	233.139	20.564	30.403	258.485
LT2	535.125	535.125	246.773	20.924	30.059	258.461
LT2	535.25	535.25	253.872	21.013	29.704	258.188
LT2	535.375	535.375	258.023	20.335	29.346	257.553
LT2	535.5	535.5	260.086	19.25	28.992	256.706
LT2	535.625	535.625	256.434	18.515	28.651	255.865
LT2	535.75	535.75	244.219	18.652	28.337	255.313
LT2	535.875	535.875	225.727	19.316	28.063	255.221
LT2	536	536	205.875	20.203	27.847	255.676
LT2	536.125	536.125	188.666	20.94	27.708	256.484
LT2	536.25	536.25	174.962	21.255	27.65	257.225
LT2	536.375	536.375	164.611	21.092	27.681	257.599
LT2	536.5	536.5	157.261	20.983	27.8	257.682
LT2	536.625	536.625	152.944	21.33	27.996	258.004
LT2	536.75	536.75	150.58	21.78	28.27	259.602
LT2	536.875	536.875	148.601	21.443	28.61	263.464
LT2	537	537	144.673	19.943	29.006	269.837
LT2	537.125	537.125	137.074	17.397	29.457	278.343
LT2	537.25	537.25	127.734	14.797	29.954	287.235
LT2	537.375	537.375	121.086	12.9	30.493	294.975
LT2	537.5	537.5	119.858	12.304	31.079	299.917
LT2	537.625	537.625	122.811	12.7	31.703	301.904
LT2	537.75	537.75	126.403	13.503	32.364	301.29
LT2	537.875	537.875	129.705	14.194	33.049	299.316
LT2	538	538	133.627	14.719	33.745	297.141
LT2	538.125	538.125	137.445	15.247	34.433	295.138
LT2	538.25	538.25	138.944	15.943	35.1	293.047
LT2	538.375	538.375	137.235	16.654	35.738	290.771
LT2	538.5	538.5	134.476	17.068	36.34	288.849
LT2	538.625	538.625	132.985	17.015	36.911	288.162
LT2	538.75	538.75	133.263	16.605	37.461	289.018
LT2	538.875	538.875	134.495	16.23	38.002	290.905
LT2	539	539	135.709	16.224	38.55	292.603
LT2	539.125	539.125	134.868	16.578	39.113	293.711
LT2	539.25	539.25	130.875	17.001	39.701	294.75
LT2	539.375	539.375	124.301	16.912	40.312	296.438
LT2	539.5	539.5	117.995	15.791	40.94	299.042
LT2	539.625	539.625	115.822	13.743	41.571	301.967
LT2	539.75	539.75	120.435	11.52	42.19	304.035
LT2	539.875	539.875	131.635	9.938	42.776	303.743
LT2	540	540	146.711	9.211	43.319	300.761
LT2	540.125	540.125	163.195	9.075	43.82	296.165
LT2	540.25	540.25	176.844	9.296	44.286	291.793
LT2	540.375	540.375	183.97	9.609	44.737	289.2
LT2	540.5	540.5	182.459	9.903	45.188	289.172
LT2	540.625	540.625	176.326	10.038	45.651	292.309
LT2	540.75	540.75	169.575	9.998	46.127	297.687
LT2	540.875	540.875	163.039	9.917	46.609	303.903
LT2	541	541	154.962	10.068	47.084	308.752
LT2	541.125	541.125	145.209	10.559	47.535	311.282
LT2	541.25	541.25	136.579	11.273	47.946	311.696
LT2	541.375	541.375	132.275	11.762	48.3	311.618
LT2	541.5	541.5	134.756	11.57	48.594	312.563
LT2	541.625	541.625	143.866	10.511	48.815	315.375
LT2	541.75	541.75	155.138	9.258	48.966	318.85
LT2	541.875	541.875	161.157	8.495	49.055	321.241
LT2	542	542	156.243	8.664	49.081	321.103
LT2	542.125	542.125	142.083	9.493	49.065	319.244
LT2	542.25	542.25	125.231	10.584	49.014	316.854
LT2	542.375	542.375	113.375	11.293	48.934	315.461
LT2	542.5	542.5	108.859	11.336	48.824	315.8
LT2	542.625	542.625	110.21	10.842	48.676	317.653
LT2	542.75	542.75	113.166	10.205	48.48	319.393
LT2	542.875	542.875	115.429	9.588	48.236	319.791
LT2	543	543	116.031	9.047	47.946	318.472
LT2	543.125	543.125	115.487	8.762	47.618	315.732
LT2	543.25	543.25	114.865	8.807	47.265	311.717
LT2	543.375	543.375	115.849	9.047	46.893	306.746
LT2	543.5	543.5	118.883	9.181	46.508	302.071
LT2	543.625	543.625	124.24	9.079	46.108	298.726
LT2	543.75	543.75	131.997	8.781	45.689	297.485
LT2	543.875	543.875	141.566	8.453	45.249	298.091
LT2	544	544	149.906	8.17	44.788	300.311
LT2	544.125	544.125	153.063	7.968	44.311	303.365
LT2	544.25	544.25	149.587	7.872	43.828	306.179
LT2	544.375	544.375	142.299	7.937	43.349	308.025
LT2	544.5	544.5	135.573	8.174	42.889	308.664
LT2	544.625	544.625	129.392	8.537	42.459	308.115
LT2	544.75	544.75	121.314	8.963	42.078	306.41
LT2	544.875	544.875	111.984	9.369	41.758	304.337
LT2	545	545	104.283	9.711	41.507	302.691
LT2	545.125	545.125	99.864	9.912	41.341	301.958
LT2	545.25	545.25	97.735	9.903	41.251	301.846
LT2	545.375	545.375	96.595	9.667	41.232	302.08
LT2	545.5	545.5	95.607	9.339	41.279	302.237
LT2	545.625	545.625	94.642	9.145	41.381	301.787
LT2	545.75	545.75	94.366	9.142	41.536	300.259
LT2	545.875	545.875	96.005	9.124	41.75	297.4
LT2	546	546	100.138	8.917	42.023	293.446
LT2	546.125	546.125	106.22	8.503	42.363	289.181
LT2	546.25	546.25	111.806	8.033	42.77	286.475
LT2	546.375	546.375	114.504	7.642	43.238	286.818
LT2	546.5	546.5	114.573	7.456	43.766	291.189
LT2	546.625	546.625	114.266	7.48	44.338	298.141
LT2	546.75	546.75	114.738	7.681	44.943	305.604
LT2	546.875	546.875	114.485	8.13	45.564	310.504
LT2	547	547	111.883	8.838	46.177	311.257
LT2	547.125	547.125	107.241	9.605	46.763	307.65
LT2	547.25	547.25	103.123	9.936	47.297	301.019
LT2	547.375	547.375	101.707	9.632	47.769	293.449
LT2	547.5	547.5	103.708	8.768	48.164	286.447
LT2	547.625	547.625	106.665	7.713	48.477	281.058
LT2	547.75	547.75	108.463	6.828	48.715	277.264
LT2	547.875	547.875	108.079	6.442	48.875	274.965
LT2	548	548	106.79	6.544	48.966	274.512
LT2	548.125	548.125	106.601	6.886	48.994	276.811
LT2	548.25	548.25	108.458	7.213	48.953	282.823
LT2	548.375	548.375	111.381	7.452	48.852	291.102
LT2	548.5	548.5	113.107	7.677	48.693	299.649
LT2	548.625	548.625	111.892	8.043	48.474	305.652
LT2	548.75	548.75	107.714	8.62	48.206	307.774
LT2	548.875	548.875	101.107	9.401	47.888	305.794
LT2	549	549	94.476	10.271	47.523	301.342
LT2	549.125	549.125	90.163	11.159	47.123	296.761
LT2	549.25	549.25	89.336	12.038	46.698	293.701
LT2	549.375	549.375	91.01	12.741	46.271	292.483
LT2	549.5	549.5	94.421	13.007	45.863	292.35
LT2	549.625	549.625	99.764	12.525	45.494	292.297
LT2	549.75	549.75	107.489	11.365	45.174	291.595
LT2	549.875	549.875	116.628	9.785	44.908	290.251
LT2	550	550	125.878	8.181	44.703	289.004
LT2	550.125	550.125	135.818	6.897	44.549	289.054
LT2	550.25	550.25	147.949	6.116	44.447	291.25
LT2	550.375	550.375	160.25	5.906	44.396	295.265
LT2	550.5	550.5	167.164	6.184	44.389	299.285
LT2	550.625	550.625	162.325	6.938	44.428	301.731
LT2	550.75	550.75	148.962	8.038	44.512	302.218
LT2	550.875	550.875	133.496	9.224	44.64	301.849
LT2	551	551	123.011	10.138	44.818	302.257
LT2	551.125	551.125	118.123	10.491	45.045	304.678
LT2	551.25	551.25	117.214	10.314	45.32	308.782
LT2	551.375	551.375	121.383	9.83	45.65	312.708
LT2	551.5	551.5	137.323	9.329	46.025	314.431
LT2	551.625	551.625	174.485	8.937	46.436	313.511
LT2	551.75	551.75	224.85	8.717	46.87	310.758
LT2	551.875	551.875	267.736	8.623	47.309	307.736
LT2	552	552	274.862	8.567	47.742	305.562
LT2	552.125	552.125	246.609	8.474	48.161	305.052
LT2	552.25	552.25	198.19	8.404	48.564	305.822
LT2	552.375	552.375	153.298	8.425	48.949	306.94
LT2	552.5	552.5	121.991	8.54	49.317	307.359
LT2	552.625	552.625	104.241	8.734	49.667	306.814
LT2	552.75	552.75	95.05	9.016	49.999	305.247
LT2	552.875	552.875	90.73	9.385	50.319	302.828
LT2	553	553	90.219	9.827	50.629	299.738
LT2	553.125	553.125	94.897	10.251	50.933	296.241
LT2	553.25	553.25	110.089	10.447	51.233	292.87
LT2	553.375	553.375	142.035	10.288	51.528	290.286
LT2	553.5	553.5	180.256	9.862	51.813	289.372
LT2	553.625	553.625	207.231	9.412	52.085	290.056
LT2	553.75	553.75	205.59	9.094	52.337	291.648
LT2	553.875	553.875	182.273	9.071	52.566	292.589
LT2	554	554	150.584	9.576	52.771	291.457
LT2	554.125	554.125	124.227	11.088	52.952	286.614
LT2	554.25	554.25	106.58	13.724	53.112	277.766
LT2	554.375	554.375	96.439	16.858	53.255	266.606
LT2	554.5	554.5	90.659	19.236	53.382	256.81
LT2	554.625	554.625	88.139	19.96	53.494	251.691
LT2	554.75	554.75	89.757	18.831	53.594	252.042
LT2	554.875	554.875	94.258	16.223	53.68	256.634
LT2	555	555	99.063	13.345	53.754	262.036
LT2	555.125	555.125	101.775	11.286	53.813	265.563
LT2	555.25	555.25	102.889	10.709	53.855	265.503
LT2	555.375	555.375	102.976	11.084	53.875	263.426
LT2	555.5	555.5	101.402	11.758	53.867	262.484
LT2	555.625	555.625	98.631	12.25	53.827	265.414
LT2	555.75	555.75	96.231	12.426	53.753	271.538
LT2	555.875	555.875	94.92	12.302	53.641	278.315
LT2	556	556	92.805	12.15	53.49	282.907
LT2	556.125	556.125	88.324	12.14	53.301	284.289
LT2	556.25	556.25	83.927	12.132	53.068	282.321
LT2	556.375	556.375	83.253	11.863	52.794	278.938
LT2	556.5	556.5	87.898	11.336	52.479	275.909
LT2	556.625	556.625	93.6	10.825	52.122	274.676
LT2	556.75	556.75	95.843	10.6	51.729	274.991
LT2	556.875	556.875	92.105	10.883	51.306	276.302
LT2	557	557	86.574	11.788	50.861	278.058
LT2	557.125	557.125	83.134	13.014	50.405	279.951
LT2	557.25	557.25	82.93	14.019	49.948	281.766
LT2	557.375	557.375	84.269	14.441	49.496	283.308
LT2	557.5	557.5	86.194	14.368	49.052	284.337
LT2	557.625	557.625	88.631	13.901	48.619	284.28
LT2	557.75	557.75	90.544	13.178	48.196	282.811
LT2	557.875	557.875	90.329	12.431	47.785	279.835
LT2	558	558	88.65	12.057	47.391	275.33
LT2	558.125	558.125	87.042	12.108	47.019	270.167
LT2	558.25	558.25	86.702	12.453	46.678	265.744
LT2	558.375	558.375	88.129	12.71	46.379	264.247
LT2	558.5	558.5	92.181	12.408	46.129	266.505
LT2	558.625	558.625	100.273	11.32	45.939	272.482
LT2	558.75	558.75	110.709	9.925	45.818	280.397
LT2	558.875	558.875	120.234	8.86	45.765	288.094
LT2	559	559	124.38	8.498	45.789	293.669
LT2	559.125	559.125	122.23	8.801	45.881	296.407
LT2	559.25	559.25	115.629	9.718	46.032	296.423
LT2	559.375	559.375	108.575	11.121	46.236	293.631
LT2	559.5	559.5	102.373	12.618	46.472	288.536
LT2	559.625	559.625	96.374	13.959	46.731	281.46
LT2	559.75	559.75	90.768	14.797	47.007	273.273
LT2	559.875	559.875	87.308	14.991	47.294	265.44
LT2	560	560	87.235	14.605	47.594	259.152
LT2	560.125	560.125	89.12	14.039	47.907	255.097
LT2	560.25	560.25	91.834	13.627	48.231	252.991
LT2	560.375	560.375	94.672	13.618	48.564	252.452
LT2	560.5	560.5	96.945	14.231	48.899	252.448
LT2	560.625	560.625	98.184	15.322	49.231	252.059
LT2	560.75	560.75	99.105	16.394	49.554	250.864
LT2	560.875	560.875	100.571	17.067	49.865	249.463
LT2	561	561	102.159	17.425	50.163	248.475
LT2	561.125	561.125	102.917	17.708	50.446	248.161
LT2	561.25	561.25	102.948	18.067	50.713	247.99
LT2	561.375	561.375	103.537	18.599	50.962	247.338
LT2	561.5	561.5	105.343	19.358	51.191	245.789
LT2	561.625	561.625	107.41	20.004	51.402	244.062
LT2	561.75	561.75	108.084	19.846	51.594	243.729
LT2	561.875	561.875	108.615	18.408	51.771	246.494
LT2	562	562	112.901	16.076	51.936	252.305
LT2	562.125	562.125	128.224	13.593	52.089	259.939
LT2	562.25	562.25	160.274	11.759	52.226	266.841
LT2	562.375	562.375	212.013	10.895	52.349	271.25
LT2	562.5	562.5	267.286	11.219	52.45	272.005
LT2	562.625	562.625	300.431	12.372	52.532	270.358
LT2	562.75	562.75	287.641	13.901	52.593	267.88
LT2	562.875	562.875	240.939	15.08	52.632	266.258
LT2	563	563	186.637	15.39	52.653	266.078
LT2	563.125	563.125	150.381	14.778	52.655	267.277
LT2	563.25	563.25	133.049	13.862	52.638	269.108
LT2	563.375	563.375	126.479	13.339	52.599	270.653
LT2	563.5	563.5	121.69	13.42	52.534	271.406
LT2	563.625	563.625	116.099	13.618	52.439	271.834
LT2	563.75	563.75	110.927	13.513	52.316	272.775
LT2	563.875	563.875	108.257	12.987	52.16	274.699
LT2	564	564	108.274	12.306	51.97	276.904
LT2	564.125	564.125	110.745	11.74	51.744	278.422
LT2	564.25	564.25	117.244	11.532	51.472	278.256
LT2	564.375	564.375	132.508	11.649	51.156	276.708
LT2	564.5	564.5	165.439	12.023	50.791	274.577
LT2	564.625	564.625	216.536	12.74	50.372	272.966
LT2	564.75	564.75	278.408	14.098	49.904	271.948
LT2	564.875	564.875	328.774	16.578	49.386	270.757
LT2	565	565	347.623	20.477	48.817	268.479
LT2	565.125	565.125	329.785	25.303	48.202	265.201
LT2	565.25	565.25	290.534	29.242	47.537	261.705
LT2	565.375	565.375	249.902	29.757	46.821	259.466
LT2	565.5	565.5	216.164	26.473	46.055	259.57
LT2	565.625	565.625	189.593	21.268	45.232	262.607
LT2	565.75	565.75	170.875	17.259	44.357	267.141
LT2	565.875	565.875	161.105	15.52	43.434	271.656
LT2	566	566	154.813	15.979	42.466	274.762
LT2	566.125	566.125	146.692	17.786	41.466	276.203
LT2	566.25	566.25	133.91	20.284	40.446	276.058
LT2	566.375	566.375	119.697	22.572	39.419	274.937
LT2	566.5	566.5	107.572	24.128	38.402	273.69
LT2	566.625	566.625	99.812	24.646	37.407	272.846
LT2	566.75	566.75	95.706	23.979	36.447	272.601
LT2	566.875	566.875	94.702	22.334	35.529	272.959
LT2	567	567	95.934	20.349	34.667	274.004
LT2	567.125	567.125	98.243	18.978	33.865	275.567
LT2	567.25	567.25	99.938	18.546	33.13	277.325
LT2	567.375	567.375	99.352	19.04	32.478	278.769
LT2	567.5	567.5	96.912	20.125	31.906	279.572
LT2	567.625	567.625	94.436	21.59	31.422	279.66
LT2	567.75	567.75	92.953	22.922	31.042	279.358
LT2	567.875	567.875	92.028	23.724	30.761	279.3
LT2	568	568	91.218	24.004	30.591	279.922
LT2	568.125	568.125	91.047	23.905	30.539	281.25
LT2	568.25	568.25	91.892	23.65	30.594	282.845
LT2	568.375	568.375	92.784	23.77	30.761	284.033
LT2	568.5	568.5	92.557	24.749	31.025	284.073
LT2	568.625	568.625	91.368	26.319	31.373	282.784
LT2	568.75	568.75	90.497	27.687	31.804	280.574
LT2	568.875	568.875	91.302	28.227	32.3	278.634
LT2	569	569	94.998	27.75	32.857	277.799
LT2	569.125	569.125	101.165	26.204	33.476	278.686
LT2	569.25	569.25	109.179	24.22	34.146	280.834
LT2	569.375	569.375	117.625	22.425	34.863	283.439
LT2	569.5	569.5	124.976	21.38	35.62	285.195
LT2	569.625	569.625	131.834	21.055	36.405	285.451
LT2	569.75	569.75	141.821	21.255	37.212	284.044
LT2	569.875	569.875	160.042	21.602	38.034	281.519
LT2	570	570	193.089	22.003	38.862	278.753
LT2	570.125	570.125	246.905	22.772	39.689	276.89
LT2	570.25	570.25	317.81	23.872	40.504	276.88
LT2	570.375	570.375	391.356	24.707	41.299	278.903
LT2	570.5	570.5	438.767	24.561	42.064	282.561
LT2	570.625	570.625	442.269	23.48	42.797	286.495
LT2	570.75	570.75	397.027	21.719	43.496	289.703
LT2	570.875	570.875	330.666	19.636	44.155	291.414
LT2	571	571	267.875	17.628	44.772	291.774
LT2	571.125	571.125	226.028	16.064	45.341	291.121
LT2	571.25	571.25	201.439	15.089	45.855	290.166
LT2	571.375	571.375	187.482	14.484	46.315	289.48
LT2	571.5	571.5	178.588	14.022	46.715	289.268
LT2	571.625	571.625	172.177	13.527	47.057	289.342
LT2	571.75	571.75	167.657	12.944	47.343	289.52
LT2	571.875	571.875	165.167	12.327	47.566	289.742
LT2	572	572	164.638	11.817	47.727	289.966
LT2	572.125	572.125	165.285	11.506	47.828	290.18
LT2	572.25	572.25	164.916	11.413	47.859	290.442
LT2	572.375	572.375	161.977	11.453	47.828	290.732
LT2	572.5	572.5	156.522	11.562	47.735	290.826
LT2	572.625	572.625	151.219	11.68	47.579	290.264
LT2	572.75	572.75	148.92	11.73	47.372	288.917
LT2	572.875	572.875	150.133	11.583	47.118	287.064
LT2	573	573	150.711	11.208	46.825	285.683
LT2	573.125	573.125	147.377	10.765	46.505	285.654
LT2	573.25	573.25	141.97	10.433	46.169	287.634
LT2	573.375	573.375	139.085	10.214	45.832	291.271
LT2	573.5	573.5	141.012	10.055	45.507	295.694
LT2	573.625	573.625	146.763	10.053	45.209	299.515
LT2	573.75	573.75	154.672	10.268	44.939	301.576
LT2	573.875	573.875	163.071	10.59	44.697	301.438
LT2	574	574	171.658	10.819	44.486	299.201
LT2	574.125	574.125	181.709	10.995	44.301	295.83
LT2	574.25	574.25	193.282	11.283	44.15	292.124
LT2	574.375	574.375	201.211	11.732	44.039	288.964
LT2	574.5	574.5	200.335	12.145	43.971	286.771
LT2	574.625	574.625	190.595	12.246	43.956	285.869
LT2	574.75	574.75	179.054	11.913	44.001	286.429
LT2	574.875	574.875	170.131	11.283	44.109	288.44
LT2	575	575	162.353	10.616	44.288	291.891
LT2	575.125	575.125	152.233	10.147	44.532	296.26
LT2	575.25	575.25	139.659	9.937	44.835	300.961
LT2	575.375	575.375	129.456	9.954	45.195	304.998
LT2	575.5	575.5	124.347	10.065	45.594	307.637
LT2	575.625	575.625	123.228	10.182	46.023	308.59
LT2	575.75	575.75	121.903	10.292	46.468	308.032
LT2	575.875	575.875	119.175	10.495	46.914	306.585
LT2	576	576	115.927	10.824	47.351	304.684
LT2	576.125	576.125	113.668	11.085	47.767	302.747
LT2	576.25	576.25	114.821	11.058	48.159	300.889
LT2	576.375	576.375	122.023	10.619	48.522	299.138
LT2	576.5	576.5	133.188	9.909	48.854	297.854
LT2	576.625	576.625	142.764	9.151	49.156	297.582
LT2	576.75	576.75	145.673	8.645	49.425	298.72
LT2	576.875	576.875	144.046	8.595	49.659	300.441
LT2	577	577	142.697	8.973	49.854	301.682
LT2	577.125	577.125	143.434	9.452	49.996	301.358
LT2	577.25	577.25	144.147	9.693	50.08	299.609
LT2	577.375	577.375	141.808	9.609	50.099	297.284
LT2	577.5	577.5	137.859	9.27	50.048	296.006
LT2	577.625	577.625	135.17	8.77	49.932	296.25
LT2	577.75	577.75	135.514	8.229	49.755	297.012
LT2	577.875	577.875	136.963	7.893	49.524	296.187
LT2	578	578	137.29	7.851	49.253	292.904
LT2	578.125	578.125	136.259	7.997	48.949	287.373
LT2	578.25	578.25	134.953	8.145	48.623	281.306
LT2	578.375	578.375	133.659	8.243	48.287	276.233
LT2	578.5	578.5	132.558	8.27	47.949	273.563
LT2	578.625	578.625	131.629	8.244	47.616	272.955
LT2	578.75	578.75	131.15	8.229	47.295	273.687
LT2	578.875	578.875	132.219	8.256	46.99	274.91
LT2	579	579	135.49	8.233	46.699	276.099
LT2	579.125	579.125	141.297	8.078	46.424	277.112
LT2	579.25	579.25	149.57	7.875	46.165	278.201
LT2	579.375	579.375	160.859	7.831	45.928	279.811
LT2	579.5	579.5	173.2	8.183	45.72	282.42
LT2	579.625	579.625	180.957	8.899	45.551	286.097
LT2	579.75	579.75	178.694	9.651	45.424	290.399
LT2	579.875	579.875	166.891	10.072	45.352	294.267
LT2	580	580	151.582	10.231	45.328	296.566
LT2	580.125	580.125	139.572	10.342	45.347	296.871
LT2	580.25	580.25	133.794	10.485	45.406	295.392
LT2	580.375	580.375	132.174	10.601	45.489	293.367
LT2	580.5	580.5	131.454	10.664	45.59	291.933
LT2	580.625	580.625	130.218	10.57	45.705	292.228
LT2	580.75	580.75	128.829	10.226	45.829	294.304
LT2	580.875	580.875	128.172	9.733	45.962	297.695
LT2	581	581	128.026	9.467	46.106	301.24
LT2	581.125	581.125	127.585	9.584	46.261	304.004
LT2	581.25	581.25	125.264	10.008	46.428	305.281
LT2	581.375	581.375	121.64	10.47	46.606	305.07
LT2	581.5	581.5	118.682	10.775	46.791	303.631
LT2	581.625	581.625	117.496	10.793	46.98	301.089
LT2	581.75	581.75	117.942	10.666	47.166	297.593
LT2	581.875	581.875	120.405	10.548	47.344	293.002
LT2	582	582	125.212	10.543	47.507	287.384
LT2	582.125	582.125	131.683	10.637	47.652	281.53
LT2	582.25	582.25	137.766	10.862	47.777	276.301
LT2	582.375	582.375	143.212	11.219	47.882	272.477
LT2	582.5	582.5	148.255	11.656	47.975	270.251
LT2	582.625	582.625	151.288	12.271	48.06	269.735
LT2	582.75	582.75	150.163	13.171	48.144	270.358
LT2	582.875	582.875	143.861	14.133	48.232	271.308
LT2	583	583	135.024	14.573	48.325	271.888
LT2	583.125	583.125	126.895	14.182	48.422	271.943
LT2	583.25	583.25	121.46	13.103	48.522	271.696
LT2	583.375	583.375	120.432	11.661	48.622	271.67
LT2	583.5	583.5	124.809	10.267	48.72	272.264
LT2	583.625	583.625	132.945	9.283	48.814	273.51
LT2	583.75	583.75	139.318	8.943	48.903	274.996
LT2	583.875	583.875	141.449	8.992	48.987	276.251
LT2	584	584	142.039	9.14	49.07	277.031
LT2	584.125	584.125	145.101	9.232	49.153	277.439
LT2	584.25	584.25	150.954	9.294	49.237	277.865
LT2	584.375	584.375	156.509	9.408	49.323	278.826
LT2	584.5	584.5	159.443	9.707	49.407	280.495
LT2	584.625	584.625	158.92	10.23	49.49	282.581
LT2	584.75	584.75	155.99	10.786	49.567	284.659
LT2	584.875	584.875	151.737	11.081	49.634	286.514
LT2	585	585	146.919	11.047	49.688	287.998
LT2	585.125	585.125	142.241	10.826	49.721	288.693
LT2	585.25	585.25	137.987	10.615	49.73	288.398
LT2	585.375	585.375	134.763	10.484	49.711	287.116
LT2	585.5	585.5	134.643	10.485	49.658	285.191
LT2	585.625	585.625	140.72	10.696	49.572	283.047
LT2	585.75	585.75	154.627	11.149	49.449	281.05
LT2	585.875	585.875	170.968	11.654	49.291	279.553
LT2	586	586	182.785	12.031	49.102	278.609
LT2	586.125	586.125	185.955	12.191	48.878	278.071
LT2	586.25	586.25	182.828	12.128	48.621	277.693
LT2	586.375	586.375	177.52	11.868	48.327	277.469
LT2	586.5	586.5	174.592	11.579	47.985	277.47
LT2	586.625	586.625	175.046	11.43	47.598	277.592
LT2	586.75	586.75	177.529	11.415	47.163	277.799
LT2	586.875	586.875	179.242	11.497	46.679	278.253
LT2	587	587	177.85	11.753	46.152	278.996
LT2	587.125	587.125	172.397	12.312	45.584	279.744
LT2	587.25	587.25	165.206	13.256	44.981	279.794
LT2	587.375	587.375	157.293	14.599	44.352	278.58
LT2	587.5	587.5	147.889	16.107	43.703	275.651
LT2	587.625	587.625	136.131	17.06	43.044	271.668
LT2	587.75	587.75	124.181	17.059	42.379	268.076
LT2	587.875	587.875	116.827	16.092	41.712	266.857
LT2	588	588	114.829	14.73	41.043	268.401
LT2	588.125	588.125	116.256	13.466	40.371	271.912
LT2	588.25	588.25	116.888	12.922	39.694	275.546
LT2	588.375	588.375	113.798	13.287	39.012	277.504
LT2	588.5	588.5	106.237	14.373	38.328	276.854
LT2	588.625	588.625	98.099	15.689	37.654	274.041
LT2	588.75	588.75	92.805	16.935	37.001	270.668
LT2	588.875	588.875	91.36	17.979	36.384	268.004
LT2	589	589	91.513	18.782	35.815	266.523
LT2	589.125	589.125	92.541	19.377	35.3	265.954
LT2	589.25	589.25	95.028	19.712	34.848	265.945
LT2	589.375	589.375	98.995	19.631	34.457	266.159
LT2	589.5	589.5	103.972	19.009	34.128	266.538
LT2	589.625	589.625	108.68	17.843	33.87	266.991
LT2	589.75	589.75	111.787	16.561	33.675	267.114
LT2	589.875	589.875	111.838	15.617	33.545	266.535
LT2	590	590	109.381	15.37	33.491	265.27
LT2	590.125	590.125	105.957	15.621	33.507	263.916
LT2	590.25	590.25	103.58	16.067	33.602	263.091
LT2	590.375	590.375	103.452	16.416	33.781	263.185
LT2	590.5	590.5	106.569	16.538	34.04	263.913
LT2	590.625	590.625	113.19	16.336	34.386	264.658
LT2	590.75	590.75	120.934	15.838	34.815	264.877
LT2	590.875	590.875	126.901	15.108	35.318	264.692
LT2	591	591	129.292	14.202	35.899	264.722
LT2	591.125	591.125	129.112	13.365	36.542	265.539
LT2	591.25	591.25	128.947	12.857	37.24	267.284
LT2	591.375	591.375	131.611	12.671	37.992	269.888
LT2	591.5	591.5	138.074	12.35	38.786	273.158
LT2	591.625	591.625	148.479	11.653	39.62	277.229
LT2	591.75	591.75	160.903	10.803	40.49	282.04
LT2	591.875	591.875	173.278	10.267	41.386	286.773
LT2	592	592	181.897	10.377	42.297	290.121
LT2	592.125	592.125	185.346	11.032	43.207	290.882
LT2	592.25	592.25	183.749	11.84	44.1	289.075
LT2	592.375	592.375	178.443	12.397	44.959	285.531
LT2	592.5	592.5	171.412	12.517	45.776	282.303
LT2	592.625	592.625	165.563	12.199	46.548	280.865
LT2	592.75	592.75	163.559	11.543	47.271	282.084
LT2	592.875	592.875	164.229	10.878	47.951	284.902
LT2	593	593	163.698	10.318	48.587	288.304
LT2	593.125	593.125	160.357	9.711	49.174	291.468
LT2	593.25	593.25	156.192	8.981	49.713	293.954
LT2	593.375	593.375	154.978	8.354	50.197	295.213
LT2	593.5	593.5	156.798	8.189	50.623	294.849
LT2	593.625	593.625	159.54	8.477	50.993	293.257
LT2	593.75	593.75	160.551	9.091	51.303	291.011
LT2	593.875	593.875	160.209	9.77	51.552	288.828
LT2	594	594	160.044	10.268	51.74	287.183
LT2	594.125	594.125	160.705	10.324	51.857	286.418
LT2	594.25	594.25	162.21	9.948	51.908	286.111
LT2	594.375	594.375	166.19	9.326	51.896	285.642
LT2	594.5	594.5	174.368	8.748	51.821	284.69
LT2	594.625	594.625	186.419	8.378	51.696	283.872
LT2	594.75	594.75	199.196	8.32	51.524	284.001
LT2	594.875	594.875	208.431	8.697	51.298	285.521
LT2	595	595	211.293	9.482	51.016	287.77
LT2	595.125	595.125	205.808	10.493	50.664	289.818
LT2	595.25	595.25	194.623	11.379	50.237	290.865
LT2	595.375	595.375	180.539	11.944	49.737	290.849
LT2	595.5	595.5	166.472	12.084	49.161	290.066
LT2	595.625	595.625	154.469	11.814	48.517	289.361
LT2	595.75	595.75	147.834	11.223	47.809	289.338
LT2	595.875	595.875	148.248	10.537	47.029	290.014
LT2	596	596	152.131	10.083	46.184	290.358
LT2	596.125	596.125	153.076	10.028	45.273	289.468
LT2	596.25	596.25	149.161	10.427	44.293	286.778
LT2	596.375	596.375	143.273	11.149	43.258	282.653
LT2	596.5	596.5	138.506	12.026	42.172	277.483
LT2	596.625	596.625	134.475	12.706	41.046	272.123
LT2	596.75	596.75	129.921	12.953	39.894	267.459
LT2	596.875	596.875	125.849	12.758	38.726	264.202
LT2	597	597	124.315	12.456	37.558	262.66
LT2	597.125	597.125	125.058	12.318	36.406	262.855
LT2	597.25	597.25	125.978	12.509	35.292	264.712
LT2	597.375	597.375	127.659	13.033	34.234	267.255
LT2	597.5	597.5	132.271	13.872	33.248	269.571
LT2	597.625	597.625	138.448	15.086	32.36	270.778
LT2	597.75	597.75	142.263	16.649	31.572	270.745
LT2	597.875	597.875	141.937	18.452	30.896	269.621
LT2	598	598	140.494	19.764	30.35	268.029
LT2	598.125	598.125	139.955	19.715	29.928	266.688
LT2	598.25	598.25	140.792	17.937	29.647	265.952
LT2	598.375	598.375	141.696	15.224	29.514	265.766
LT2	598.5	598.5	140.171	12.603	29.523	265.894
LT2	598.625	598.625	133.832	10.751	29.689	266.115
LT2	598.75	598.75	123.911	9.92	30.004	266.151
LT2	598.875	598.875	113.343	10.099	30.46	265.894
LT2	599	599	104.254	10.92	31.071	265.396
LT2	599.125	599.125	97.173	11.663	31.814	264.834
LT2	599.25	599.25	93.591	12.005	32.681	264.256
LT2	599.375	599.375	94.247	11.854	33.668	263.685
LT2	599.5	599.5	97.964	11.365	34.745	263.242
LT2	599.625	599.625	102.454	10.713	35.898	263.106
LT2	599.75	599.75	105.85	10.176	37.106	263.375
LT2	599.875	599.875	108.041	9.847	38.346	263.955
LT2	600	600	111.008	9.66	39.601	264.788
LT2	600.125	600.125	118.769	9.464	40.848	265.911
LT2	600.25	600.25	134.76	9.132	42.068	267.447
LT2	600.375	600.375	157.908	8.615	43.241	269.468
LT2	600.5	600.5	181.291	8.118	44.354	271.511
LT2	600.625	600.625	196.605	7.844	45.398	272.908
LT2	600.75	600.75	199.781	7.852	46.353	272.904
LT2	600.875	600.875	193.804	7.945	47.22	271.911
LT2	601	601	185.375	7.948	47.992	270.981
LT2	601.125	601.125	180.336	7.729	48.656	271.777
LT2	601.25	601.25	178.431	7.354	49.217	274.7
LT2	601.375	601.375	176.654	7.012	49.663	278.972
LT2	601.5	601.5	173.053	6.985	49.984	282.382
LT2	601.625	601.625	168.177	7.315	50.186	283.396
LT2	601.75	601.75	163.297	7.822	50.257	281.547
LT2	601.875	601.875	158.566	8.23	50.201	278.283
LT2	602	602	153.967	8.491	50.026	275.173
LT2	602.125	602.125	150.207	8.643	49.721	273.428
LT2	602.25	602.25	147.249	8.678	49.301	273.016
LT2	602.375	602.375	144.732	8.587	48.775	273.382
LT2	602.5	602.5	143.028	8.491	48.139	273.775
LT2	602.625	602.625	142.392	8.531	47.414	273.902
LT2	602.75	602.75	141.704	8.71	46.607	273.996
LT2	602.875	602.875	139.592	8.996	45.725	274.548
LT2	603	603	136.546	9.401	44.787	275.728
LT2	603.125	603.125	133.404	9.851	43.797	277.523
LT2	603.25	603.25	128.978	10.116	42.765	279.614
LT2	603.375	603.375	122.17	10.112	41.697	281.596
LT2	603.5	603.5	114.846	9.968	40.593	283.064
LT2	603.625	603.625	110.685	9.964	39.464	283.822
LT2	603.75	603.75	112.815	10.219	38.318	283.787
LT2	603.875	603.875	119.933	10.759	37.166	282.855
LT2	604	604	128.122	11.556	36.02	281.303
LT2	604.125	604.125	133.32	12.629	34.895	279.35
LT2	604.25	604.25	135.457	13.827	33.806	277.294
LT2	604.375	604.375	136.633	14.794	32.764	275.487
LT2	604.5	604.5	138.009	15.249	31.78	274.17
LT2	604.625	604.625	138.404	15.172	30.862	273.271
LT2	604.75	604.75	136.922	14.751	30.009	272.539
LT2	604.875	604.875	134.981	14.097	29.229	271.948
LT2	605	605	134.761	13.3	28.521	271.694
LT2	605.125	605.125	136.946	12.457	27.886	271.831
LT2	605.25	605.25	140.058	11.839	27.335	271.992
LT2	605.375	605.375	143.135	11.758	26.863	271.326
LT2	605.5	605.5	146.024	12.305	26.47	269.218
LT2	605.625	605.625	148.309	13.302	26.172	265.676
LT2	605.75	605.75	148.654	14.288	25.961	262.114
LT2	605.875	605.875	145.27	14.845	25.841	259.982
LT2	606	606	139.497	14.495	25.812	260.302
LT2	606.125	606.125	134.078	13.259	25.854	262.52
LT2	606.25	606.25	131.265	11.542	25.959	265.65
LT2	606.375	606.375	129.933	10.087	26.108	268.192
LT2	606.5	606.5	128.563	9.214	26.282	269.231
LT2	606.625	606.625	126.666	8.976	26.469	268.353
LT2	606.75	606.75	124.179	9.254	26.652	266.259
LT2	606.875	606.875	121.369	9.928	26.824	263.784
LT2	607	607	119.338	10.714	26.978	261.729
LT2	607.125	607.125	118.905	11.231	27.116	260.583
LT2	607.25	607.25	119.75	11.366	27.235	260.593
LT2	607.375	607.375	120.709	11.17	27.333	261.661
LT2	607.5	607.5	121.895	10.728	27.406	263.163
LT2	607.625	607.625	124.48	10.027	27.441	264.728
LT2	607.75	607.75	128.801	9.231	27.427	266.159
LT2	607.875	607.875	134.265	8.653	27.355	267.311
LT2	608	608	138.409	8.507	27.213	267.962
LT2	608.125	608.125	140.011	8.689	26.997	268.085
LT2	608.25	608.25	140.38	8.961	26.712	267.894
LT2	608.375	608.375	142.689	9.061	26.359	267.74
LT2	608.5	608.5	148.19	8.854	25.955	268.032
LT2	608.625	608.625	155.55	8.412	25.514	268.928
LT2	608.75	608.75	162.335	8.009	25.049	270.161
LT2	608.875	608.875	167.474	7.878	24.58	271.03
LT2	609	609	170.651	8.021	24.122	271.111
LT2	609.125	609.125	173.045	8.275	23.697	270.461
LT2	609.25	609.25	174.708	8.494	23.319	269.562
LT2	609.375	609.375	174.985	8.626	23.004	268.733
LT2	609.5	609.5	174.783	8.683	22.763	268.143
LT2	609.625	609.625	174.289	8.704	22.594	267.865
LT2	609.75	609.75	173.118	8.69	22.506	268.008
LT2	609.875	609.875	171.158	8.619	22.493	268.539
LT2	610	610	169.788	8.487	22.549	269.338
LT2	610.125	610.125	170.426	8.332	22.675	270.375
LT2	610.25	610.25	171.605	8.227	22.857	271.791
LT2	610.375	610.375	170.747	8.184	23.087	273.758
LT2	610.5	610.5	167.567	8.186	23.362	276.169
LT2	610.625	610.625	163.398	8.259	23.67	278.489
LT2	610.75	610.75	160.067	8.467	24.011	280.286
LT2	610.875	610.875	157.143	8.806	24.387	281.468
LT2	611	611	152.156	9.164	24.797	282.515
LT2	611.125	611.125	142.737	9.411	25.241	284.059
LT2	611.25	611.25	131.652	9.42	25.709	286.295
LT2	611.375	611.375	123.666	9.179	26.182	288.598
LT2	611.5	611.5	121.809	8.817	26.636	289.742
LT2	611.625	611.625	123.952	8.581	27.045	288.891
LT2	611.75	611.75	126.643	8.543	27.394	286.123
LT2	611.875	611.875	126.975	8.63	27.656	282.34
LT2	612	612	124.779	8.727	27.833	279.123
LT2	612.125	612.125	122.227	8.777	27.926	277.375
LT2	612.25	612.25	121.468	8.708	27.936	277.257
LT2	612.375	612.375	122.398	8.546	27.889	277.959
LT2	612.5	612.5	123.33	8.405	27.8	278.785
LT2	612.625	612.625	123.238	8.387	27.691	279.209
LT2	612.75	612.75	122.13	8.423	27.572	279.164
LT2	612.875	612.875	119.774	8.384	27.447	278.878
LT2	613	613	117.047	8.224	27.312	279.058
LT2	613.125	613.125	115.673	8.026	27.164	280.302
LT2	613.25	613.25	115.503	7.938	26.995	282.833
LT2	613.375	613.375	114.8	8.07	26.808	285.708
LT2	613.5	613.5	112.589	8.396	26.609	287.837
LT2	613.625	613.625	111.477	8.718	26.411	287.886
LT2	613.75	613.75	113.644	8.781	26.231	285.562
LT2	613.875	613.875	118.415	8.482	26.086	281.12
LT2	614	614	122.778	7.94	25.994	275.921
LT2	614.125	614.125	125.913	7.371	25.957	271.43
LT2	614.25	614.25	128.131	6.946	25.984	268.472
LT2	614.375	614.375	128.863	6.811	26.069	267.03
LT2	614.5	614.5	127.084	6.985	26.203	266.691
LT2	614.625	614.625	123.824	7.402	26.38	267.194
LT2	614.75	614.75	121.751	7.861	26.582	268.386
LT2	614.875	614.875	122.231	8.227	26.795	270.443
LT2	615	615	123.899	8.347	27.008	273.864
LT2	615.125	615.125	124.873	8.179	27.218	278.599
LT2	615.25	615.25	123.325	7.795	27.43	284.392
LT2	615.375	615.375	118.77	7.435	27.649	290.489
LT2	615.5	615.5	112.263	7.31	27.869	295.877
LT2	615.625	615.625	106.774	7.495	28.08	299.671
LT2	615.75	615.75	104.616	7.935	28.258	301.365
LT2	615.875	615.875	106.113	8.507	28.391	301.175
LT2	616	616	110.522	9.13	28.463	299.304
LT2	616.125	616.125	116.123	9.781	28.473	296.354
LT2	616.25	616.25	121.375	10.469	28.427	292.868
LT2	616.375	616.375	124.894	11.164	28.327	289.317
LT2	616.5	616.5	126.796	11.785	28.188	286.094
LT2	616.625	616.625	127.838	12.208	28.017	283.423
LT2	616.75	616.75	129.161	12.318	27.819	281.516
LT2	616.875	616.875	131.303	12.254	27.598	280.217
LT2	617	617	132.731	12.215	27.352	279.362
LT2	617.125	617.125	130.454	12.332	27.083	278.807
LT2	617.25	617.25	124.145	12.486	26.801	278.49
LT2	617.375	617.375	116.863	12.476	26.517	278.286
LT2	617.5	617.5	111.759	12.108	26.248	277.645
LT2	617.625	617.625	109.51	11.309	26.003	275.943
LT2	617.75	617.75	108.891	10.117	25.793	272.678
LT2	617.875	617.875	109.016	8.865	25.63	268.306
LT2	618	618	109.239	7.823	25.524	263.681
LT2	618.125	618.125	109.453	7.129	25.495	259.952
LT2	618.25	618.25	110.442	6.714	25.543	257.745
LT2	618.375	618.375	112.894	6.542	25.661	257.187
LT2	618.5	618.5	116.843	6.605	25.84	257.951
LT2	618.625	618.625	123.909	6.853	26.051	259.228
LT2	618.75	618.75	137.448	7.312	26.275	260.489
LT2	618.875	618.875	154.8	7.983	26.493	261.55
LT2	619	619	168.25	8.701	26.697	262.733
LT2	619.125	619.125	167.765	9.179	26.885	264.473
LT2	619.25	619.25	155.25	9.202	27.065	266.835
LT2	619.375	619.375	138.491	8.791	27.246	269.562
LT2	619.5	619.5	125.631	8.114	27.437	272.485
LT2	619.625	619.625	117.047	7.48	27.634	275.711
LT2	619.75	619.75	110.135	7.039	27.829	279.566
LT2	619.875	619.875	104.131	6.818	28.007	284.357
LT2	620	620	100.688	6.742	28.16	289.499
LT2	620.125	620.125	100.898	6.828	28.281	294.008
LT2	620.25	620.25	102.519	7.118	28.366	296.626
LT2	620.375	620.375	103.844	7.525	28.416	297.185
LT2	620.5	620.5	105.091	7.925	28.425	296.232
LT2	620.625	620.625	107.562	8.073	28.391	295.383
LT2	620.75	620.75	112.16	7.77	28.318	295.84
LT2	620.875	620.875	119.645	6.996	28.211	297.972
LT2	621	621	128.651	6.161	28.088	300.748
LT2	621.125	621.125	135.645	5.66	27.964	302.913
LT2	621.25	621.25	136.205	5.747	27.856	302.912
LT2	621.375	621.375	129.174	6.313	27.774	300.419
LT2	621.5	621.5	117.202	7.161	27.723	296.188
LT2	621.625	621.625	108.879	7.781	27.709	292.075
LT2	621.75	621.75	110.258	7.822	27.729	289.538
LT2	621.875	621.875	121.982	7.309	27.782	289.24
LT2	622	622	135.095	6.631	27.866	291.13
LT2	622.125	622.125	144.514	6.062	27.977	294.277
LT2	622.25	622.25	150.483	5.631	28.11	297.601
LT2	622.375	622.375	155.703	5.31	28.256	300.22
LT2	622.5	622.5	159.185	5.167	28.404	301.966
LT2	622.625	622.625	156.735	5.484	28.541	302.328
LT2	622.75	622.75	146.17	6.421	28.659	300.547
LT2	622.875	622.875	128.27	7.737	28.757	296.396
LT2	623	623	111.066	8.762	28.835	290.765
LT2	623.125	623.125	102.547	9.061	28.903	285.96
LT2	623.25	623.25	105.609	8.637	28.963	283.762
LT2	623.375	623.375	111.467	7.818	29.013	285.194
LT2	623.5	623.5	113.137	7.057	29.051	289.128
LT2	623.625	623.625	109.869	6.736	29.066	293.885
LT2	623.75	623.75	106.757	6.978	29.047	297.102
LT2	623.875	623.875	106.368	7.518	28.988	297.677
LT2	624	624	108.399	8.059	28.877	295.617
LT2	624.125	624.125	111.446	8.52	28.712	292.672
LT2	624.25	624.25	113.681	8.952	28.496	290.405
LT2	624.375	624.375	113.468	9.213	28.23	289.92
LT2	624.5	624.5	112.801	9.068	27.926	290.988
LT2	624.625	624.625	116.658	8.443	27.597	292.958
LT2	624.75	624.75	127.722	7.509	27.255	294.779
LT2	624.875	624.875	142.956	6.58	26.917	295.766
LT2	625	625	155.009	5.892	26.596	295.881
LT2	625.125	625.125	158.668	5.678	26.305	295.673
LT2	625.25	625.25	152.451	5.905	26.044	295.829
LT2	625.375	625.375	138.67	6.401	25.816	297.071
LT2	625.5	625.5	123.475	6.913	25.617	299.665
LT2	625.625	625.625	113.325	7.292	25.442	302.821
LT2	625.75	625.75	115.555	7.409	25.296	304.85
LT2	625.875	625.875	131.392	7.371	25.181	304.185
LT2	626	626	157.695	7.487	25.103	300.312
LT2	626.125	626.125	182.577	8.043	25.078	293.428
LT2	626.25	626.25	194.994	8.803	25.103	285.8
LT2	626.375	626.375	187.528	9.417	25.183	279.609
LT2	626.5	626.5	167.264	9.579	25.318	276.522
LT2	626.625	626.625	143.757	9.263	25.498	275.745
LT2	626.75	626.75	125.861	8.499	25.719	276.405
LT2	626.875	626.875	114.474	7.505	25.977	278.597
LT2	627	627	108.087	6.516	26.267	283.077
LT2	627.125	627.125	104.629	5.669	26.593	290.14
LT2	627.25	627.25	102.082	5.042	26.96	298.035
LT2	627.375	627.375	99.439	4.695	27.372	304.723
LT2	627.5	627.5	96.347	4.75	27.84	308.208
LT2	627.625	627.625	92.966	5.128	28.367	308.372
LT2	627.75	627.75	90.333	5.635	28.955	306.471
LT2	627.875	627.875	90.434	6.003	29.61	305.207
LT2	628	628	94.212	6.178	30.32	306.031
LT2	628.125	628.125	100.479	6.28	31.078	308.055
LT2	628.25	628.25	105.916	6.474	31.874	308.723
LT2	628.375	628.375	108.765	6.771	32.692	307.078
LT2	628.5	628.5	109.066	7.092	33.522	303.733
LT2	628.625	628.625	108.064	7.315	34.36	300.485
LT2	628.75	628.75	106.21	7.45	35.202	298.413
LT2	628.875	628.875	106.027	7.7	36.055	297.444
LT2	629	629	112.885	8.367	36.924	295.568
LT2	629.125	629.125	132.501	9.523	37.813	290.815
LT2	629.25	629.25	159.482	10.959	38.726	282.064
LT2	629.375	629.375	179.947	12.135	39.652	271.699
LT2	629.5	629.5	179.357	12.602	40.58	262.646
LT2	629.625	629.625	161.335	12.051	41.489	258.164
LT2	629.75	629.75	138.414	10.82	42.364	258.618
LT2	629.875	629.875	123.237	9.415	43.188	263.095
LT2	630	630	116.172	8.428	43.952	268.93
LT2	630.125	630.125	112.286	7.985	44.656	273.878
LT2	630.25	630.25	106.323	7.972	45.298	276.853
LT2	630.375	630.375	98.47	8.173	45.888	278.076
LT2	630.5	630.5	91.208	8.528	46.436	278.007
LT2	630.625	630.625	86.323	8.979	46.948	276.779
LT2	630.75	630.75	83.282	9.299	47.437	275.075
LT2	630.875	630.875	81.032	9.278	47.908	274.094
LT2	631	631	80.5	8.774	48.366	276.061
LT2	631.125	631.125	82.735	7.971	48.815	281.902
LT2	631.25	631.25	86.239	7.091	49.252	291.418
LT2	631.375	631.375	87.929	6.424	49.668	302.252
LT2	631.5	631.5	87.443	6.142	50.057	310.934
LT2	631.625	631.625	86.274	6.34	50.409	314.358
LT2	631.75	631.75	85.196	6.837	50.721	311.712
LT2	631.875	631.875	83.712	7.344	50.998	305.437
LT2	632	632	82.271	7.645	51.24	298.829
LT2	632.125	632.125	82.218	7.69	51.453	294.652
LT2	632.25	632.25	84.432	7.508	51.639	293.649
LT2	632.375	632.375	88.038	7.143	51.792	295.886
LT2	632.5	632.5	91.222	6.754	51.911	299.768
LT2	632.625	632.625	92.889	6.439	51.991	303.877
LT2	632.75	632.75	94.037	6.22	52.017	306.825
LT2	632.875	632.875	95.141	6.169	51.988	307.878
LT2	633	633	94.507	6.495	51.892	305.787
LT2	633.125	633.125	90.834	7.344	51.719	299.183
LT2	633.25	633.25	85.424	8.515	51.473	289.174
LT2	633.375	633.375	81.457	9.659	51.15	278.594
LT2	633.5	633.5	80.075	10.297	50.758	271.55
LT2	633.625	633.625	81.367	10.158	50.307	270.274
LT2	633.75	633.75	84.984	9.226	49.804	275.992
LT2	633.875	633.875	89.457	8.072	49.264	285.871
LT2	634	634	92.527	7.188	48.698	296.109
LT2	634.125	634.125	92.668	6.872	48.111	302.268
LT2	634.25	634.25	90.6	6.963	47.512	303.435
LT2	634.375	634.375	87.909	7.342	46.903	300.296
LT2	634.5	634.5	85.71	7.909	46.287	294.426
LT2	634.625	634.625	83.944	8.573	45.667	287.639
LT2	634.75	634.75	82.246	9.295	45.045	281.327
LT2	634.875	634.875	80.861	10.02	44.43	276.629
LT2	635	635	80.693	10.647	43.828	273.57
LT2	635.125	635.125	82.348	11.012	43.253	271.828
LT2	635.25	635.25	84.783	11.078	42.719	270.748
LT2	635.375	635.375	86.762	11.002	42.239	269.689
LT2	635.5	635.5	87.596	10.997	41.832	267.576
LT2	635.625	635.625	86.816	11.088	41.495	263.755
LT2	635.75	635.75	84.033	11.193	41.224	258.359
LT2	635.875	635.875	80.464	11.267	41.013	252.258
LT2	636	636	77.714	11.331	40.844	246.609
LT2	636.125	636.125	77.201	11.413	40.709	242.259
LT2	636.25	636.25	77.712	11.633	40.602	239.77
LT2	636.375	636.375	77.49	12.074	40.521	238.798
LT2	636.5	636.5	75.743	12.673	40.468	238.769
LT2	636.625	636.625	73.923	13.155	40.449	238.96
LT2	636.75	636.75	74.218	13.38	40.467	239.174
LT2	636.875	636.875	77.538	13.379	40.539	239.613
LT2	637	637	82.961	13.457	40.67	240.547
LT2	637.125	637.125	90.445	13.946	40.862	242.032
LT2	637.25	637.25	100.634	15.015	41.123	243.833
LT2	637.375	637.375	113.019	16.049	41.44	245.393
LT2	637.5	637.5	124.397	16.294	41.803	246.331
LT2	637.625	637.625	130.324	15.308	42.199	246.458
LT2	637.75	637.75	129.08	13.68	42.611	245.902
LT2	637.875	637.875	121.893	12.093	43.024	244.701
LT2	638	638	113.665	11.101	43.431	243.062
LT2	638.125	638.125	106.96	10.766	43.826	241.424
LT2	638.25	638.25	102.928	10.944	44.209	240.398
LT2	638.375	638.375	101.803	11.213	44.582	240.598
LT2	638.5	638.5	103.81	11.338	44.944	242.297
LT2	638.625	638.625	108.388	11.293	45.291	245.561
LT2	638.75	638.75	113.87	11.16	45.616	249.633
LT2	638.875	638.875	117.951	10.909	45.912	253.822
LT2	639	639	119.756	10.485	46.165	257.411
LT2	639.125	639.125	120.478	9.994	46.369	260.129
LT2	639.25	639.25	122.108	9.561	46.508	261.914
LT2	639.375	639.375	124.393	9.309	46.566	262.819
LT2	639.5	639.5	126.296	9.278	46.542	262.879
LT2	639.625	639.625	128.785	9.469	46.43	261.914
LT2	639.75	639.75	135.661	9.729	46.235	260.098
LT2	639.875	639.875	149.887	9.866	45.972	257.998
LT2	640	640	170.005	9.791	45.645	256.346
LT2	640.125	640.125	191.888	9.648	45.267	255.731
LT2	640.25	640.25	213.044	9.568	44.847	256.36
LT2	640.375	640.375	230.926	9.633	44.387	258.326
LT2	640.5	640.5	241.549	9.809	43.898	261.25
LT2	640.625	640.625	238.078	10.02	43.386	264.972
LT2	640.75	640.75	221.937	10.172	42.86	269.092
LT2	640.875	640.875	199.707	10.215	42.335	272.702
LT2	641	641	179.804	10.144	41.824	274.925
LT2	641.125	641.125	164.912	10.007	41.341	275.623
LT2	641.25	641.25	153.094	9.88	40.891	275.649
LT2	641.375	641.375	141.047	9.863	40.48	275.903
LT2	641.5	641.5	129.179	9.992	40.111	276.939
LT2	641.625	641.625	120.288	10.173	39.788	278.55
LT2	641.75	641.75	116.047	10.261	39.523	279.554
LT2	641.875	641.875	115.453	10.149	39.319	278.288
LT2	642	642	117.53	9.839	39.178	274.176
LT2	642.125	642.125	121.207	9.456	39.102	268.163
LT2	642.25	642.25	125.064	9.16	39.078	262.493
LT2	642.375	642.375	127.337	8.96	39.102	258.43
LT2	642.5	642.5	127.314	8.752	39.175	256.373
LT2	642.625	642.625	125.332	8.486	39.29	255.68
LT2	642.75	642.75	122.278	8.213	39.451	255.719
LT2	642.875	642.875	119.309	8.078	39.653	256.014
LT2	643	643	117.663	8.183	39.885	256.856
LT2	643.125	643.125	118.481	8.595	40.138	258.989
LT2	643.25	643.25	120.494	9.32	40.391	262.17
LT2	643.375	643.375	121.346	10.38	40.631	265.148
LT2	643.5	643.5	120.694	11.771	40.838	266.214
LT2	643.625	643.625	120.842	13.263	41.012	265.214
LT2	643.75	643.75	123.964	14.6	41.151	262.838
LT2	643.875	643.875	129.04	15.45	41.257	260.203
LT2	644	644	133.696	15.69	41.336	258.158
LT2	644.125	644.125	135.908	15.328	41.388	257.095
LT2	644.25	644.25	136.15	14.644	41.41	256.813
LT2	644.375	644.375	135.661	13.953	41.405	256.65
LT2	644.5	644.5	135.433	13.42	41.373	256.129
LT2	644.625	644.625	133.726	13.073	41.316	255.194
LT2	644.75	644.75	128.321	12.864	41.234	253.85
LT2	644.875	644.875	120.123	12.731	41.121	251.801
LT2	645	645	112.624	12.542	40.977	249.029
LT2	645.125	645.125	108.275	12.203	40.8	245.919
LT2	645.25	645.25	106.424	11.636	40.589	243.223
LT2	645.375	645.375	105.939	10.927	40.35	241.425
LT2	645.5	645.5	108.641	10.206	40.088	240.696
LT2	645.625	645.625	117.568	9.57	39.806	241.01
LT2	645.75	645.75	134.283	9.009	39.511	242.259
LT2	645.875	645.875	155.446	8.52	39.205	244.895
LT2	646	646	170.007	8.163	38.889	249.65
LT2	646.125	646.125	168.176	8.013	38.561	256.538
LT2	646.25	646.25	150.053	8.135	38.217	264.999
LT2	646.375	646.375	127.236	8.454	37.853	273.591
LT2	646.5	646.5	110.148	8.795	37.465	281.12
LT2	646.625	646.625	102.191	8.936	37.051	286.013
LT2	646.75	646.75	101.193	8.92	36.613	287.587
LT2	646.875	646.875	106.662	8.949	36.149	285.969
LT2	647	647	116.685	9.215	35.659	282.334
LT2	647.125	647.125	128.461	9.564	35.151	278.504
LT2	647.25	647.25	137.535	9.73	34.633	275.551
LT2	647.375	647.375	141.817	9.543	34.121	274.189
LT2	647.5	647.5	141.957	9.127	33.627	274.223
LT2	647.625	647.625	139.702	8.71	33.164	274.943
LT2	647.75	647.75	136.091	8.602	32.747	275.211
LT2	647.875	647.875	131.817	8.979	32.38	274.703
LT2	648	648	127.903	9.838	32.08	273.866
LT2	648.125	648.125	124.61	10.72	31.846	273.452
LT2	648.25	648.25	121.36	11.217	31.676	273.508
LT2	648.375	648.375	117.523	11.085	31.578	273.48
LT2	648.5	648.5	113.409	10.543	31.54	273.05
LT2	648.625	648.625	110.293	9.818	31.559	272.554
LT2	648.75	648.75	108.695	9.339	31.639	272.454
LT2	648.875	648.875	108.188	9.511	31.769	272.223
LT2	649	649	107.086	10.586	31.952	270.637
LT2	649.125	649.125	103.458	12.446	32.184	266.524
LT2	649.25	649.25	97.454	14.614	32.465	260.009
LT2	649.375	649.375	93	16.207	32.8	252.111
LT2	649.5	649.5	94.229	16.305	33.192	245.321
LT2	649.625	649.625	102.072	14.937	33.636	241.532
LT2	649.75	649.75	111.021	12.953	34.13	241.892
LT2	649.875	649.875	115.578	11.552	34.658	244.868
LT2	650	650	113.313	11.13	35.203	248.685
LT2	650.125	650.125	108.347	11.536	35.747	251.622
LT2	650.25	650.25	106.608	12.12	36.277	253.314
LT2	650.375	650.375	114.361	12.397	36.784	254.089
LT2	650.5	650.5	129.115	12.197	37.267	254.567
LT2	650.625	650.625	143.146	11.821	37.733	255.117
LT2	650.75	650.75	146.551	11.54	38.19	255.924
LT2	650.875	650.875	139.64	11.413	38.644	257.04
LT2	651	651	128.228	11.375	39.1	258.29
LT2	651.125	651.125	120.282	11.375	39.559	259.384
LT2	651.25	651.25	117.945	11.345	40.024	260.157
LT2	651.375	651.375	121.367	11.246	40.495	260.615
LT2	651.5	651.5	128.732	11.118	40.975	260.772
LT2	651.625	651.625	137.5	11.025	41.462	260.68
LT2	651.75	651.75	144.899	10.91	41.951	260.372
LT2	651.875	651.875	150.767	10.639	42.432	260.092
LT2	652	652	156.776	10.255	42.899	260.233
LT2	652.125	652.125	162.789	9.909	43.344	261.067
LT2	652.25	652.25	164.959	9.708	43.765	262.453
LT2	652.375	652.375	160.934	9.656	44.168	263.975
LT2	652.5	652.5	154.407	9.766	44.556	265.309
LT2	652.625	652.625	152.089	9.912	44.937	266.359
LT2	652.75	652.75	156.573	9.894	45.311	267.276
LT2	652.875	652.875	162.411	9.544	45.675	268.357
LT2	653	653	163.795	9.011	46.025	269.82
LT2	653.125	653.125	158.889	8.533	46.356	271.671
LT2	653.25	653.25	150.214	8.376	46.666	273.617
LT2	653.375	653.375	139.696	8.609	46.96	275.151
LT2	653.5	653.5	128.928	9.232	47.24	275.985
LT2	653.625	653.625	120.202	10.027	47.509	276.242
LT2	653.75	653.75	115.445	10.618	47.769	276.319
LT2	653.875	653.875	114.068	10.731	48.019	276.48
LT2	654	654	113.521	10.459	48.259	276.84
LT2	654.125	654.125	112.818	10.122	48.487	277.259
LT2	654.25	654.25	112.335	9.968	48.699	277.364
LT2	654.375	654.375	112.159	9.998	48.892	276.882
LT2	654.5	654.5	111.707	10.104	49.066	275.916
LT2	654.625	654.625	110.518	10.172	49.219	274.858
LT2	654.75	654.75	109.595	10.181	49.352	274.24
LT2	654.875	654.875	109.714	10.119	49.469	274.344
LT2	655	655	110.354	9.899	49.57	274.968
LT2	655.125	655.125	110.937	9.564	49.66	275.43
LT2	655.25	655.25	110.845	9.391	49.743	275.324
LT2	655.375	655.375	109.054	9.83	49.821	274.618
LT2	655.5	655.5	104.468	10.935	49.893	273.517
LT2	655.625	655.625	97.714	12.531	49.957	272.259
LT2	655.75	655.75	92.171	14.062	50.009	271.143
LT2	655.875	655.875	90.252	14.884	50.047	270.073
LT2	656	656	91.508	14.397	50.065	268.473
LT2	656.125	656.125	94.258	12.997	50.065	265.902
LT2	656.25	656.25	97.591	11.422	50.047	262.377
LT2	656.375	656.375	100.644	10.45	50.012	258.09
LT2	656.5	656.5	101.585	10.322	49.97	253.402
LT2	656.625	656.625	96.937	11.16	49.93	248.568
LT2	656.75	656.75	87.531	13.026	49.903	244.173
LT2	656.875	656.875	77.535	15.493	49.899	240.931
LT2	657	657	72.781	17.849	49.922	239.584
LT2	657.125	657.125	73.411	19.137	49.974	240.213
LT2	657.25	657.25	76.196	19.104	50.05	242.052
LT2	657.375	657.375	77.51	18.024	50.146	244.325
LT2	657.5	657.5	77.98	16.723	50.254	246.65
LT2	657.625	657.625	79.993	15.687	50.369	249.327
LT2	657.75	657.75	84.509	15.099	50.491	252.969
LT2	657.875	657.875	89.439	14.656	50.621	257.438
LT2	658	658	93.029	14.093	50.764	261.985
LT2	658.125	658.125	95.827	13.346	50.921	265.141
LT2	658.25	658.25	99.162	12.571	51.092	266.048
LT2	658.375	658.375	103.791	11.863	51.275	264.542
LT2	658.5	658.5	109.034	11.269	51.464	261.741
LT2	658.625	658.625	114.453	10.768	51.655	259.236
LT2	658.75	658.75	119.902	10.184	51.838	258.179
LT2	658.875	658.875	125.901	9.32	52.004	258.905
LT2	659	659	132.754	8.37	52.145	260.981
LT2	659.125	659.125	136.895	7.807	52.251	263.577
LT2	659.25	659.25	134.428	7.959	52.317	265.475
LT2	659.375	659.375	124.396	8.954	52.34	266.051
LT2	659.5	659.5	112.163	10.745	52.316	265.147
LT2	659.625	659.625	103.047	12.589	52.25	263.554
LT2	659.75	659.75	100.33	13.745	52.145	261.933
LT2	659.875	659.875	102.152	13.784	52.001	260.888
LT2	660	660	105.262	13.129	51.824	260.307
LT2	660.125	660.125	105.709	12.335	51.608	259.582
LT2	660.25	660.25	103.289	12.004	51.348	258.035
LT2	660.375	660.375	99.497	12.264	51.042	255.752
LT2	660.5	660.5	95.98	12.985	50.684	253.149
LT2	660.625	660.625	93.137	13.938	50.277	250.747
LT2	660.75	660.75	91.605	15.065	49.825	248.894
LT2	660.875	660.875	92.448	16.313	49.333	248.001
LT2	661	661	95.633	17.347	48.812	247.955
LT2	661.125	661.125	99.645	17.847	48.272	248.46
LT2	661.25	661.25	102.294	17.83	47.725	249.121
LT2	661.375	661.375	102.671	17.862	47.182	249.506
LT2	661.5	661.5	99.907	18.55	46.649	249.195
LT2	661.625	661.625	94.938	20.031	46.134	247.961
LT2	661.75	661.75	89.649	21.585	45.64	246.23
LT2	661.875	661.875	87.577	22.281	45.171	244.741
LT2	662	662	92.279	21.546	44.733	244.345
LT2	662.125	662.125	107.287	19.598	44.325	245.274
LT2	662.25	662.25	132.018	17.001	43.953	247.327
LT2	662.375	662.375	158.157	14.683	43.62	249.651
LT2	662.5	662.5	173.844	13.242	43.324	251.641
LT2	662.625	662.625	174.446	12.909	43.074	252.884
LT2	662.75	662.75	165.696	13.184	42.865	253.457
LT2	662.875	662.875	155.604	13.694	42.7	253.526
LT2	663	663	149.712	14.348	42.582	253.354
LT2	663.125	663.125	149.514	15.122	42.507	253.042
LT2	663.25	663.25	155.941	15.722	42.473	252.478
LT2	663.375	663.375	164.258	15.743	42.477	251.687
LT2	663.5	663.5	167.093	15.269	42.51	250.954
LT2	663.625	663.625	159.777	14.606	42.566	250.56
LT2	663.75	663.75	147.13	13.965	42.638	250.651
LT2	663.875	663.875	135.673	13.319	42.72	251.409
LT2	664	664	130.352	12.797	42.803	253.174
LT2	664.125	664.125	131.099	12.619	42.881	255.666
LT2	664.25	664.25	135.786	12.773	42.947	258.387
LT2	664.375	664.375	139.388	12.958	42.991	260.854
LT2	664.5	664.5	140.016	12.986	43.013	262.796
LT2	664.625	664.625	139.805	12.881	43.012	263.892
LT2	664.75	664.75	140.995	12.668	42.99	263.938
LT2	664.875	664.875	142.059	12.333	42.954	263.203
LT2	665	665	140.642	11.916	42.912	261.851
LT2	665.125	665.125	137.588	11.572	42.868	260.077
LT2	665.25	665.25	134.119	11.359	42.825	258.266
LT2	665.375	665.375	130.892	11.17	42.783	256.99
LT2	665.5	665.5	128.813	10.902	42.742	256.529
LT2	665.625	665.625	129.581	10.644	42.702	256.749
LT2	665.75	665.75	133.411	10.62	42.665	257.285
LT2	665.875	665.875	137.575	10.927	42.633	257.552
LT2	666	666	139.014	11.577	42.609	257.176
LT2	666.125	666.125	137.887	12.49	42.597	256.12
LT2	666.25	666.25	136.477	13.452	42.602	254.887
LT2	666.375	666.375	137.518	14.268	42.629	253.946
LT2	666.5	666.5	140.064	14.786	42.684	253.595
LT2	666.625	666.625	142.108	15.025	42.768	253.698
LT2	666.75	666.75	142.472	15.006	42.884	253.949
LT2	666.875	666.875	141.787	14.778	43.029	253.992
LT2	667	667	141.005	14.419	43.197	253.768
LT2	667.125	667.125	140.028	14.024	43.385	253.358
LT2	667.25	667.25	137.9	13.807	43.587	252.828
LT2	667.375	667.375	134.562	13.944	43.798	252.141
LT2	667.5	667.5	131.344	14.433	44.018	251.22
LT2	667.625	667.625	129.581	14.996	44.247	250.089
LT2	667.75	667.75	129.593	15.543	44.49	248.832
LT2	667.875	667.875	129.953	16.101	44.749	247.748
LT2	668	668	129.972	16.534	45.024	247.094
LT2	668.125	668.125	129.415	16.71	45.317	246.874
LT2	668.25	668.25	128.214	16.885	45.625	246.669
LT2	668.375	668.375	126.274	17.332	45.944	246.116
LT2	668.5	668.5	124.113	17.982	46.272	245.086
LT2	668.625	668.625	123.497	18.575	46.603	243.848
LT2	668.75	668.75	125.77	19.107	46.934	242.781
LT2	668.875	668.875	128.261	19.687	47.264	242.302
LT2	669	669	126.678	20.163	47.597	242.473
LT2	669.125	669.125	118.762	20.243	47.938	243.227
LT2	669.25	669.25	109.474	19.641	48.292	244.334
LT2	669.375	669.375	103.871	18.432	48.659	245.35
LT2	669.5	669.5	103.393	16.809	49.036	245.948
LT2	669.625	669.625	104.874	15.262	49.419	245.983
LT2	669.75	669.75	107.768	14.195	49.8	245.527
LT2	669.875	669.875	114.245	13.918	50.168	244.689
LT2	670	670	125.56	14.363	50.512	243.975
LT2	670.125	670.125	140.809	15.107	50.822	243.969
LT2	670.25	670.25	155.305	15.661	51.085	245.042
LT2	670.375	670.375	165.165	15.839	51.296	246.701
LT2	670.5	670.5	168.191	15.694	51.452	248.335
LT2	670.625	670.625	165.219	15.331	51.543	249.354
LT2	670.75	670.75	157.447	14.96	51.577	249.667
LT2	670.875	670.875	146.053	14.721	51.554	249.49
LT2	671	671	133.897	14.675	51.471	249.387
LT2	671.125	671.125	123.148	14.738	51.334	249.703
LT2	671.25	671.25	114.776	14.848	51.137	250.391
LT2	671.375	671.375	108.374	14.922	50.878	251.019
LT2	671.5	671.5	103.981	14.845	50.561	251.282
LT2	671.625	671.625	101.22	14.48	50.179	251.123
LT2	671.75	671.75	99.721	13.859	49.741	250.791
LT2	671.875	671.875	100.062	13.095	49.255	250.485
LT2	672	672	101.928	12.295	48.722	250.255
LT2	672.125	672.125	103.796	11.561	48.159	249.889
LT2	672.25	672.25	104.458	11.056	47.573	249.112
LT2	672.375	672.375	104.77	11.114	46.974	247.774
LT2	672.5	672.5	105.669	11.791	46.373	246.251
LT2	672.625	672.625	106.452	12.896	45.778	245.006
LT2	672.75	672.75	106.419	14.008	45.195	244.559
LT2	672.875	672.875	105.768	14.794	44.629	245.241
LT2	673	673	104.124	14.969	44.084	247.323
LT2	673.125	673.125	100.865	14.531	43.564	250.13
LT2	673.25	673.25	96.564	13.865	43.073	252.394
LT2	673.375	673.375	92.817	13.551	42.624	252.731
LT2	673.5	673.5	89.873	13.919	42.225	250.684
LT2	673.625	673.625	88.2	14.987	41.881	246.518
LT2	673.75	673.75	89.921	16.727	41.603	241.118
LT2	673.875	673.875	94.995	18.779	41.381	236.197
LT2	674	674	99.302	20.664	41.21	232.867
LT2	674.125	674.125	99.783	21.524	41.089	231.753
LT2	674.25	674.25	99.32	21.05	41.005	232.546
LT2	674.375	674.375	104.544	19.434	40.955	235.047
LT2	674.5	674.5	115.131	17.378	40.933	238.586
LT2	674.625	674.625	125.508	15.458	40.936	242.281
LT2	674.75	674.75	128.457	14.113	40.966	245.329
LT2	674.875	674.875	124.092	13.726	41.031	247.214
LT2	675	675	115.883	14.289	41.136	247.911
LT2	675.125	675.125	108.017	15.47	41.295	247.626
LT2	675.25	675.25	101.535	16.835	41.508	246.884
LT2	675.375	675.375	97.236	18.281	41.773	245.84
LT2	675.5	675.5	97.036	19.486	42.084	244.462
LT2	675.625	675.625	102.047	19.894	42.42	243
LT2	675.75	675.75	111.228	19.253	42.764	241.872
LT2	675.875	675.875	121.009	17.959	43.099	241.554
LT2	676	676	129.873	16.647	43.417	242.105
LT2	676.125	676.125	137.563	15.8	43.717	243.368
LT2	676.25	676.25	143.877	15.876	44.005	244.658
LT2	676.375	676.375	147.968	17.025	44.288	245.254
LT2	676.5	676.5	149.682	18.952	44.572	244.641
LT2	676.625	676.625	150.18	20.584	44.866	243.276
LT2	676.75	676.75	150.748	21.109	45.172	241.98
LT2	676.875	676.875	153.198	20.065	45.497	241.631
LT2	677	677	157.858	18.168	45.836	242.396
LT2	677.125	677.125	162.511	16.224	46.181	244.089
LT2	677.25	677.25	163.205	14.998	46.517	246.05
LT2	677.375	677.375	158.059	14.489	46.831	247.434
LT2	677.5	677.5	148.038	14.399	47.111	247.786
LT2	677.625	677.625	137.724	14.397	47.353	247.446
LT2	677.75	677.75	130.058	14.389	47.563	247.182
LT2	677.875	677.875	126.194	14.374	47.751	247.449
LT2	678	678	124.394	14.344	47.932	248.113
LT2	678.125	678.125	123.464	14.326	48.118	248.843
LT2	678.25	678.25	123.16	14.48	48.315	249.278
LT2	678.375	678.375	122.926	14.847	48.519	249.142
LT2	678.5	678.5	121.504	15.242	48.722	248.427
LT2	678.625	678.625	118.477	15.45	48.916	247.66
LT2	678.75	678.75	114.721	15.52	49.095	247.72
LT2	678.875	678.875	111.493	15.507	49.256	249.145
LT2	679	679	109.184	15.341	49.395	251.652
LT2	679.125	679.125	107.564	15.039	49.515	254.024
LT2	679.25	679.25	107.265	14.734	49.617	255.029
LT2	679.375	679.375	108.671	14.461	49.709	254.069
LT2	679.5	679.5	111.144	14.135	49.798	251.667
LT2	679.625	679.625	112.809	13.803	49.889	248.781
LT2	679.75	679.75	113.06	13.657	49.982	246.602
LT2	679.875	679.875	113.704	13.737	50.074	245.564
LT2	680	680	117.372	13.874	50.156	245.505
LT2	680.125	680.125	122.998	13.857	50.218	245.721
LT2	680.25	680.25	127.155	13.621	50.251	246.033
LT2	680.375	680.375	128.337	13.22	50.242	246.754
LT2	680.5	680.5	127.867	12.865	50.194	248.07
LT2	680.625	680.625	127.372	12.715	50.107	249.811
LT2	680.75	680.75	125.699	12.735	49.99	251.283
LT2	680.875	680.875	121.233	12.681	49.853	251.888
LT2	681	681	114.255	12.37	49.699	251.409
LT2	681.125	681.125	106.843	11.926	49.531	250.394
LT2	681.25	681.25	99.88	11.676	49.349	249.359
LT2	681.375	681.375	93.388	11.978	49.147	248.289
LT2	681.5	681.5	89.162	12.825	48.921	246.763
LT2	681.625	681.625	91.663	14.073	48.667	244.518
LT2	681.75	681.75	102.283	15.451	48.375	241.421
LT2	681.875	681.875	117.155	16.617	48.047	237.887
LT2	682	682	128.806	17.516	47.683	234.571
LT2	682.125	682.125	132.878	18.328	47.288	232.564
LT2	682.25	682.25	130.391	19.113	46.871	232.356
LT2	682.375	682.375	125.771	19.578	46.442	234.086
LT2	682.5	682.5	122.775	19.304	46.016	237.272
LT2	682.625	682.625	122	18.326	45.609	241.102
LT2	682.75	682.75	121.485	16.931	45.238	244.653
LT2	682.875	682.875	118.913	15.596	44.914	247.075
LT2	683	683	113.616	14.594	44.638	248.221
LT2	683.125	683.125	108.235	13.949	44.41	248.479
LT2	683.25	683.25	106.398	13.403	44.219	248.849
LT2	683.375	683.375	110.294	12.824	44.059	249.976
LT2	683.5	683.5	116.783	12.186	43.927	252.071
LT2	683.625	683.625	123.046	11.653	43.823	254.43
LT2	683.75	683.75	128.577	11.476	43.748	256.185
LT2	683.875	683.875	134.408	11.817	43.71	256.516
LT2	684	684	139.307	12.474	43.709	255.479
LT2	684.125	684.125	140.153	13.214	43.749	253.426
LT2	684.25	684.25	137.474	13.985	43.828	251.03
LT2	684.375	684.375	133.372	14.781	43.94	248.755
LT2	684.5	684.5	128.463	15.44	44.09	246.97
LT2	684.625	684.625	121.12	15.781	44.273	245.879
LT2	684.75	684.75	111.037	15.725	44.481	245.594
LT2	684.875	684.875	102.504	15.263	44.705	246.294
LT2	685	685	98.871	14.603	44.923	247.673
LT2	685.125	685.125	100.75	13.975	45.118	249.25
LT2	685.25	685.25	103.8	13.81	45.276	250.016
LT2	685.375	685.375	104.423	14.566	45.397	249.052
LT2	685.5	685.5	99.993	16.395	45.485	245.787
LT2	685.625	685.625	92.172	18.432	45.547	241.102
LT2	685.75	685.75	84.863	19.535	45.592	236.928
LT2	685.875	685.875	83.49	19.107	45.622	235.077
LT2	686	686	88.014	17.643	45.639	235.949
LT2	686.125	686.125	95.75	15.744	45.64	238.938
LT2	686.25	686.25	103.955	13.887	45.618	243.293
LT2	686.375	686.375	112.988	12.588	45.571	247.491
LT2	686.5	686.5	124.473	11.991	45.497	250.161
LT2	686.625	686.625	137.503	11.772	45.396	250.27
LT2	686.75	686.75	149.339	11.532	45.277	248.53
LT2	686.875	686.875	156.749	11.304	45.145	245.567
LT2	687	687	159.125	11.21	45.005	241.963
LT2	687.125	687.125	156.834	11.201	44.868	238.432
LT2	687.25	687.25	151.529	11.323	44.748	235.793
LT2	687.375	687.375	145.98	11.745	44.657	234.498
LT2	687.5	687.5	142.202	12.321	44.599	234.415
LT2	687.625	687.625	140.911	12.677	44.58	235.605
LT2	687.75	687.75	140.877	12.798	44.595	237.861
LT2	687.875	687.875	140.061	13.016	44.643	240.623
LT2	688	688	137.078	13.531	44.727	242.871
LT2	688.125	688.125	132.967	14.162	44.849	243.897
LT2	688.25	688.25	130.054	14.741	45.011	243.536
LT2	688.375	688.375	128.421	15.052	45.218	242.18
LT2	688.5	688.5	125.906	14.883	45.466	240.804
LT2	688.625	688.625	120.545	14.139	45.757	240.25
LT2	688.75	688.75	113.575	13.125	46.09	240.948
LT2	688.875	688.875	107.131	12.235	46.46	242.483
LT2	689	689	103.093	11.615	46.863	244.202
LT2	689.125	689.125	101.07	11.242	47.287	245.328
LT2	689.25	689.25	100.267	11.057	47.721	245.45
LT2	689.375	689.375	100.475	10.986	48.151	244.475
LT2	689.5	689.5	101.342	10.999	48.559	243.282
LT2	689.625	689.625	102.075	11.151	48.932	242.811
LT2	689.75	689.75	102.147	11.458	49.247	243.731
LT2	689.875	689.875	102.122	11.796	49.498	245.629
LT2	690	690	102.997	12.086	49.675	248.168
LT2	690.125	690.125	104.385	12.297	49.765	251.019
LT2	690.25	690.25	106.263	12.317	49.768	253.586
LT2	690.375	690.375	108.707	11.989	49.672	255.073
LT2	690.5	690.5	110.189	11.353	49.467	254.893
LT2	690.625	690.625	108.764	10.572	49.157	253.077
LT2	690.75	690.75	104.375	9.854	48.728	249.766
LT2	690.875	690.875	100.652	9.502	48.188	245.822
LT2	691	691	102.987	9.731	47.544	242.186
LT2	691.125	691.125	113.592	10.667	46.785	239.706
LT2	691.25	691.25	129.424	12.161	45.926	238.17
LT2	691.375	691.375	144.395	14.101	44.971	237.061
LT2	691.5	691.5	152.384	16.08	43.915	235.999
LT2	691.625	691.625	152.166	17.39	42.779	235.12
LT2	691.75	691.75	145.881	17.572	41.569	234.762
LT2	691.875	691.875	138.229	16.953	40.307	235.09
LT2	692	692	131.531	16.271	39.018	235.868
LT2	692.125	692.125	126.369	15.917	37.728	236.717
LT2	692.25	692.25	121.586	15.807	36.461	237.158
LT2	692.375	692.375	116.319	15.753	35.232	237.067
LT2	692.5	692.5	110.243	15.737	34.056	236.64
LT2	692.625	692.625	104.116	15.852	32.934	236.25
LT2	692.75	692.75	98.8	16.123	31.863	236.014
LT2	692.875	692.875	95.253	16.464	30.849	235.969
LT2	693	693	95.254	16.692	29.886	236.163
LT2	693.125	693.125	101.093	16.746	28.976	236.699
LT2	693.25	693.25	110.331	16.541	28.127	237.767
LT2	693.375	693.375	119.496	15.99	27.338	239.563
LT2	693.5	693.5	124.163	15.095	26.619	242.231
LT2	693.625	693.625	122.986	14.103	25.982	245.217
LT2	693.75	693.75	117.172	13.248	25.428	247.553
LT2	693.875	693.875	110.981	12.596	24.97	248.323
LT2	694	694	107.389	12.055	24.601	247.605
LT2	694.125	694.125	105.683	11.615	24.308	246.149
LT2	694.25	694.25	102.743	11.298	24.08	244.921
LT2	694.375	694.375	98.937	11.026	23.888	244.467
LT2	694.5	694.5	97.087	10.722	23.713	244.749
LT2	694.625	694.625	97.627	10.465	23.542	245.249
LT2	694.75	694.75	97.89	10.511	23.368	245.222
LT2	694.875	694.875	94.376	11.012	23.193	244.135
LT2	695	695	88.527	11.77	23.025	242.043
LT2	695.125	695.125	83.305	12.499	22.872	239.673
LT2	695.25	695.25	79.753	13.218	22.744	237.46
LT2	695.375	695.375	76.306	14.078	22.65	235.095
LT2	695.5	695.5	73.013	15.139	22.591	232.092
LT2	695.625	695.625	71.842	16.625	22.575	228.189
LT2	695.75	695.75	73.167	18.75	22.597	223.676
LT2	695.875	695.875	75.486	21.126	22.653	219.081
LT2	696	696	77.596	22.584	22.742	215.617
LT2	696.125	696.125	79.815	22.54	22.856	214.331
LT2	696.25	696.25	81.877	21.135	22.991	215.79
LT2	696.375	696.375	83.75	18.86	23.152	219.965
LT2	696.5	696.5	86.564	16.306	23.341	225.882
LT2	696.625	696.625	92.477	14.023	23.57	232.573
LT2	696.75	696.75	100.936	12.633	23.848	238.483
LT2	696.875	696.875	109.533	12.201	24.179	242.456
LT2	697	697	114.091	12.68	24.57	243.518
LT2	697.125	697.125	113.164	13.921	25.02	241.757
LT2	697.25	697.25	107.904	15.707	25.523	237.967
LT2	697.375	697.375	102.773	17.68	26.084	233.294
LT2	697.5	697.5	100.106	19.422	26.697	229.101
LT2	697.625	697.625	99.495	20.717	27.36	226.044
LT2	697.75	697.75	98.971	21.462	28.081	224.466
LT2	697.875	697.875	98.272	21.806	28.852	223.892
LT2	698	698	97.747	21.781	29.672	223.749
LT2	698.125	698.125	96.579	21.12	30.538	223.493
LT2	698.25	698.25	93.704	19.581	31.437	223.382
LT2	698.375	698.375	89.964	17.162	32.361	224.275
LT2	698.5	698.5	87.609	14.409	33.303	226.783
LT2	698.625	698.625	87.749	11.876	34.255	230.651
LT2	698.75	698.75	89.276	9.97	35.214	235.53
LT2	698.875	698.875	90.821	8.74	36.176	241.017
LT2	699	699	91.852	8.047	37.137	246.971
LT2	699.125	699.125	92.175	7.612	38.091	253.675
LT2	699.25	699.25	92.056	7.173	39.037	261.588
LT2	699.375	699.375	92.432	6.706	39.971	270.831
LT2	699.5	699.5	94.563	6.308	40.89	280.234
LT2	699.625	699.625	99.04	6.064	41.793	287.894
LT2	699.75	699.75	105.235	6.018	42.679	292.262
LT2	699.875	699.875	110.632	6.128	43.54	292.732
LT2	700	700	112.926	6.316	44.371	290.082
LT2	700.125	700.125	112.447	6.556	45.158	285.292
LT2	700.25	700.25	112.792	6.842	45.89	280.18
LT2	700.375	700.375	116.656	7.115	46.564	276.096
LT2	700.5	700.5	123.308	7.276	47.17	274.052
LT2	700.625	700.625	129.593	7.333	47.716	273.856
LT2	700.75	700.75	131.983	7.368	48.205	274.907
LT2	700.875	700.875	129.074	7.432	48.636	276.204
LT2	701	701	122.253	7.44	49.017	276.655
LT2	701.125	701.125	114.543	7.267	49.35	275.543
LT2	701.25	701.25	108.007	6.924	49.635	272.922
LT2	701.375	701.375	102.43	6.594	49.88	270.238
LT2	701.5	701.5	97.979	6.436	50.086	269.485
LT2	701.625	701.625	95.842	6.461	50.254	272.189
LT2	701.75	701.75	96.079	6.528	50.381	277.97
LT2	701.875	701.875	95.824	6.486	50.452	285.365
LT2	702	702	92.976	6.333	50.458	291.44
LT2	702.125	702.125	87.815	6.227	50.39	293.89
LT2	702.25	702.25	83.358	6.351	50.23	290.942
LT2	702.375	702.375	82.848	6.646	49.987	284.342
LT2	702.5	702.5	88.415	6.996	49.661	276.186
LT2	702.625	702.625	96.374	7.278	49.252	268.697
LT2	702.75	702.75	102.32	7.46	48.775	263.125
LT2	702.875	702.875	103.453	7.543	48.236	260.453
LT2	703	703	101.674	7.571	47.641	261.15
LT2	703.125	703.125	98.465	7.575	47.001	264.404
LT2	703.25	703.25	94.656	7.545	46.319	269.291
LT2	703.375	703.375	91.353	7.509	45.601	274.498
LT2	703.5	703.5	89.536	7.506	44.852	279.052
LT2	703.625	703.625	89.012	7.495	44.073	282.002
LT2	703.75	703.75	89.238	7.402	43.268	283.226
LT2	703.875	703.875	89.681	7.206	42.443	283.111
LT2	704	704	89.883	6.967	41.606	282.195
LT2	704.125	704.125	90.639	6.812	40.77	280.838
LT2	704.25	704.25	93.804	6.819	39.952	278.886
LT2	704.375	704.375	100.59	7.003	39.17	276.347
LT2	704.5	704.5	111.038	7.273	38.435	273.796
LT2	704.625	704.625	122.478	7.532	37.761	271.79
LT2	704.75	704.75	130.995	7.654	37.158	270.511
LT2	704.875	704.875	134.389	7.598	36.625	269.775
LT2	705	705	134.13	7.446	36.174	269.381
LT2	705.125	705.125	133.423	7.379	35.799	269.032
LT2	705.25	705.25	132.423	7.459	35.496	268.621
LT2	705.375	705.375	129.573	7.684	35.272	268.217
LT2	705.5	705.5	125.154	7.999	35.115	267.96
LT2	705.625	705.625	121.268	8.366	35.021	267.99
LT2	705.75	705.75	119.575	8.66	34.989	268.408
LT2	705.875	705.875	119.378	8.775	35.008	268.81
LT2	706	706	119.316	8.754	35.073	268.536
LT2	706.125	706.125	119.717	8.807	35.18	267.208
LT2	706.25	706.25	121.63	9.015	35.318	265.295
LT2	706.375	706.375	125.605	9.291	35.483	263.353
LT2	706.5	706.5	130.048	9.507	35.667	261.849
LT2	706.625	706.625	132.065	9.649	35.862	261.106
LT2	706.75	706.75	129.821	9.718	36.064	261.446
LT2	706.875	706.875	125.196	9.662	36.266	262.404
LT2	707	707	121.748	9.475	36.465	263.283
LT2	707.125	707.125	121.477	9.248	36.652	263.645
LT2	707.25	707.25	122.719	9.06	36.826	263.929
LT2	707.375	707.375	123.149	8.908	36.981	264.616
LT2	707.5	707.5	121.689	8.815	37.113	265.915
LT2	707.625	707.625	118.138	8.827	37.22	267.566
LT2	707.75	707.75	113.332	8.982	37.295	269.165
LT2	707.875	707.875	109.5	9.217	37.331	269.969
LT2	708	708	108.385	9.407	37.329	269.477
LT2	708.125	708.125	109.023	9.516	37.286	267.561
LT2	708.25	708.25	109.844	9.675	37.208	264.968
LT2	708.375	708.375	111.062	9.957	37.102	262.454
LT2	708.5	708.5	113.279	10.278	36.974	260.674
LT2	708.625	708.625	115.679	10.455	36.837	259.761
LT2	708.75	708.75	116.93	10.46	36.7	259.571
LT2	708.875	708.875	117.764	10.329	36.572	259.903
LT2	709	709	119.404	10.117	36.457	260.539
LT2	709.125	709.125	120.706	9.9	36.357	261.255
LT2	709.25	709.25	119.302	9.796	36.27	261.566
LT2	709.375	709.375	114.622	9.839	36.197	261.161
LT2	709.5	709.5	109.351	10.1	36.142	259.948
LT2	709.625	709.625	106.739	10.632	36.111	258.22
LT2	709.75	709.75	107.273	11.228	36.108	256.488
LT2	709.875	709.875	108.436	11.417	36.14	255.647
LT2	710	710	108.451	10.956	36.214	256.702
LT2	710.125	710.125	107.172	10.007	36.334	260.163
LT2	710.25	710.25	105.491	8.872	36.519	266.291
LT2	710.375	710.375	103.964	7.808	36.769	274.027
LT2	710.5	710.5	103.209	6.961	37.089	282.321
LT2	710.625	710.625	103.321	6.43	37.479	289.626
LT2	710.75	710.75	103.709	6.101	37.926	295.037
LT2	710.875	710.875	103.729	5.89	38.419	298.27
LT2	711	711	103.935	5.787	38.942	299.827
LT2	711.125	711.125	104.857	5.784	39.475	300.381
LT2	711.25	711.25	105.296	5.815	40.008	300.229
LT2	711.375	711.375	103.873	5.824	40.534	299.738
LT2	711.5	711.5	101.027	5.806	41.054	299.191
LT2	711.625	711.625	99.249	5.74	41.572	298.659
LT2	711.75	711.75	99.48	5.651	42.087	297.775
LT2	711.875	711.875	100.553	5.639	42.597	295.86
LT2	712	712	100.619	5.813	43.092	291.902
LT2	712.125	712.125	99.87	6.105	43.567	286.15
LT2	712.25	712.25	99.631	6.439	44.015	279.545
LT2	712.375	712.375	100.289	6.764	44.425	273.953
LT2	712.5	712.5	101.614	7.013	44.794	270.709
LT2	712.625	712.625	103.523	7.095	45.11	270.528
LT2	712.75	712.75	105.507	7.043	45.366	272.554
LT2	712.875	712.875	106.272	6.931	45.564	275.002
LT2	713	713	105.042	6.687	45.701	276.07
LT2	713.125	713.125	103.828	6.22	45.786	275.051
LT2	713.25	713.25	106.004	5.64	45.827	272.464
LT2	713.375	713.375	113.421	5.235	45.83	269.642
LT2	713.5	713.5	124.703	5.174	45.806	268.165
LT2	713.625	713.625	137.073	5.502	45.76	268.911
LT2	713.75	713.75	147.155	6.169	45.696	272.075
LT2	713.875	713.875	151.727	6.905	45.616	276.411
LT2	714	714	146.845	7.395	45.522	280.536
LT2	714.125	714.125	135.009	7.452	45.418	283.072
LT2	714.25	714.25	121.241	7.222	45.308	283.849
LT2	714.375	714.375	112.108	6.861	45.199	283.222
LT2	714.5	714.5	108.58	6.433	45.096	282.133
LT2	714.625	714.625	108.922	5.932	45.006	281.328
LT2	714.75	714.75	111.209	5.451	44.936	281.274
LT2	714.875	714.875	114.475	5.181	44.889	281.686
LT2	715	715	117.341	5.221	44.871	282.103
LT2	715.125	715.125	118.241	5.517	44.889	282.058
LT2	715.25	715.25	117.502	5.848	44.941	281.316
LT2	715.375	715.375	116.723	6.124	45.029	279.784
LT2	715.5	715.5	116.535	6.293	45.156	278.197
LT2	715.625	715.625	116.16	6.287	45.321	278.072
LT2	715.75	715.75	114.96	6.048	45.526	280.826
LT2	715.875	715.875	114.327	5.679	45.775	286.389
LT2	716	716	116.339	5.368	46.064	293.105
LT2	716.125	716.125	120.259	5.216	46.397	298.752
LT2	716.25	716.25	121.803	5.186	46.77	301.435
LT2	716.375	716.375	117.873	5.276	47.178	300.774
LT2	716.5	716.5	110.656	5.491	47.625	297.288
LT2	716.625	716.625	104.406	5.689	48.101	292.836
LT2	716.75	716.75	101.814	5.736	48.602	288.559
LT2	716.875	716.875	102.06	5.644	49.127	285.306
LT2	717	717	104.846	5.535	49.667	283.279
LT2	717.125	717.125	111.22	5.396	50.22	282.778
LT2	717.25	717.25	119.723	5.156	50.782	284.259
LT2	717.375	717.375	126.986	4.897	51.346	287.556
LT2	717.5	717.5	128.627	4.758	51.909	291.786
LT2	717.625	717.625	125.463	4.749	52.462	294.883
LT2	717.75	717.75	120.408	4.818	52.999	295.492
LT2	717.875	717.875	115.697	4.963	53.511	293.135
LT2	718	718	111.672	5.132	53.989	289.339
LT2	718.125	718.125	108.983	5.249	54.428	285.744
LT2	718.25	718.25	107.945	5.266	54.813	283.844
LT2	718.375	718.375	107.293	5.233	55.143	283.394
LT2	718.5	718.5	105.071	5.192	55.414	283.483
LT2	718.625	718.625	101.363	5.197	55.616	282.738
LT2	718.75	718.75	97.633	5.34	55.755	280.441
LT2	718.875	718.875	95.692	5.718	55.829	276.549
LT2	719	719	95.747	6.288	55.838	272.337
LT2	719.125	719.125	97.132	6.814	55.791	269.396
LT2	719.25	719.25	99.622	6.974	55.688	268.953
LT2	719.375	719.375	103.009	6.729	55.535	270.824
LT2	719.5	719.5	106.076	6.328	55.339	274.076
LT2	719.625	719.625	107.202	6.11	55.098	277.351
LT2	719.75	719.75	106.123	6.188	54.821	279.171
LT2	719.875	719.875	102.958	6.551	54.513	278.747
LT2	720	720	98.812	7.173	54.176	275.888
LT2	720.125	720.125	94.367	7.853	53.821	271.749
LT2	720.25	720.25	91.006	8.304	53.454	267.617
LT2	720.375	720.375	89.788	8.291	53.086	265.343
LT2	720.5	720.5	91.032	7.915	52.727	265.921
LT2	720.625	720.625	93.885	7.373	52.385	269.766
LT2	720.75	720.75	95.929	7.033	52.071	275.498
LT2	720.875	720.875	95.026	7.347	51.789	280.461
LT2	721	721	90.103	8.718	51.543	281.079
LT2	721.125	721.125	83.352	10.514	51.332	276.259
LT2	721.25	721.25	80.055	11.643	51.151	267.954
LT2	721.375	721.375	84.72	11.076	50.999	260.269
LT2	721.5	721.5	95.018	9.37	50.868	256.425
LT2	721.625	721.625	101.936	7.5	50.755	257.215
LT2	721.75	721.75	99.049	6.521	50.656	261.052
LT2	721.875	721.875	89.123	6.642	50.567	264.709
LT2	722	722	80.56	7.653	50.487	266.083
LT2	722.125	722.125	78.239	8.922	50.416	265.003
LT2	722.25	722.25	81.224	9.951	50.353	262.807
LT2	722.375	722.375	85.103	10.53	50.297	260.309
LT2	722.5	722.5	87.633	10.871	50.247	257.312
LT2	722.625	722.625	89.096	11.377	50.2	253.209
LT2	722.75	722.75	91.226	12.418	50.154	247.633
LT2	722.875	722.875	94.818	13.673	50.104	241.608
LT2	723	723	99.706	14.511	50.048	236.493
LT2	723.125	723.125	104.611	14.348	49.981	233.797
LT2	723.25	723.25	108.624	13.45	49.902	233.564
LT2	723.375	723.375	110.66	12.232	49.81	235.477
LT2	723.5	723.5	110.852	11.142	49.709	238.514
LT2	723.625	723.625	109.456	10.498	49.604	241.228
LT2	723.75	723.75	106.403	10.705	49.497	242.239
LT2	723.875	723.875	101.746	11.947	49.395	240.714
LT2	724	724	96.022	13.86	49.299	236.972
LT2	724.125	724.125	91.574	15.807	49.212	231.86
LT2	724.25	724.25	91.182	17.193	49.135	227.024
LT2	724.375	724.375	96.25	17.838	49.069	223.62
LT2	724.5	724.5	103.979	17.849	49.018	222.358
LT2	724.625	724.625	110.371	18.039	48.98	222.288
LT2	724.75	724.75	112.519	19.324	48.959	222.239
LT2	724.875	724.875	111.268	22.317	48.959	221.005
LT2	725	725	108.636	26.325	48.98	218.523
LT2	725.125	725.125	106.655	30.407	49.025	215.327
LT2	725.25	725.25	106.49	33.411	49.097	212.491
LT2	725.375	725.375	108.71	34.7	49.193	210.721
LT2	725.5	725.5	112.874	34.04	49.316	210.355
LT2	725.625	725.625	117.248	32.429	49.464	210.963
LT2	725.75	725.75	119.502	31.098	49.637	211.854
LT2	725.875	725.875	118.223	30.976	49.834	212.335
LT2	726	726	115.093	32.055	50.05	212.098
LT2	726.125	726.125	112.971	33.846	50.285	211.251
LT2	726.25	726.25	113.233	35.425	50.54	210.254
LT2	726.375	726.375	114.873	35.938	50.811	209.695
LT2	726.5	726.5	115.792	34.955	51.098	209.928
LT2	726.625	726.625	114.826	32.679	51.399	211.009
LT2	726.75	726.75	111.922	29.952	51.711	212.527
LT2	726.875	726.875	108.295	27.385	52.03	214.081
LT2	727	727	105.791	25.4	52.351	215.413
LT2	727.125	727.125	105.76	24.192	52.67	216.557
LT2	727.25	727.25	108.738	24.15	52.979	217.532
LT2	727.375	727.375	114.782	25.981	53.275	218.212
LT2	727.5	727.5	124.306	30.401	53.555	218.419
LT2	727.625	727.625	136.318	37.22	53.812	217.981
LT2	727.75	727.75	148.977	43.743	54.047	217.159
LT2	727.875	727.875	161.075	47.49	54.258	216.37
LT2	728	728	171.866	47.277	54.441	216.16
LT2	728.125	728.125	179.393	44.942	54.597	216.578
LT2	728.25	728.25	178.377	41.862	54.723	217.355
LT2	728.375	728.375	168.475	38.793	54.813	218.043
LT2	728.5	728.5	153.12	36.068	54.868	218.523
LT2	728.625	728.625	138.045	34.167	54.881	218.902
LT2	728.75	728.75	125.221	33.252	54.851	219.379
LT2	728.875	728.875	114.531	32.607	54.778	220.169
LT2	729	729	106.45	31.316	54.659	221.655
LT2	729.125	729.125	101.587	29.331	54.501	223.989
LT2	729.25	729.25	99.109	26.978	54.307	227.089
LT2	729.375	729.375	97.684	24.554	54.076	230.672
LT2	729.5	729.5	97.203	22.643	53.817	233.991
LT2	729.625	729.625	97.242	22.077	53.533	236.139
LT2	729.75	729.75	96.458	23.255	53.227	236.228
LT2	729.875	729.875	94.462	25.146	52.905	234.815
LT2	730	730	92.946	26.699	52.57	233.096
LT2	730.125	730.125	93.399	27.306	52.225	232.481
LT2	730.25	730.25	95.207	26.884	51.874	233.371
LT2	730.375	730.375	96.966	25.508	51.519	235.658
LT2	730.5	730.5	98.379	23.981	51.163	238.369
LT2	730.625	730.625	99.521	23.103	50.811	240.447
LT2	730.75	730.75	99.728	23.334	50.468	240.856
LT2	730.875	730.875	98.422	24.433	50.14	239.688
LT2	731	731	96.39	26.184	49.832	237.4
LT2	731.125	731.125	96.239	28.147	49.554	234.615
LT2	731.25	731.25	99.317	29.687	49.305	232.041
LT2	731.375	731.375	105.828	30.53	49.088	230.198
LT2	731.5	731.5	113.789	30.752	48.902	229.267
LT2	731.625	731.625	121.619	30.508	48.745	228.976
LT2	731.75	731.75	126.73	29.812	48.616	229.212
LT2	731.875	731.875	127.719	28.748	48.513	230.087
LT2	732	732	125.53	27.24	48.432	231.881
LT2	732.125	732.125	123.602	25.194	48.371	234.885
LT2	732.25	732.25	122.935	23.142	48.325	238.445
LT2	732.375	732.375	121.584	21.75	48.288	241.48
LT2	732.5	732.5	117.854	21.66	48.261	242.574
LT2	732.625	732.625	113.049	22.978	48.241	241.4
LT2	732.75	732.75	110.33	25.883	48.227	237.984
LT2	732.875	732.875	112.997	30.22	48.219	232.905
LT2	733	733	122.279	34.779	48.215	227.456
LT2	733.125	733.125	134.174	38.287	48.215	222.745
LT2	733.25	733.25	140.49	40.069	48.214	219.495
LT2	733.375	733.375	137.683	40.55	48.209	217.64
LT2	733.5	733.5	130.802	40.273	48.194	217.024
LT2	733.625	733.625	127.587	39.708	48.165	217.189
LT2	733.75	733.75	131.025	38.996	48.119	217.818
LT2	733.875	733.875	136.837	37.938	48.052	218.925
LT2	734	734	139.774	35.91	47.967	220.768
LT2	734.125	734.125	137.294	32.721	47.863	223.622
LT2	734.25	734.25	132.486	29.263	47.739	227.361
LT2	734.375	734.375	128.929	26.887	47.601	230.973
LT2	734.5	734.5	128.308	26.138	47.45	233.465
LT2	734.625	734.625	129.756	26.809	47.29	234.077
LT2	734.75	734.75	133.028	28.392	47.122	232.968
LT2	734.875	734.875	137.757	30.491	46.948	230.497
LT2	735	735	142.414	32.456	46.765	227.56
LT2	735.125	735.125	145.396	33.906	46.573	224.935
LT2	735.25	735.25	145.525	34.62	46.372	223.185
LT2	735.375	735.375	143.879	34.604	46.162	222.365
LT2	735.5	735.5	143.33	33.846	45.947	222.344
LT2	735.625	735.625	146.772	32.508	45.729	223.042
LT2	735.75	735.75	153.998	31.317	45.51	224.107
LT2	735.875	735.875	163.57	30.921	45.295	225.062
LT2	736	736	174.205	31.714	45.086	225.089
LT2	736.125	736.125	184.488	32.967	44.885	224.097
LT2	736.25	736.25	189.188	33.585	44.695	222.822
LT2	736.375	736.375	184.473	32.651	44.518	222.78
LT2	736.5	736.5	170.707	30.329	44.353	224.711
LT2	736.625	736.625	154.053	27.29	44.203	228.636
LT2	736.75	736.75	142.113	24.754	44.063	233.248
LT2	736.875	736.875	138.803	23.654	43.93	236.893
LT2	737	737	140.801	24.814	43.799	237.601
LT2	737.125	737.125	141.962	27.596	43.669	235.075
LT2	737.25	737.25	139.257	31.161	43.541	230.299
LT2	737.375	737.375	135.211	34.725	43.42	225.07
LT2	737.5	737.5	132.151	37.336	43.308	220.918
LT2	737.625	737.625	130.84	38.167	43.206	218.58
LT2	737.75	737.75	131.127	37.34	43.114	218.282
LT2	737.875	737.875	134.387	36.256	43.03	219.293
LT2	738	738	142.913	36.063	42.953	220.738
LT2	738.125	738.125	154.824	36.916	42.883	221.779
LT2	738.25	738.25	164.633	38.188	42.82	222.395
LT2	738.375	738.375	164.599	39.045	42.766	223.053
LT2	738.5	738.5	154.096	38.627	42.721	224.287
LT2	738.625	738.625	136.732	36.89	42.685	226.249
LT2	738.75	738.75	118.879	34.56	42.659	228.856
LT2	738.875	738.875	104.99	32.655	42.642	231.611
LT2	739	739	101.429	31.573	42.637	234.097
LT2	739.125	739.125	105.733	31.233	42.647	235.949
LT2	739.25	739.25	109.469	30.997	42.677	237.206
LT2	739.375	739.375	105.458	30.397	42.732	237.993
LT2	739.5	739.5	98.727	29.295	42.818	238.598
LT2	739.625	739.625	95.351	28.033	42.93	239.314
LT2	739.75	739.75	95.809	26.935	43.066	240.268
LT2	739.875	739.875	95.742	26.028	43.22	241.204
LT2	740	740	95.017	25.247	43.387	241.755
LT2	740.125	740.125	95.391	24.729	43.566	241.639
LT2	740.25	740.25	97.218	24.419	43.756	241.036
LT2	740.375	740.375	99.382	24.069	43.953	240.311
LT2	740.5	740.5	100.497	23.505	44.157	239.946
LT2	740.625	740.625	101.033	23.18	44.365	240.017
LT2	740.75	740.75	102.301	23.456	44.573	240.258
LT2	740.875	740.875	104.228	23.957	44.779	240.237
LT2	741	741	106.222	24.028	44.979	239.985
LT2	741.125	741.125	108.389	23.4	45.172	239.951
LT2	741.25	741.25	111.436	22.204	45.351	240.702
LT2	741.375	741.375	115.009	20.692	45.517	242.276
LT2	741.5	741.5	117.325	19.105	45.664	244.414
LT2	741.625	741.625	117.119	17.882	45.789	246.503
LT2	741.75	741.75	114.648	17.293	45.892	248.011
LT2	741.875	741.875	111.939	17.422	45.968	248.328
LT2	742	742	109.509	18.01	46.021	247.446
LT2	742.125	742.125	106.341	18.937	46.053	245.561
LT2	742.25	742.25	101.612	20.163	46.068	242.98
LT2	742.375	742.375	96.295	21.45	46.071	240.201
LT2	742.5	742.5	92.784	22.514	46.065	237.728
LT2	742.625	742.625	91.115	23.089	46.054	236.222
LT2	742.75	742.75	90.804	23.116	46.04	235.912
LT2	742.875	742.875	91.553	22.584	46.025	236.747
LT2	743	743	92.887	21.681	46.012	238.12
LT2	743.125	743.125	94.895	20.76	46.002	239.493
LT2	743.25	743.25	97.328	20.197	46	240.587
LT2	743.375	743.375	99.318	20.009	46.007	241.406
LT2	743.5	743.5	100.044	19.976	46.025	241.955
LT2	743.625	743.625	99.638	19.808	46.057	242.194
LT2	743.75	743.75	99.274	19.456	46.103	242.22
LT2	743.875	743.875	99.542	19.003	46.162	242.05
LT2	744	744	100.165	18.73	46.237	241.563
LT2	744.125	744.125	100.799	19.277	46.322	240.5
LT2	744.25	744.25	100.167	21.445	46.419	238.273
LT2	744.375	744.375	97.486	25.108	46.524	234.449
LT2	744.5	744.5	93.601	29.061	46.637	229.642
LT2	744.625	744.625	91.772	31.997	46.757	225.115
LT2	744.75	744.75	92.961	32.774	46.883	222.318
LT2	744.875	744.875	95.713	31.018	47.015	222.023
LT2	745	745	98.192	27.228	47.15	224.766
LT2	745.125	745.125	100.439	23.529	47.286	229.267
LT2	745.25	745.25	102.261	21.342	47.423	233.906
LT2	745.375	745.375	102.518	21.196	47.559	236.992
LT2	745.5	745.5	100.671	22.266	47.695	238.298
LT2	745.625	745.625	97.809	23.787	47.834	238.175
LT2	745.75	745.75	96.62	24.684	47.977	237.57
LT2	745.875	745.875	99.041	24.455	48.128	237.524
LT2	746	746	104.907	23.078	48.291	238.708
LT2	746.125	746.125	110.764	21.173	48.468	240.876
LT2	746.25	746.25	113.496	19.467	48.659	243.228
LT2	746.375	746.375	112.985	18.577	48.867	245.007
LT2	746.5	746.5	111.844	18.356	49.092	246.048
LT2	746.625	746.625	112.205	18.299	49.336	246.67
LT2	746.75	746.75	114.281	18.13	49.601	247.241
LT2	746.875	746.875	116.937	17.995	49.884	247.627
LT2	747	747	118.419	17.984	50.181	247.356
LT2	747.125	747.125	117.545	18.217	50.489	245.959
LT2	747.25	747.25	114.749	18.952	50.803	243.515
LT2	747.375	747.375	111.272	20.363	51.119	240.126
LT2	747.5	747.5	108.413	21.947	51.435	236.322
LT2	747.625	747.625	107.218	22.894	51.749	233.055
LT2	747.75	747.75	108.724	22.614	52.057	231.512
LT2	747.875	747.875	112.977	21.272	52.355	232.338
LT2	748	748	118.516	19.46	52.636	235.348
LT2	748.125	748.125	122.08	17.975	52.895	239.953
LT2	748.25	748.25	122.278	17.443	53.126	244.551
LT2	748.375	748.375	120.517	17.96	53.326	247.825
LT2	748.5	748.5	120.308	19.211	53.489	248.759
LT2	748.625	748.625	121.919	20.61	53.617	247.858
LT2	748.75	748.75	123.09	21.915	53.708	245.663
LT2	748.875	748.875	122.552	22.98	53.763	242.773
LT2	749	749	120.479	23.717	53.787	239.705
LT2	749.125	749.125	117.651	24.043	53.781	236.904
LT2	749.25	749.25	114.864	24.115	53.748	234.824
LT2	749.375	749.375	112.542	24.217	53.695	233.526
LT2	749.5	749.5	109.742	24.608	53.625	232.743
LT2	749.625	749.625	105.594	25.434	53.543	231.857
LT2	749.75	749.75	101.204	26.551	53.452	230.646
LT2	749.875	749.875	98.556	27.338	53.357	229.446
LT2	750	750	98.464	27.156	53.262	228.985
LT2	750.125	750.125	101.445	25.924	53.169	229.78
LT2	750.25	750.25	106.513	24.194	53.081	231.897
LT2	750.375	750.375	111.546	22.691	53.002	234.438
LT2	750.5	750.5	113.403	21.801	52.933	236.44
LT2	750.625	750.625	112.411	21.613	52.877	237.244
LT2	750.75	750.75	110.87	21.888	52.834	237.146
LT2	750.875	750.875	110.838	22.433	52.809	236.663
LT2	751	751	112.409	22.934	52.801	236.308
LT2	751.125	751.125	115.247	23.056	52.809	236.301
LT2	751.25	751.25	119.057	22.54	52.831	236.783
LT2	751.375	751.375	123.295	21.616	52.861	237.606
LT2	751.5	751.5	126.476	20.568	52.893	238.592
LT2	751.625	751.625	127.601	19.542	52.921	239.682
LT2	751.75	751.75	127.009	18.855	52.943	240.72
LT2	751.875	751.875	124.7	18.932	52.955	241.223
LT2	752	752	121.048	19.802	52.955	240.502
LT2	752.125	752.125	116.877	21.054	52.941	238.571
LT2	752.25	752.25	114.461	22.542	52.911	235.64
LT2	752.375	752.375	114.447	23.869	52.86	232.245
LT2	752.5	752.5	115.221	24.397	52.789	229.19
LT2	752.625	752.625	115.407	23.699	52.694	227.534
LT2	752.75	752.75	115.488	22.439	52.576	227.624
LT2	752.875	752.875	115.519	21.215	52.437	229.094
LT2	753	753	115.514	20.031	52.273	231.707
LT2	753.125	753.125	116.722	18.819	52.087	235.085
LT2	753.25	753.25	120.94	17.853	51.878	238.696
LT2	753.375	753.375	126.041	17.349	51.646	241.616
LT2	753.5	753.5	128.659	17.106	51.394	243.459
LT2	753.625	753.625	127.655	17.012	51.122	244.128
LT2	753.75	753.75	126.079	17.141	50.834	243.627
LT2	753.875	753.875	125.842	17.628	50.531	242.207
LT2	754	754	126.217	18.657	50.217	240.039
LT2	754.125	754.125	124.922	20.161	49.892	237.175
LT2	754.25	754.25	121.187	21.814	49.558	233.625
LT2	754.375	754.375	116.909	23.155	49.216	229.794
LT2	754.5	754.5	114.878	23.803	48.869	226.723
LT2	754.625	754.625	116.147	23.533	48.517	225.186
LT2	754.75	754.75	118.594	22.236	48.162	225.802
LT2	754.875	754.875	120.389	20.758	47.807	227.836
LT2	755	755	121.016	20.09	47.451	230.209
LT2	755.125	755.125	120.49	20.812	47.096	231.384
LT2	755.25	755.25	118.987	22.277	46.741	230.945
LT2	755.375	755.375	117.418	23.836	46.386	229.313
LT2	755.5	755.5	116.892	25.074	46.029	227.514
LT2	755.625	755.625	117.541	25.677	45.669	226.222
LT2	755.75	755.75	118.458	25.167	45.302	225.933
LT2	755.875	755.875	119.368	23.795	44.93	226.791
LT2	756	756	120.776	22.382	44.553	228.557
LT2	756.125	756.125	122.764	21.521	44.174	230.853
LT2	756.25	756.25	125.433	20.883	43.8	233.313
LT2	756.375	756.375	129.074	20.23	43.431	235.768
LT2	756.5	756.5	132.573	19.839	43.074	237.71
LT2	756.625	756.625	134.015	19.958	42.727	238.585
LT2	756.75	756.75	131.682	20.613	42.392	238.072
LT2	756.875	756.875	127.622	21.88	42.066	236.325
LT2	757	757	124.39	23.596	41.748	233.993
LT2	757.125	757.125	123.392	25.121	41.434	231.897
LT2	757.25	757.25	124.023	25.611	41.121	231.021
LT2	757.375	757.375	126.303	25.062	40.809	231.564
LT2	757.5	757.5	130.421	23.968	40.498	233.083
LT2	757.625	757.625	134.55	23.045	40.193	234.514
LT2	757.75	757.75	135.386	22.654	39.898	235.153
LT2	757.875	757.875	132.603	23.249	39.624	234.269
LT2	758	758	128.908	24.865	39.375	231.859
LT2	758.125	758.125	126.838	27.166	39.159	228.252
LT2	758.25	758.25	127.006	29.126	38.981	224.389
LT2	758.375	758.375	129.521	29.811	38.837	221.321
LT2	758.5	758.5	135.411	28.879	38.727	219.867
LT2	758.625	758.625	143.407	26.898	38.645	220.356
LT2	758.75	758.75	150.576	24.73	38.583	222.231
LT2	758.875	758.875	154.351	23.092	38.537	224.652
LT2	759	759	155.543	22.538	38.502	226.489
LT2	759.125	759.125	155.195	23.058	38.474	227.137
LT2	759.25	759.25	152.346	24.214	38.455	226.419
LT2	759.375	759.375	146.047	25.238	38.448	225.13
LT2	759.5	759.5	138.153	25.826	38.458	224.038
LT2	759.625	759.625	132.619	25.742	38.495	223.84
LT2	759.75	759.75	130.137	24.763	38.56	224.702
LT2	759.875	759.875	129.809	22.67	38.653	226.784
LT2	760	760	131.274	19.827	38.766	230.055
LT2	760.125	760.125	134.466	17.04	38.889	233.993
LT2	760.25	760.25	137.18	14.877	39.008	238.049
LT2	760.375	760.375	138.008	13.518	39.11	241.573
LT2	760.5	760.5	137.185	12.925	39.188	244.026
LT2	760.625	760.625	134.784	13.233	39.23	244.648
LT2	760.75	760.75	130.272	14.305	39.23	243.281
LT2	760.875	760.875	124.303	15.895	39.188	240.383
LT2	761	761	120.28	17.679	39.096	236.838
LT2	761.125	761.125	119.994	19.172	38.963	233.707
LT2	761.25	761.25	122.271	20.132	38.793	231.436
LT2	761.375	761.375	123.351	20.848	38.59	229.792
LT2	761.5	761.5	120.605	22.048	38.365	227.74
LT2	761.625	761.625	113.573	23.916	38.12	224.449
LT2	761.75	761.75	107.114	25.526	37.86	220.432
LT2	761.875	761.875	106.125	25.929	37.583	217.481
LT2	762	762	112.771	24.731	37.287	217.374
LT2	762.125	762.125	121.384	22.694	36.97	220.282
LT2	762.25	762.25	125.325	20.922	36.636	224.972
LT2	762.375	762.375	122.705	20.282	36.292	229.587
LT2	762.5	762.5	117.987	20.488	35.95	232.441
LT2	762.625	762.625	115.875	20.891	35.619	233.201
LT2	762.75	762.75	117.19	21.107	35.314	232.535
LT2	762.875	762.875	119.552	21.151	35.039	231.656
LT2	763	763	120.25	20.962	34.802	230.921
LT2	763.125	763.125	118.845	20.692	34.615	230.258
LT2	763.25	763.25	115.9	20.73	34.48	229.546
LT2	763.375	763.375	112.166	21.165	34.404	228.79
LT2	763.5	763.5	108.898	21.524	34.39	228.262
LT2	763.625	763.625	107.33	21.542	34.429	228.321
LT2	763.75	763.75	107.972	21.301	34.522	229.215
LT2	763.875	763.875	109.477	20.914	34.656	230.656
LT2	764	764	110.416	20.399	34.825	232.198
LT2	764.125	764.125	110.336	19.924	35.025	233.198
LT2	764.25	764.25	109.318	19.798	35.25	233.13
LT2	764.375	764.375	108.323	20.151	35.499	231.767
LT2	764.5	764.5	108.751	20.833	35.772	229.41
LT2	764.625	764.625	110.049	21.548	36.066	227.014
LT2	764.75	764.75	109.723	22.156	36.374	225.276
LT2	764.875	764.875	107.039	22.59	36.69	224.463
LT2	765	765	103.504	22.771	37.006	224.269
LT2	765.125	765.125	101.527	22.517	37.314	224.368
LT2	765.25	765.25	101.256	21.774	37.609	224.53
LT2	765.375	765.375	102.179	20.835	37.888	224.855
LT2	765.5	765.5	103.794	20.441	38.146	225.686
LT2	765.625	765.625	104.731	21.347	38.382	227.143
LT2	765.75	765.75	103.298	23.562	38.595	229.033
LT2	765.875	765.875	99.994	26.135	38.784	230.891
LT2	766	766	97.053	27.668	38.953	232.195
LT2	766.125	766.125	96.867	27.465	39.107	232.594
LT2	766.25	766.25	98.596	25.597	39.252	232.004
LT2	766.375	766.375	100.498	23.093	39.394	230.925
LT2	766.5	766.5	101.721	20.865	39.537	229.993
LT2	766.625	766.625	103.261	19.372	39.684	229.956
LT2	766.75	766.75	106.9	18.362	39.835	231.094
LT2	766.875	766.875	113.885	17.576	39.989	233.348
LT2	767	767	121.546	17.034	40.143	235.86
LT2	767.125	767.125	125.009	16.883	40.292	237.728
LT2	767.25	767.25	121.855	17.175	40.431	238.134
LT2	767.375	767.375	114.498	17.82	40.555	237.23
LT2	767.5	767.5	106.292	18.854	40.662	235.534
LT2	767.625	767.625	99.422	20.068	40.747	233.901
LT2	767.75	767.75	94.511	20.938	40.813	233.018
LT2	767.875	767.875	92.828	21.118	40.862	233.174
LT2	768	768	93.845	20.676	40.894	234.159
LT2	768.125	768.125	96.252	19.966	40.913	235.389
LT2	768.25	768.25	98.722	19.135	40.921	236.362
LT2	768.375	768.375	100.047	18.419	40.919	236.725
LT2	768.5	768.5	99.954	18.092	40.908	236.406
LT2	768.625	768.625	98.868	18.226	40.885	235.448
LT2	768.75	768.75	97.57	18.434	40.844	234.262
LT2	768.875	768.875	96.94	18.442	40.781	233.24
LT2	769	769	97.138	18.34	40.686	232.728
LT2	769.125	769.125	97.81	18.556	40.557	232.689
LT2	769.25	769.25	97.875	19.421	40.393	232.978
LT2	769.375	769.375	96.68	20.864	40.197	233.371
LT2	769.5	769.5	95.065	22.276	39.982	233.751
LT2	769.625	769.625	94.169	23.139	39.763	234.161
LT2	769.75	769.75	94.262	23.217	39.557	234.688
LT2	769.875	769.875	94.938	22.702	39.378	235.27
LT2	770	770	95.513	21.771	39.237	235.701
LT2	770.125	770.125	95.945	20.821	39.137	235.695
LT2	770.25	770.25	96.008	20.271	39.073	235.066
LT2	770.375	770.375	95.82	20.364	39.041	233.731
LT2	770.5	770.5	95.524	20.919	39.03	232.126
LT2	770.625	770.625	94.902	21.724	39.029	230.737
LT2	770.75	770.75	94.787	22.418	39.03	230.06
LT2	770.875	770.875	96.221	22.627	39.025	230.134
LT2	771	771	99.455	22.101	39.015	230.834
LT2	771.125	771.125	102.997	21.038	39.001	231.702
LT2	771.25	771.25	105.25	20.007	38.991	232.196
LT2	771.375	771.375	105.58	19.348	38.993	232.035
LT2	771.5	771.5	105.185	19.008	39.014	231.555
LT2	771.625	771.625	105.611	18.761	39.058	231.361
LT2	771.75	771.75	107.53	18.428	39.126	232.004
LT2	771.875	771.875	109.738	18.006	39.208	233.55
LT2	772	772	110.892	17.584	39.293	235.753
LT2	772.125	772.125	111.069	17.303	39.364	238.115
LT2	772.25	772.25	110.573	17.38	39.41	239.88
LT2	772.375	772.375	108.557	17.963	39.421	240.449
LT2	772.5	772.5	105.13	19.069	39.391	239.412
LT2	772.625	772.625	101.898	20.544	39.326	237.06
LT2	772.75	772.75	99.513	22.29	39.233	233.61
LT2	772.875	772.875	96.766	23.877	39.121	229.604
LT2	773	773	93.456	24.773	39.006	225.823
LT2	773.125	773.125	92.115	24.556	38.896	223.086
LT2	773.25	773.25	94.959	23.288	38.796	221.847
LT2	773.375	773.375	101.377	21.352	38.706	222.07
LT2	773.5	773.5	107.147	19.455	38.618	223.674
LT2	773.625	773.625	109.446	18.417	38.527	226.024
LT2	773.75	773.75	107.669	18.403	38.423	228.512
LT2	773.875	773.875	105.005	18.893	38.298	230.552
LT2	774	774	104.584	19.252	38.15	232.051
LT2	774.125	774.125	107.882	19.277	37.975	233.122
LT2	774.25	774.25	112.665	18.788	37.776	233.992
LT2	774.375	774.375	116.363	17.932	37.562	234.796
LT2	774.5	774.5	117.14	17.118	37.345	235.445
LT2	774.625	774.625	115.784	16.834	37.135	235.631
LT2	774.75	774.75	113.601	17.115	36.939	235.043
LT2	774.875	774.875	111.957	17.737	36.762	233.401
LT2	775	775	111.148	18.24	36.601	231.136
LT2	775.125	775.125	111.244	18.35	36.45	229.024
LT2	775.25	775.25	112.542	18.099	36.3	227.878
LT2	775.375	775.375	114.207	17.846	36.142	227.693
LT2	775.5	775.5	113.82	17.826	35.968	228.184
LT2	775.625	775.625	109.62	18.434	35.775	229.044
LT2	775.75	775.75	102.901	19.888	35.566	230.065
LT2	775.875	775.875	97.333	22.055	35.346	231.257
LT2	776	776	95.51	24.009	35.118	232.787
LT2	776.125	776.125	97.565	25.162	34.89	234.629
LT2	776.25	776.25	101.343	25.639	34.665	236.385
LT2	776.375	776.375	103.507	25.697	34.449	237.377
LT2	776.5	776.5	102.369	25.092	34.242	237.398
LT2	776.625	776.625	99.426	23.601	34.047	236.654
LT2	776.75	776.75	97.767	21.923	33.859	235.787
LT2	776.875	776.875	98.948	20.62	33.673	235.165
LT2	777	777	101.748	19.63	33.485	235.011
LT2	777.125	777.125	104.561	18.869	33.288	235.174
LT2	777.25	777.25	105.956	19.041	33.081	235.287
LT2	777.375	777.375	104.532	21.377	32.864	234.475
LT2	777.5	777.5	99.312	26.309	32.642	232.036
LT2	777.625	777.625	90.923	35.083	32.42	227.586
LT2	777.75	777.75	82.647	49.426	32.203	221.734
LT2	777.875	777.875	76.34	66.159	31.997	215.684
LT2	778	778	73.177	75.917	31.803	210.839
LT2	778.125	778.125	74.378	71.26	31.621	208.529
LT2	778.25	778.25	81.678	55.488	31.453	209.421
LT2	778.375	778.375	93.14	38.236	31.301	213.888
LT2	778.5	778.5	104.501	26.349	31.167	220.582
LT2	778.625	778.625	112.897	19.61	31.056	228.208
LT2	778.75	778.75	118.638	16.472	30.976	234.997
LT2	778.875	778.875	121.47	15.657	30.925	239.5
LT2	779	779	119.153	16.637	30.91	240.818
LT2	779.125	779.125	112.329	18.599	30.932	239.229
LT2	779.25	779.25	104.339	20.617	30.985	236.294
LT2	779.375	779.375	100.763	21.757	31.068	233.505
LT2	779.5	779.5	103.137	21.642	31.176	231.988
LT2	779.625	779.625	108.947	20.856	31.305	231.702
LT2	779.75	779.75	112.015	20.145	31.45	232.096
LT2	779.875	779.875	110.875	19.766	31.608	232.539
LT2	780	780	108.598	19.562	31.773	232.926
LT2	780.125	780.125	108.555	19.355	31.947	233.415
LT2	780.25	780.25	109.696	19.169	32.128	234.172
LT2	780.375	780.375	108.715	19.447	32.322	235.132
LT2	780.5	780.5	104.297	21.179	32.534	235.575
LT2	780.625	780.625	97.574	24.603	32.764	234.681
LT2	780.75	780.75	90.73	29.523	33.012	232.107
LT2	780.875	780.875	85.808	35.054	33.271	228.559
LT2	781	781	83.36	39.55	33.534	225.206
LT2	781.125	781.125	83.293	40.574	33.789	223.251
LT2	781.25	781.25	85.614	37.375	34.025	223.444
LT2	781.375	781.375	90.47	31.8	34.237	225.645
LT2	781.5	781.5	95.926	26.895	34.416	228.966
LT2	781.625	781.625	99.022	24.698	34.567	231.485
LT2	781.75	781.75	96.711	25.948	34.697	231.686
LT2	781.875	781.875	89.491	31.779	34.815	228.494
LT2	782	782	80.463	40.732	34.935	223.226
LT2	782.125	782.125	74.692	49.266	35.067	217.872
LT2	782.25	782.25	74.736	51.846	35.217	215.196
LT2	782.375	782.375	80.215	47.679	35.387	216.317
LT2	782.5	782.5	88.061	39.694	35.573	221.144
LT2	782.625	782.625	94.867	32.989	35.768	227.498
LT2	782.75	782.75	99.505	29.138	35.963	233.128
LT2	782.875	782.875	102.884	27.275	36.148	236.533
LT2	783	783	106.357	25.529	36.32	237.939
LT2	783.125	783.125	110.414	23.381	36.479	238.194
LT2	783.25	783.25	114.218	21.163	36.626	238.174
LT2	783.375	783.375	116.862	19.441	36.769	238.443
LT2	783.5	783.5	117.739	18.405	36.915	239.077
LT2	783.625	783.625	117.342	17.939	37.074	239.882
LT2	783.75	783.75	116.714	17.726	37.248	240.64
LT2	783.875	783.875	117.082	17.583	37.442	241.3
LT2	784	784	118.275	17.421	37.654	241.868
LT2	784.125	784.125	118.905	17.315	37.877	242.271
LT2	784.25	784.25	117.685	17.4	38.101	242.313
LT2	784.375	784.375	114.98	17.724	38.313	241.868
LT2	784.5	784.5	111.246	18.249	38.506	241.001
LT2	784.625	784.625	106.818	19.106	38.669	239.879
LT2	784.75	784.75	102.283	20.446	38.804	238.704
LT2	784.875	784.875	99.101	22.273	38.915	237.485
LT2	785	785	97.644	24.33	39.003	236.129
LT2	785.125	785.125	96.849	26.072	39.076	234.655
LT2	785.25	785.25	95.684	26.972	39.139	233.214
LT2	785.375	785.375	94.881	26.676	39.192	232.165
LT2	785.5	785.5	95.525	25.727	39.233	231.723
LT2	785.625	785.625	96.764	24.842	39.26	231.847
LT2	785.75	785.75	96.843	24.453	39.265	232.058
LT2	785.875	785.875	95.87	24.363	39.249	231.971
LT2	786	786	95.595	24.2	39.207	231.518
LT2	786.125	786.125	96.715	23.743	39.142	230.995
LT2	786.25	786.25	98.388	23.139	39.059	230.616
LT2	786.375	786.375	98.791	23.18	38.963	230.443
LT2	786.5	786.5	96.986	24.785	38.861	230.298
LT2	786.625	786.625	93.383	27.925	38.76	230.042
LT2	786.75	786.75	90.895	31.037	38.663	229.834
LT2	786.875	786.875	91.632	32.236	38.576	230.127
LT2	787	787	95.989	30.759	38.504	231.268
LT2	787.125	787.125	101.695	27.522	38.452	233.137
LT2	787.25	787.25	106.875	24.046	38.422	235.299
LT2	787.375	787.375	110.138	21.206	38.417	237.574
LT2	787.5	787.5	112.729	19.161	38.436	239.957
LT2	787.625	787.625	116.55	17.738	38.477	242.317
LT2	787.75	787.75	121.444	16.94	38.545	244.252
LT2	787.875	787.875	124.256	16.792	38.64	245.356
LT2	788	788	121.692	17.375	38.762	245.418
LT2	788.125	788.125	114.879	18.782	38.919	244.302
LT2	788.25	788.25	107.258	20.648	39.104	242.448
LT2	788.375	788.375	102.322	22.468	39.316	240.289
LT2	788.5	788.5	100.427	23.523	39.549	238.369
LT2	788.625	788.625	100.416	23.559	39.793	236.952
LT2	788.75	788.75	101.361	22.63	40.041	236.185
LT2	788.875	788.875	103.578	21.187	40.287	236.155
LT2	789	789	107.677	19.642	40.526	236.881
LT2	789.125	789.125	112.16	18.276	40.757	238.447
LT2	789.25	789.25	115.41	17.275	40.981	240.626
LT2	789.375	789.375	117.139	16.76	41.197	243.051
LT2	789.5	789.5	117.393	17.138	41.401	245.106
LT2	789.625	789.625	115.152	18.691	41.591	245.983
LT2	789.75	789.75	108.88	21.322	41.762	244.97
LT2	789.875	789.875	100.613	24.279	41.907	241.785
LT2	790	790	93.883	26.507	42.021	237.699
LT2	790.125	790.125	91.939	27.284	42.096	234.183
LT2	790.25	790.25	94.563	26.186	42.122	232.657
LT2	790.375	790.375	100.09	23.66	42.099	233.245
LT2	790.5	790.5	105.978	20.652	42.022	235.495
LT2	790.625	790.625	110.689	18.463	41.894	238.138
LT2	790.75	790.75	112.839	17.458	41.726	240.25
LT2	790.875	790.875	112.223	17.517	41.524	241.426
LT2	791	791	110.246	18.271	41.303	241.995
LT2	791.125	791.125	108.252	19.574	41.074	242.284
LT2	791.25	791.25	106.807	21.023	40.85	242.475
LT2	791.375	791.375	105.526	22.093	40.637	242.661
LT2	791.5	791.5	104.222	22.581	40.438	242.88
LT2	791.625	791.625	103.397	22.425	40.252	243.064
LT2	791.75	791.75	103.326	21.781	40.073	242.939
LT2	791.875	791.875	104.217	20.885	39.9	242.194
LT2	792	792	105.847	20.108	39.735	240.963
LT2	792.125	792.125	108.066	19.468	39.584	239.936
LT2	792.25	792.25	111.267	18.716	39.457	240.001
LT2	792.375	792.375	116.117	17.876	39.367	241.438
LT2	792.5	792.5	121.474	17.34	39.323	243.652
LT2	792.625	792.625	124.432	17.392	39.34	245.514
LT2	792.75	792.75	124.391	17.676	39.42	246.255
LT2	792.875	792.875	123.119	18.012	39.561	245.889
LT2	793	793	122.317	18.628	39.765	244.863
LT2	793.125	793.125	120.759	19.455	40.017	243.833
LT2	793.25	793.25	116.718	20.142	40.305	243.208
LT2	793.375	793.375	112.66	20.592	40.615	243.084
LT2	793.5	793.5	111.172	21.149	40.928	243.066
LT2	793.625	793.625	112.277	21.752	41.231	242.821
LT2	793.75	793.75	113.011	21.867	41.513	242.44
LT2	793.875	793.875	111.748	21.625	41.77	242.197
LT2	794	794	109.375	21.764	41.999	242.247
LT2	794.125	794.125	107.61	22.51	42.203	242.555
LT2	794.25	794.25	106.666	23.538	42.382	243.029
LT2	794.375	794.375	105.791	24.413	42.532	243.296
LT2	794.5	794.5	104.729	24.901	42.651	242.783
LT2	794.625	794.625	104.207	24.928	42.735	241.065
LT2	794.75	794.75	104.468	24.546	42.778	238.133
LT2	794.875	794.875	104.825	23.91	42.782	234.902
LT2	795	795	104.866	23.157	42.741	232.516
LT2	795.125	795.125	105.457	22.615	42.656	231.955
LT2	795.25	795.25	107.268	22.474	42.529	233.045
LT2	795.375	795.375	110.081	22.506	42.361	235.228
LT2	795.5	795.5	112.796	22.429	42.156	237.575
LT2	795.625	795.625	114.201	22.443	41.922	239.427
LT2	795.75	795.75	113.461	22.71	41.665	240.286
LT2	795.875	795.875	111.223	22.746	41.396	240.486
LT2	796	796	109.284	22.303	41.12	240.599
LT2	796.125	796.125	109.597	21.698	40.846	241.059
LT2	796.25	796.25	112.509	21.19	40.579	241.822
LT2	796.375	796.375	117.083	20.574	40.321	242.823
LT2	796.5	796.5	120.91	19.718	40.075	243.899
LT2	796.625	796.625	122.195	18.901	39.839	244.77
LT2	796.75	796.75	121.568	18.292	39.61	245.339
LT2	796.875	796.875	122.266	17.705	39.385	245.923
LT2	797	797	125.527	17.03	39.16	246.747
LT2	797.125	797.125	128.452	16.422	38.933	247.645
LT2	797.25	797.25	128.087	16.21	38.702	248.107
LT2	797.375	797.375	124.09	16.537	38.468	247.751
LT2	797.5	797.5	119.317	17.236	38.233	246.323
LT2	797.625	797.625	116.325	17.802	37.998	244.406
LT2	797.75	797.75	117.252	17.921	37.762	242.823
LT2	797.875	797.875	121.435	17.459	37.526	242.484
LT2	798	798	126.577	16.717	37.292	243.29
LT2	798.125	798.125	129.59	16.248	37.061	244.669
LT2	798.25	798.25	129.943	16.821	36.834	245.655
LT2	798.375	798.375	128.221	18.6	36.608	245.71
LT2	798.5	798.5	124.352	21.523	36.38	244.707
LT2	798.625	798.625	117.916	25.312	36.148	243.136
LT2	798.75	798.75	109.499	29.585	35.911	241.512
LT2	798.875	798.875	102.318	33.566	35.674	240.179
LT2	799	799	99.268	36.105	35.442	239.224
LT2	799.125	799.125	101.666	36.476	35.223	238.732
LT2	799.25	799.25	107.821	34.254	35.026	239.032
LT2	799.375	799.375	116.074	30.512	34.854	240.168
LT2	799.5	799.5	125.224	26.347	34.708	241.95
LT2	799.625	799.625	132.839	23.013	34.588	243.732
LT2	799.75	799.75	136.533	21.032	34.486	244.844
LT2	799.875	799.875	134.808	20.548	34.398	244.82
LT2	800	800	130.378	21.046	34.32	243.731
LT2	800.125	800.125	125.941	21.824	34.245	242.184
LT2	800.25	800.25	123.802	22.386	34.169	240.898
LT2	800.375	800.375	124.27	22.608	34.087	240.303
LT2	800.5	800.5	127.222	22.634	33.993	240.298
LT2	800.625	800.625	130.642	22.673	33.884	240.541
LT2	800.75	800.75	132.354	22.868	33.761	240.613
LT2	800.875	800.875	130.522	23.295	33.624	240.28
LT2	801	801	125.353	24.074	33.474	239.344
LT2	801.125	801.125	118.265	25.111	33.315	237.967
LT2	801.25	801.25	111.887	26.009	33.147	236.547
LT2	801.375	801.375	108.312	26.173	32.972	235.663
LT2	801.5	801.5	108.404	25.641	32.793	235.342
LT2	801.625	801.625	110.509	24.977	32.611	235.128
LT2	801.75	801.75	111.608	24.931	32.43	234.342
LT2	801.875	801.875	109.712	25.597	32.253	232.814
LT2	802	802	106.264	26.682	32.084	230.824
LT2	802.125	802.125	104.557	27.614	31.926	229.181
LT2	802.25	802.25	105.345	27.988	31.785	228.535
LT2	802.375	802.375	105.979	27.526	31.669	229.396
LT2	802.5	802.5	105.543	26.62	31.582	231.328
LT2	802.625	802.625	105.37	25.66	31.533	233.861
LT2	802.75	802.75	106.78	24.717	31.532	236.485
LT2	802.875	802.875	108.937	23.497	31.583	238.98
LT2	803	803	110.654	21.993	31.694	241.301
LT2	803.125	803.125	112.482	20.839	31.871	243.278
LT2	803.25	803.25	114.297	20.549	32.111	244.652
LT2	803.375	803.375	114.068	21.257	32.42	245.228
LT2	803.5	803.5	111.116	22.468	32.793	245.367
LT2	803.625	803.625	107.619	23.593	33.221	245.588
LT2	803.75	803.75	107.906	23.947	33.704	246.338
LT2	803.875	803.875	112.022	23.384	34.225	247.557
LT2	804	804	116.112	22.343	34.775	248.913
LT2	804.125	804.125	117.033	21.608	35.343	249.843
LT2	804.25	804.25	115.587	21.303	35.917	250.052
LT2	804.375	804.375	114.024	20.998	36.493	249.455
LT2	804.5	804.5	113.307	20.114	37.065	248.233
LT2	804.625	804.625	112.975	18.607	37.633	246.803
LT2	804.75	804.75	112.223	16.804	38.2	245.527
LT2	804.875	804.875	110.729	15.398	38.764	244.536
LT2	805	805	108.467	14.869	39.325	243.696
LT2	805.125	805.125	106.255	15.428	39.877	242.973
LT2	805.25	805.25	105.093	16.674	40.411	242.513
LT2	805.375	805.375	105.112	18.129	40.922	242.344
LT2	805.5	805.5	105.159	19.19	41.393	242.232
LT2	805.625	805.625	104.331	19.68	41.819	241.874
LT2	805.75	805.75	102.283	19.864	42.193	241.186
LT2	805.875	805.875	100.021	20.302	42.499	240.336
LT2	806	806	99.048	21.189	42.738	239.736
LT2	806.125	806.125	101.004	22.373	42.904	239.831
LT2	806.25	806.25	104.666	23.402	42.995	240.809
LT2	806.375	806.375	107.905	23.944	43.021	242.334
LT2	806.5	806.5	109.507	23.899	42.982	243.955
LT2	806.625	806.625	110.046	23.632	42.89	245.228
LT2	806.75	806.75	109.743	23.514	42.754	245.981
LT2	806.875	806.875	108.346	23.683	42.574	246.171
LT2	807	807	106.625	23.891	42.353	246.055
LT2	807.125	807.125	106.345	23.841	42.092	245.829
LT2	807.25	807.25	108.236	23.278	41.783	245.613
LT2	807.375	807.375	111.634	22.427	41.434	245.46
LT2	807.5	807.5	114.514	21.695	41.048	245.437
LT2	807.625	807.625	114.992	21.49	40.63	245.627
LT2	807.75	807.75	113.327	21.666	40.19	245.993
LT2	807.875	807.875	111.92	21.875	39.735	246.438
LT2	808	808	112.074	21.878	39.275	246.76
LT2	808.125	808.125	112.823	21.71	38.817	246.757
LT2	808.25	808.25	112.173	21.535	38.372	246.182
LT2	808.375	808.375	109.612	21.67	37.948	245.03
LT2	808.5	808.5	105.607	22.425	37.55	243.554
LT2	808.625	808.625	101.892	23.956	37.191	242.208
LT2	808.75	808.75	99.204	25.793	36.872	241.252
LT2	808.875	808.875	97.052	27.555	36.597	240.665
LT2	809	809	94.664	28.934	36.377	240.392
LT2	809.125	809.125	92.458	29.798	36.206	240.436
LT2	809.25	809.25	92.243	30.097	36.092	240.845
LT2	809.375	809.375	93.887	30.062	36.037	241.56
LT2	809.5	809.5	95.984	29.834	36.035	242.474
LT2	809.625	809.625	97.926	29.153	36.087	243.483
LT2	809.75	809.75	100.13	27.813	36.184	244.315
LT2	809.875	809.875	102.707	25.993	36.319	244.756
LT2	810	810	105.202	23.928	36.49	244.711
LT2	810.125	810.125	106.94	21.919	36.694	244.301
LT2	810.25	810.25	108.315	20.265	36.93	243.549
LT2	810.375	810.375	109.997	19.438	37.205	242.413
LT2	810.5	810.5	111.579	19.542	37.514	241.075
LT2	810.625	810.625	110.949	20.555	37.858	239.72
LT2	810.75	810.75	106.969	22.397	38.236	238.471
LT2	810.875	810.875	100.759	24.841	38.636	237.294
LT2	811	811	95.429	27.481	39.053	236.196
LT2	811.125	811.125	92.361	29.275	39.472	235.367
LT2	811.25	811.25	91.02	29.474	39.881	235.002
LT2	811.375	811.375	90.66	28.129	40.267	235.235
LT2	811.5	811.5	91.123	26.503	40.617	235.889
LT2	811.625	811.625	91.961	25.267	40.926	236.678
LT2	811.75	811.75	93.529	24.532	41.182	237.264
LT2	811.875	811.875	97.083	24.064	41.392	237.608
LT2	812	812	103.847	23.638	41.557	238.02
LT2	812.125	812.125	112.903	22.723	41.674	238.959
LT2	812.25	812.25	121.657	21.229	41.749	240.327
LT2	812.375	812.375	126.936	19.586	41.778	241.768
LT2	812.5	812.5	128.124	18.477	41.756	242.973
LT2	812.625	812.625	126.002	18.136	41.683	243.932
LT2	812.75	812.75	122.988	18.76	41.55	244.669
LT2	812.875	812.875	120.648	20.106	41.355	245.274
LT2	813	813	119.483	21.53	41.104	245.859
LT2	813.125	813.125	119.958	22.285	40.795	246.424
LT2	813.25	813.25	121.409	22.241	40.444	246.779
LT2	813.375	813.375	122.109	21.653	40.064	246.757
LT2	813.5	813.5	120.558	20.767	39.666	246.241
LT2	813.625	813.625	116.91	19.973	39.266	245.31
LT2	813.75	813.75	112.631	19.867	38.872	243.914
LT2	813.875	813.875	108.73	21.279	38.489	241.803
LT2	814	814	104.228	24.117	38.117	238.871
LT2	814.125	814.125	97.782	27.713	37.758	235.234
LT2	814.25	814.25	91.196	31.247	37.414	231.545
LT2	814.375	814.375	86.946	34.535	37.086	228.344
LT2	814.5	814.5	85.43	37.238	36.784	225.925
LT2	814.625	814.625	84.276	38.673	36.515	224.398
LT2	814.75	814.75	83.067	38.549	36.286	223.981
LT2	814.875	814.875	84.002	37.172	36.109	225.074
LT2	815	815	87.681	35.244	35.985	227.451
LT2	815.125	815.125	92.887	32.623	35.915	230.804
LT2	815.25	815.25	98.102	29.204	35.907	234.63
LT2	815.375	815.375	102.706	25.966	35.953	238.065
LT2	815.5	815.5	105.64	23.796	36.052	240.267
LT2	815.625	815.625	106.796	22.597	36.201	240.788
LT2	815.75	815.75	107.319	21.454	36.386	240.2
LT2	815.875	815.875	108.578	20.094	36.603	239.217
LT2	816	816	109.696	19.081	36.845	238.419
LT2	816.125	816.125	109.089	18.904	37.108	237.823
LT2	816.25	816.25	106.19	19.948	37.396	237.148
LT2	816.375	816.375	101.544	22.147	37.71	236.089
LT2	816.5	816.5	95.698	25.239	38.048	234.552
LT2	816.625	816.625	89.912	28.746	38.404	232.482
LT2	816.75	816.75	85.46	31.873	38.765	230.076
LT2	816.875	816.875	83.519	33.794	39.121	227.657
LT2	817	817	83.511	33.854	39.455	225.856
LT2	817.125	817.125	85.362	32.686	39.759	224.999
LT2	817.25	817.25	88.84	30.879	40.024	225.149
LT2	817.375	817.375	92.946	28.551	40.244	226.2
LT2	817.5	817.5	98.269	25.699	40.421	228.119
LT2	817.625	817.625	107.094	22.74	40.553	230.994
LT2	817.75	817.75	119.202	20.215	40.642	234.556
LT2	817.875	817.875	131.453	18.088	40.694	238.491
LT2	818	818	139.673	16.304	40.708	242.51
LT2	818.125	818.125	144.186	15.034	40.693	246.153
LT2	818.25	818.25	146.768	14.398	40.655	248.954
LT2	818.375	818.375	147.825	14.36	40.597	250.536
LT2	818.5	818.5	145.931	14.736	40.523	251.232
LT2	818.625	818.625	140.089	15.44	40.433	251.269
LT2	818.75	818.75	132.707	16.302	40.327	250.589
LT2	818.875	818.875	126.067	17.314	40.21	248.809
LT2	819	819	120.464	18.599	40.086	245.174
LT2	819.125	819.125	113.445	20.197	39.967	239.351
LT2	819.25	819.25	103.368	22.285	39.862	232.008
LT2	819.375	819.375	92.649	25.247	39.784	224.441
LT2	819.5	819.5	85.299	28.463	39.744	218.481
LT2	819.625	819.625	83.527	30.665	39.746	215.355
LT2	819.75	819.75	85.711	30.732	39.802	215.971
LT2	819.875	819.875	89.108	29.295	39.906	219.029
LT2	820	820	92.246	27.048	40.058	223.146
LT2	820.125	820.125	95.761	24.665	40.254	226.819
LT2	820.25	820.25	100	22.812	40.483	229.278
LT2	820.375	820.375	103.535	21.929	40.739	230.322
LT2	820.5	820.5	104.976	21.633	41.011	230.686
LT2	820.625	820.625	105.521	21.331	41.289	231.51
LT2	820.75	820.75	108.002	20.953	41.568	233.51
LT2	820.875	820.875	111.418	20.635	41.843	236.25
LT2	821	821	111.929	20.476	42.112	238.674
LT2	821.125	821.125	107.698	20.842	42.374	239.388
LT2	821.25	821.25	100.806	22.166	42.631	237.791
LT2	821.375	821.375	94.188	24.701	42.884	234.106
LT2	821.5	821.5	89.107	28.425	43.134	229.233
LT2	821.625	821.625	84.781	32.173	43.378	224.614
LT2	821.75	821.75	81.149	34.293	43.611	221.244
LT2	821.875	821.875	80.217	33.447	43.826	219.866
LT2	822	822	83.689	30.674	44.018	220.346
LT2	822.125	822.125	90.303	27.54	44.184	222.472
LT2	822.25	822.25	95.32	25.454	44.324	225.589
LT2	822.375	822.375	96.605	24.73	44.444	228.96
LT2	822.5	822.5	96.719	25.09	44.548	232.005
LT2	822.625	822.625	99.492	25.237	44.644	234.524
LT2	822.75	822.75	105.935	24.321	44.738	236.509
LT2	822.875	822.875	111.508	22.505	44.835	237.671
LT2	823	823	112.179	20.823	44.94	237.906
LT2	823.125	823.125	108.233	19.66	45.055	237.372
LT2	823.25	823.25	105.759	19.139	45.181	236.448
LT2	823.375	823.375	107.007	19.422	45.319	235.289
LT2	823.5	823.5	108.64	20.585	45.468	233.646
LT2	823.625	823.625	106.269	22.172	45.625	231.266
LT2	823.75	823.75	100.448	23.721	45.787	228.302
LT2	823.875	823.875	95.707	24.901	45.951	225.049
LT2	824	824	94.261	25.241	46.117	222.153
LT2	824.125	824.125	95.05	24.55	46.286	220.218
LT2	824.25	824.25	95.268	23.356	46.462	219.585
LT2	824.375	824.375	93.851	22.699	46.649	219.675
LT2	824.5	824.5	92.353	22.652	46.847	220.124
LT2	824.625	824.625	93.924	22.484	47.057	221.361
LT2	824.75	824.75	100.179	21.811	47.275	223.854
LT2	824.875	824.875	109.35	20.805	47.498	227.499
LT2	825	825	115.263	19.777	47.723	231.305
LT2	825.125	825.125	115.023	19.046	47.95	234.252
LT2	825.25	825.25	110.326	19.188	48.178	235.704
LT2	825.375	825.375	105.308	20.556	48.409	235.644
LT2	825.5	825.5	100.843	22.691	48.644	234.762
LT2	825.625	825.625	95.924	25.021	48.885	233.899
LT2	825.75	825.75	90.986	27.256	49.131	233.488
LT2	825.875	825.875	87.545	29.246	49.383	233.175
LT2	826	826	86.392	30.419	49.642	232.304
LT2	826.125	826.125	86.947	30.407	49.907	230.807
LT2	826.25	826.25	88.608	29.332	50.179	229.035
LT2	826.375	826.375	91.446	27.61	50.458	227.629
LT2	826.5	826.5	95.869	25.616	50.739	227.186
LT2	826.625	826.625	101.986	23.515	51.019	228.129
LT2	826.75	826.75	108.521	21.639	51.291	230.186
LT2	826.875	826.875	114.402	20.271	51.551	232.397
LT2	827	827	118.892	19.517	51.795	233.884
LT2	827.125	827.125	121.439	19.336	52.019	234.053
LT2	827.25	827.25	121.152	19.77	52.223	232.812
LT2	827.375	827.375	117.343	20.93	52.401	230.407
LT2	827.5	827.5	111.244	22.467	52.55	227.948
LT2	827.625	827.625	105.902	23.839	52.667	226.35
LT2	827.75	827.75	105.286	24.342	52.741	226.39
LT2	827.875	827.875	110.448	23.823	52.769	227.918
LT2	828	828	119.168	22.434	52.748	230.602
LT2	828.125	828.125	125.995	20.9	52.667	233.484
LT2	828.25	828.25	127.883	20.107	52.529	235.366
LT2	828.375	828.375	124.159	20.484	52.326	235.411
LT2	828.5	828.5	118.658	21.584	52.053	233.78
LT2	828.625	828.625	114.414	22.649	51.714	231.549
LT2	828.75	828.75	112.792	23.273	51.3	229.823
LT2	828.875	828.875	112.871	23.408	50.817	229.226
LT2	829	829	113.971	23.142	50.272	229.63
LT2	829.125	829.125	115.707	22.704	49.663	230.463
LT2	829.25	829.25	117.183	22.529	49.004	230.82
LT2	829.375	829.375	117.026	22.759	48.305	230.242
LT2	829.5	829.5	115.572	23.14	47.57	228.818
LT2	829.625	829.625	114.056	23.334	46.81	227.394
LT2	829.75	829.75	114.146	23.313	46.032	226.727
LT2	829.875	829.875	116.437	23.123	45.242	227.341
LT2	830	830	120.36	22.75	44.45	229.027
LT2	830.125	830.125	123.7	22.29	43.663	231.362
LT2	830.25	830.25	124.316	22.128	42.887	233.496
LT2	830.375	830.375	121.067	22.46	42.129	234.724
LT2	830.5	830.5	115.662	23.161	41.395	234.59
LT2	830.625	830.625	111.709	23.776	40.691	233.646
LT2	830.75	830.75	111.535	23.995	40.023	232.773
LT2	830.875	830.875	113.342	23.62	39.406	232.828
LT2	831	831	114.947	22.988	38.843	233.679
LT2	831.125	831.125	115.339	22.658	38.342	234.645
LT2	831.25	831.25	114.41	23.288	37.914	234.526
LT2	831.375	831.375	111.518	24.802	37.553	232.846
LT2	831.5	831.5	107.072	26.742	37.26	229.917
LT2	831.625	831.625	104.721	28.241	37.028	227.158
LT2	831.75	831.75	107.602	28.727	36.847	225.885
LT2	831.875	831.875	115.785	27.928	36.712	226.922
LT2	832	832	124.863	26.261	36.617	229.806
LT2	832.125	832.125	130.188	24.416	36.556	233.511
LT2	832.25	832.25	130.216	23.116	36.532	236.84
LT2	832.375	832.375	127.6	22.728	36.539	238.797
LT2	832.5	832.5	124.422	23.15	36.576	239.033
LT2	832.625	832.625	121.513	23.85	36.648	237.83
LT2	832.75	832.75	120.17	24.241	36.752	236.348
LT2	832.875	832.875	122.347	24.099	36.889	235.345
LT2	833	833	126.756	23.438	37.063	235.277
LT2	833.125	833.125	130.62	22.325	37.266	236.182
LT2	833.25	833.25	131.698	20.647	37.5	238.164
LT2	833.375	833.375	131.969	18.611	37.758	240.952
LT2	833.5	833.5	133.185	16.671	38.033	243.956
LT2	833.625	833.625	135.021	15.333	38.318	246.471
LT2	833.75	833.75	135.621	14.962	38.609	247.748
LT2	833.875	833.875	132.578	15.899	38.904	247.116
LT2	834	834	125.07	18.645	39.203	243.668
LT2	834.125	834.125	114.62	22.597	39.507	238.056
LT2	834.25	834.25	104.783	26.808	39.816	231.587
LT2	834.375	834.375	99.505	29.988	40.128	226.265
LT2	834.5	834.5	99.193	31.445	40.442	223.115
LT2	834.625	834.625	102.239	30.805	40.755	222.466
LT2	834.75	834.75	105.79	28.566	41.066	223.876
LT2	834.875	834.875	108.873	25.95	41.375	226.346
LT2	835	835	111.01	23.845	41.678	229.14
LT2	835.125	835.125	112.545	22.369	41.972	231.945
LT2	835.25	835.25	114.88	21.26	42.253	234.935
LT2	835.375	835.375	118.96	20.464	42.511	238.216
LT2	835.5	835.5	123.268	19.873	42.737	241.353
LT2	835.625	835.625	125.83	19.306	42.922	243.784
LT2	835.75	835.75	126.363	18.803	43.05	244.799
LT2	835.875	835.875	125.773	18.548	43.123	244.35
LT2	836	836	123.91	18.558	43.138	242.594
LT2	836.125	836.125	120.058	18.662	43.091	240.118
LT2	836.25	836.25	114.778	18.812	42.992	237.642
LT2	836.375	836.375	110.003	19.092	42.843	235.599
LT2	836.5	836.5	106.907	19.562	42.65	234.205
LT2	836.625	836.625	105.685	20.219	42.424	233.482
LT2	836.75	836.75	104.889	21.079	42.17	233.489
LT2	836.875	836.875	103.222	21.963	41.896	234.052
LT2	837	837	101.115	22.787	41.605	234.969
LT2	837.125	837.125	99.613	23.706	41.297	236.051
LT2	837.25	837.25	98.693	24.793	40.973	237.047
LT2	837.375	837.375	97.698	25.745	40.635	237.784
LT2	837.5	837.5	97.56	26.001	40.286	238.209
LT2	837.625	837.625	99.817	25.468	39.938	238.469
LT2	837.75	837.75	104.623	24.219	39.601	238.565
LT2	837.875	837.875	109.541	22.445	39.295	238.292
LT2	838	838	112.929	20.557	39.032	237.643
LT2	838.125	838.125	114.249	19.044	38.831	236.875
LT2	838.25	838.25	114.227	18.299	38.701	236.33
LT2	838.375	838.375	113.577	18.244	38.642	236.052
LT2	838.5	838.5	112.775	18.637	38.659	235.994
LT2	838.625	838.625	111.053	19.304	38.738	236.015
LT2	838.75	838.75	107.576	20.396	38.865	235.879
LT2	838.875	838.875	103.125	22.215	39.027	235.286
LT2	839	839	98.871	24.608	39.204	234.474
LT2	839.125	839.125	95.432	27.241	39.382	233.886
LT2	839.25	839.25	93.292	29.267	39.552	233.848
LT2	839.375	839.375	93.838	29.836	39.714	234.204
LT2	839.5	839.5	98.083	28.576	39.871	234.719
LT2	839.625	839.625	103.839	26.242	40.03	234.99
LT2	839.75	839.75	108.119	23.889	40.194	234.734
LT2	839.875	839.875	108.982	22.087	40.366	233.997
LT2	840	840	107.961	20.951	40.541	233.412
LT2	840.125	840.125	107.405	20.407	40.714	233.531
LT2	840.25	840.25	109.218	20.146	40.876	234.752
LT2	840.375	840.375	113.013	19.697	41.018	236.818
LT2	840.5	840.5	117.089	19.058	41.134	239.218
LT2	840.625	840.625	120.164	18.501	41.214	241.023
LT2	840.75	840.75	121.839	18.119	41.26	241.652
LT2	840.875	840.875	121.766	17.916	41.274	240.995
LT2	841	841	120.176	18.048	41.269	239.472
LT2	841.125	841.125	117.064	18.729	41.262	237.698
LT2	841.25	841.25	113.021	20.182	41.271	236.052
LT2	841.375	841.375	109.293	22.127	41.311	234.767
LT2	841.5	841.5	106.958	23.785	41.391	233.987
LT2	841.625	841.625	107.942	24.277	41.518	233.945
LT2	841.75	841.75	112.511	23.514	41.685	234.523
LT2	841.875	841.875	118.367	21.941	41.883	235.343
LT2	842	842	120.998	20.145	42.102	235.942
LT2	842.125	842.125	119.526	18.737	42.329	236.263
LT2	842.25	842.25	117.775	18.046	42.555	236.524
LT2	842.375	842.375	120.134	17.991	42.771	236.978
LT2	842.5	842.5	125.773	18.05	42.974	237.598
LT2	842.625	842.625	129.931	18.004	43.161	238.212
LT2	842.75	842.75	130.274	17.95	43.329	238.54
LT2	842.875	842.875	128.233	17.997	43.481	238.485
LT2	843	843	127.474	18.076	43.618	238.227
LT2	843.125	843.125	128.959	17.947	43.742	238.305
LT2	843.25	843.25	130.867	17.52	43.854	239.004
LT2	843.375	843.375	130.283	17.09	43.948	240.043
LT2	843.5	843.5	126.945	17.476	44.021	240.274
LT2	843.625	843.625	120.755	19.41	44.068	238.602
LT2	843.75	843.75	110.703	23.46	44.084	234.277
LT2	843.875	843.875	96.86	28.965	44.073	228.554
LT2	844	844	83.417	34.952	44.034	223.067
LT2	844.125	844.125	75.398	39.41	43.967	219.648
LT2	844.25	844.25	73.437	41.044	43.879	218.733
LT2	844.375	844.375	74.673	39.669	43.771	220.094
LT2	844.5	844.5	76.627	37.075	43.648	222.329
LT2	844.625	844.625	79.112	35.149	43.515	223.886
LT2	844.75	844.75	81.31	34.752	43.378	223.541
LT2	844.875	844.875	82.277	34.834	43.243	221.608
LT2	845	845	82.953	34.084	43.115	219.329
LT2	845.125	845.125	85.712	31.995	42.998	218.218
LT2	845.25	845.25	90.317	29.829	42.889	218.566
LT2	845.375	845.375	93.011	28.564	42.786	219.887
LT2	845.5	845.5	91.085	28.275	42.682	221.264
LT2	845.625	845.625	87.118	28.363	42.573	222.103
LT2	845.75	845.75	86.679	28.549	42.454	222.422
LT2	845.875	845.875	90.967	28.188	42.325	223.039
LT2	846	846	97.797	26.691	42.187	224.802
LT2	846.125	846.125	104.497	24.166	42.04	227.995
LT2	846.25	846.25	110.653	21.808	41.887	231.542
LT2	846.375	846.375	116.039	20.344	41.727	234.162
LT2	846.5	846.5	119.535	19.736	41.562	234.941
LT2	846.625	846.625	120.923	19.411	41.393	234.361
LT2	846.75	846.75	120.194	19.251	41.218	233.218
LT2	846.875	846.875	117.592	19.635	41.033	232.145
LT2	847	847	112.881	20.975	40.834	231.244
LT2	847.125	847.125	105.736	23.602	40.617	230.438
LT2	847.25	847.25	97.78	27.449	40.376	229.664
LT2	847.375	847.375	91.1	31.644	40.112	228.968
LT2	847.5	847.5	87.758	35.151	39.828	228.497
LT2	847.625	847.625	87.53	36.981	39.537	228.314
LT2	847.75	847.75	89.239	36.909	39.253	228.265
LT2	847.875	847.875	91.675	34.961	38.994	228.208
LT2	848	848	95.038	31.958	38.771	228.267
LT2	848.125	848.125	99.998	28.727	38.59	228.692
LT2	848.25	848.25	105.832	25.972	38.453	229.672
LT2	848.375	848.375	110.596	23.837	38.35	230.965
LT2	848.5	848.5	112.34	22.336	38.273	232.25
LT2	848.625	848.625	112.629	21.488	38.213	233.127
LT2	848.75	848.75	113.759	21.2	38.163	233.446
LT2	848.875	848.875	115.846	21.635	38.119	233.172
LT2	849	849	115.651	22.976	38.08	232.447
LT2	849.125	849.125	111.342	24.896	38.05	231.519
LT2	849.25	849.25	105.928	26.627	38.038	230.572
LT2	849.375	849.375	103.788	27.251	38.049	229.791
LT2	849.5	849.5	106.062	26.54	38.09	229.337
LT2	849.625	849.625	110.348	24.882	38.168	229.346
LT2	849.75	849.75	113.845	23.427	38.279	229.654
LT2	849.875	849.875	114.986	22.842	38.418	230.161
LT2	850	850	114.425	23.138	38.575	231.07
LT2	850.125	850.125	113.883	23.528	38.732	232.43
LT2	850.25	850.25	115.379	23.538	38.875	234.027
LT2	850.375	850.375	118.949	23.023	38.988	235.458
LT2	850.5	850.5	124.083	22.256	39.07	236.529
LT2	850.625	850.625	129.873	21.571	39.119	237.107
LT2	850.75	850.75	133.774	21.183	39.142	237.102
LT2	850.875	850.875	133.411	21.106	39.151	236.581
LT2	851	851	128.585	21.402	39.157	235.567
LT2	851.125	851.125	122.281	22.02	39.175	234.119
LT2	851.25	851.25	116.924	22.786	39.212	232.37
LT2	851.375	851.375	113.953	23.438	39.276	230.727
LT2	851.5	851.5	113.153	23.808	39.369	229.827
LT2	851.625	851.625	114.132	23.853	39.489	230.185
LT2	851.75	851.75	116.507	23.503	39.635	232.196
LT2	851.875	851.875	120.913	22.776	39.802	235.367
LT2	852	852	128.102	21.712	39.986	239.09
LT2	852.125	852.125	135.36	20.512	40.185	242.478
LT2	852.25	852.25	139.781	19.465	40.398	244.911
LT2	852.375	852.375	140.598	18.882	40.629	245.854
LT2	852.5	852.5	138.891	19.121	40.882	245.016
LT2	852.625	852.625	133.999	20.339	41.161	242.471
LT2	852.75	852.75	125.151	22.399	41.474	238.533
LT2	852.875	852.875	114.945	24.402	41.82	234.393
LT2	853	853	108.294	25.562	42.197	231.095
LT2	853.125	853.125	108.048	25.251	42.607	229.745
LT2	853.25	853.25	112.505	23.762	43.038	230.488
LT2	853.375	853.375	118.803	21.627	43.484	233.033
LT2	853.5	853.5	123.829	19.801	43.933	236.167
LT2	853.625	853.625	125.912	19.102	44.375	238.373
LT2	853.75	853.75	123.21	20.236	44.802	238.694
LT2	853.875	853.875	116.152	23.516	45.202	237.088
LT2	854	854	105.847	28.186	45.576	234.383
LT2	854.125	854.125	96.34	32.599	45.92	231.566
LT2	854.25	854.25	92.234	34.495	46.238	229.795
LT2	854.375	854.375	96.132	33.118	46.534	229.656
LT2	854.5	854.5	105.253	29.047	46.809	231.373
LT2	854.625	854.625	114.705	24.55	47.068	234.126
LT2	854.75	854.75	120.599	21.047	47.31	237.096
LT2	854.875	854.875	122.168	19.326	47.529	239.37
LT2	855	855	119.952	18.882	47.724	240.497
LT2	855.125	855.125	115.357	19.256	47.886	240.307
LT2	855.25	855.25	110.765	20.055	48.008	239.139
LT2	855.375	855.375	106.84	21.131	48.088	237.749
LT2	855.5	855.5	103.529	22.428	48.12	236.717
LT2	855.625	855.625	101.26	23.861	48.102	236.31
LT2	855.75	855.75	100.473	25.397	48.038	236.377
LT2	855.875	855.875	100.067	26.837	47.924	236.602
LT2	856	856	98.821	27.6	47.768	236.641
LT2	856.125	856.125	98.135	27.244	47.574	236.446
LT2	856.25	856.25	100.693	25.859	47.342	236.138
LT2	856.375	856.375	106.212	24.307	47.077	235.801
LT2	856.5	856.5	111.133	22.993	46.775	235.415
LT2	856.625	856.625	112.538	22.075	46.428	235.017
LT2	856.75	856.75	111.765	21.785	46.035	234.578
LT2	856.875	856.875	110.909	22.562	45.59	233.784
LT2	857	857	108.817	24.425	45.09	232.193
LT2	857.125	857.125	103.648	26.792	44.541	229.967
LT2	857.25	857.25	96.52	29.107	43.945	227.748
LT2	857.375	857.375	92.055	30.684	43.314	226.451
LT2	857.5	857.5	92.78	30.983	42.661	226.612
LT2	857.625	857.625	96.056	29.907	42	228.574
LT2	857.75	857.75	97.907	29.094	41.343	231.203
LT2	857.875	857.875	95.355	30.588	40.701	232.634
LT2	858	858	88.622	36.047	40.082	230.598
LT2	858.125	858.125	80.327	43.234	39.488	225.692
LT2	858.25	858.25	75.305	49.132	38.923	219.776
LT2	858.375	858.375	76.439	50.993	38.393	215.626
LT2	858.5	858.5	83.05	48.615	37.9	214.611
LT2	858.625	858.625	91.604	42.668	37.454	217.202
LT2	858.75	858.75	99.046	35.65	37.064	222.182
LT2	858.875	858.875	104.437	30.094	36.736	227.565
LT2	859	859	107.765	27.356	36.483	231.767
LT2	859.125	859.125	109.208	26.369	36.311	234.483
LT2	859.25	859.25	109.054	26.003	36.222	236.145
LT2	859.375	859.375	108.534	25.752	36.229	237.052
LT2	859.5	859.5	108.637	25.367	36.321	237.41
LT2	859.625	859.625	109.451	24.813	36.494	237.196
LT2	859.75	859.75	110.512	24.28	36.745	236.312
LT2	859.875	859.875	111.647	24.098	37.054	234.763
LT2	860	860	111.774	24.802	37.412	232.252
LT2	860.125	860.125	108.259	27.293	37.807	228.237
LT2	860.25	860.25	99.411	31.518	38.228	222.821
LT2	860.375	860.375	88.053	36.51	38.673	216.777
LT2	860.5	860.5	79.959	40.435	39.141	211.786
LT2	860.625	860.625	78.319	42.045	39.632	209.1
LT2	860.75	860.75	81.834	40.524	40.146	209.757
LT2	860.875	860.875	87.658	36.931	40.676	213.188
LT2	861	861	94.634	32.728	41.216	218.315
LT2	861.125	861.125	101.638	29.314	41.757	223.811
LT2	861.25	861.25	107.555	26.913	42.29	228.637
LT2	861.375	861.375	111.271	25.191	42.806	232.463
LT2	861.5	861.5	113.591	23.606	43.296	235.607
LT2	861.625	861.625	116.055	22.019	43.758	238.689
LT2	861.75	861.75	119.091	20.753	44.187	241.617
LT2	861.875	861.875	120.179	20.252	44.582	243.235
LT2	862	862	115.95	20.903	44.945	242.407
LT2	862.125	862.125	105.186	23.822	45.277	238.109
LT2	862.25	862.25	91.502	30.182	45.586	230.741
LT2	862.375	862.375	78.452	40.07	45.878	221.689
LT2	862.5	862.5	68.878	51.87	46.159	213.233
LT2	862.625	862.625	64.169	60.745	46.431	207.478
LT2	862.75	862.75	66.201	62.649	46.696	205.276
LT2	862.875	862.875	73.84	56.485	46.948	206.609
LT2	863	863	83.803	47.369	47.186	209.939
LT2	863.125	863.125	92.088	39.268	47.407	214.259
LT2	863.25	863.25	97.949	33.843	47.608	218.779
LT2	863.375	863.375	102.344	30.622	47.793	223.078
LT2	863.5	863.5	106.07	29.634	47.963	226.784
LT2	863.625	863.625	107.962	30.132	48.12	229.716
LT2	863.75	863.75	107.014	31.012	48.267	232.028
LT2	863.875	863.875	104.75	31.79	48.404	233.753
LT2	864	864	103.521	32.28	48.534	234.837
LT2	864.125	864.125	104.242	32.055	48.656	235.353
LT2	864.25	864.25	105.751	31.014	48.769	235.543
LT2	864.375	864.375	106.035	30.386	48.873	235.509
LT2	864.5	864.5	102.891	31.319	48.967	234.991
LT2	864.625	864.625	96.464	34.748	49.045	233.659
LT2	864.75	864.75	88.48	40.79	49.106	231.569
LT2	864.875	864.875	81.821	49.059	49.148	228.86
LT2	865	865	77.783	57.252	49.167	226.057
LT2	865.125	865.125	76.45	63.409	49.169	223.777
LT2	865.25	865.25	76.831	67.164	49.153	222.467
LT2	865.375	865.375	77.097	69.992	49.126	221.995
LT2	865.5	865.5	76.403	72.627	49.089	221.998
LT2	865.625	865.625	75.746	73.974	49.043	222.169
LT2	865.75	865.75	76.562	72.216	48.99	222.431
LT2	865.875	865.875	80.243	66.202	48.932	223.031
LT2	866	866	86.83	56.187	48.869	224.42
LT2	866.125	866.125	95.728	45.4	48.804	226.552
LT2	866.25	866.25	104.609	36.676	48.739	229.109
LT2	866.375	866.375	109.22	32.019	48.681	231.299
LT2	866.5	866.5	106.705	31.455	48.632	232.224
LT2	866.625	866.625	97.41	35.481	48.599	230.906
LT2	866.75	866.75	86.379	44.888	48.587	227.041
LT2	866.875	866.875	77.397	58.177	48.6	221.438
LT2	867	867	72.287	70.238	48.645	215.658
LT2	867.125	867.125	71.892	74.374	48.728	211.944
LT2	867.25	867.25	78.142	68.837	48.85	211.63
LT2	867.375	867.375	89.759	56.689	49.018	215.275
LT2	867.5	867.5	102.032	45.399	49.226	220.77
LT2	867.625	867.625	108.534	38.706	49.475	225.943
LT2	867.75	867.75	108.276	37.134	49.764	228.789
LT2	867.875	867.875	105.752	37.543	50.086	229.584
LT2	868	868	107.428	37.632	50.442	229.578
LT2	868.125	868.125	113.285	36.136	50.829	230.478
LT2	868.25	868.25	119.763	33.327	51.244	232.75
LT2	868.375	868.375	123.056	30.216	51.683	235.877
LT2	868.5	868.5	123.188	28.092	52.142	238.583
LT2	868.625	868.625	121.269	27.146	52.617	240.23
LT2	868.75	868.75	119.729	26.795	53.101	240.912
LT2	868.875	868.875	121.049	26.325	53.588	241.519
LT2	869	869	125.796	25.694	54.071	242.535
LT2	869.125	869.125	130.002	25.06	54.541	243.929
LT2	869.25	869.25	130.906	24.638	54.991	245.139
LT2	869.375	869.375	128.558	24.654	55.414	245.651
LT2	869.5	869.5	125.831	25.123	55.8	245.279
LT2	869.625	869.625	124.104	25.603	56.147	244.618
LT2	869.75	869.75	123.145	25.585	56.447	244.449
LT2	869.875	869.875	122.309	24.885	56.698	245.339
LT2	870	870	121.811	23.828	56.9	247.166
LT2	870.125	870.125	122.28	22.837	57.048	249.567
LT2	870.25	870.25	123.882	22.225	57.144	251.902
LT2	870.375	870.375	125.951	22.074	57.189	253.686
LT2	870.5	870.5	127.399	22.325	57.179	254.531
LT2	870.625	870.625	128.072	22.561	57.121	254.749
LT2	870.75	870.75	128.003	22.559	57.017	254.748
LT2	870.875	870.875	126.657	22.54	56.865	254.687
LT2	871	871	124.076	22.887	56.675	254.289
LT2	871.125	871.125	121.373	23.701	56.447	253.24
LT2	871.25	871.25	120.028	24.899	56.185	251.492
LT2	871.375	871.375	120.267	26.419	55.896	249.265
LT2	871.5	871.5	120.551	28.139	55.583	246.723
LT2	871.625	871.625	119.181	29.598	55.254	244.156
LT2	871.75	871.75	115.763	30.63	54.914	241.824
LT2	871.875	871.875	111.525	31.681	54.571	239.782
LT2	872	872	108.111	33.385	54.23	237.653
LT2	872.125	872.125	105.711	35.555	53.895	235.168
LT2	872.25	872.25	102.722	37.574	53.574	232.382
LT2	872.375	872.375	98.402	39.351	53.27	229.66
LT2	872.5	872.5	94.328	41.101	52.986	227.244
LT2	872.625	872.625	92.99	42.605	52.728	225.476
LT2	872.75	872.75	94.703	43.344	52.497	224.679
LT2	872.875	872.875	97.755	42.982	52.298	225.135
LT2	873	873	100.064	41.777	52.132	226.634
LT2	873.125	873.125	100.708	40.073	51.998	228.689
LT2	873.25	873.25	99.799	38.093	51.901	230.89
LT2	873.375	873.375	98.244	36.419	51.836	232.663
LT2	873.5	873.5	97.362	35.576	51.804	233.585
LT2	873.625	873.625	98.123	35.821	51.805	233.53
LT2	873.75	873.75	99.917	36.71	51.836	233.027
LT2	873.875	873.875	101.66	37.785	51.895	232.389
LT2	874	874	102.252	38.383	51.98	231.84
LT2	874.125	874.125	102.027	37.956	52.086	231.71
LT2	874.25	874.25	102.562	36.421	52.209	232.35
LT2	874.375	874.375	104.405	34.587	52.343	233.745
LT2	874.5	874.5	106.318	33.202	52.487	235.475
LT2	874.625	874.625	106.469	32.384	52.636	237.277
LT2	874.75	874.75	105.358	31.817	52.788	238.965
LT2	874.875	874.875	105.149	31.315	52.94	240.366
LT2	875	875	107.099	30.796	53.089	241.337
LT2	875.125	875.125	109.89	30.378	53.233	241.954
LT2	875.25	875.25	111.731	30.38	53.371	242.191
LT2	875.375	875.375	111.684	31.165	53.5	241.851
LT2	875.5	875.5	110.434	32.562	53.621	241.125
LT2	875.625	875.625	109.395	34.18	53.734	240.402
LT2	875.75	875.75	110.024	35.081	53.841	240.171
LT2	875.875	875.875	112.412	34.778	53.944	240.505
LT2	876	876	114.932	33.551	54.046	241.213
LT2	876.125	876.125	115.639	32.409	54.152	241.827
LT2	876.25	876.25	113.908	31.765	54.264	242.033
LT2	876.375	876.375	110.582	31.651	54.386	241.638
LT2	876.5	876.5	107.261	32.806	54.521	240.415
LT2	876.625	876.625	103.97	36.221	54.671	238
LT2	876.75	876.75	100.261	41.925	54.842	234.193
LT2	876.875	876.875	97.197	47.636	55.035	230.095
LT2	877	877	97.532	51.516	55.253	226.998
LT2	877.125	877.125	101.936	52.4	55.503	226.087
LT2	877.25	877.25	107.528	50.842	55.785	227.062
LT2	877.375	877.375	110.001	47.572	56.1	229.379
LT2	877.5	877.5	109.87	43.938	56.452	232.264
LT2	877.625	877.625	109.834	40.629	56.838	235.291
LT2	877.75	877.75	112.192	37.214	57.259	238.704
LT2	877.875	877.875	115.998	32.861	57.712	243.163
LT2	878	878	120.418	27.898	58.192	248.772
LT2	878.125	878.125	125.113	23.475	58.698	254.976
LT2	878.25	878.25	130.037	20.415	59.221	260.687
LT2	878.375	878.375	134.941	18.721	59.758	265.318
LT2	878.5	878.5	139.492	18.045	60.301	268.508
LT2	878.625	878.625	143.087	17.805	60.846	270.443
LT2	878.75	878.75	144.432	17.898	61.386	271.108
LT2	878.875	878.875	143.295	18.327	61.916	270.468
LT2	879	879	141.01	19.046	62.432	268.979
LT2	879.125	879.125	139.824	19.94	62.931	267.187
LT2	879.25	879.25	140.107	20.602	63.406	265.87
LT2	879.375	879.375	140.266	20.696	63.856	265.486
LT2	879.5	879.5	139.621	20.166	64.274	266.332
LT2	879.625	879.625	139.953	19.501	64.659	268.167
LT2	879.75	879.75	142.153	19.106	65.009	270.422
LT2	879.875	879.875	143.637	19.182	65.317	272.33
LT2	880	880	142.298	19.699	65.584	273.257
LT2	880.125	880.125	139.094	20.586	65.81	272.944
LT2	880.25	880.25	137.132	21.622	65.992	271.552
LT2	880.375	880.375	137.013	22.445	66.134	270.071
LT2	880.5	880.5	138.008	22.831	66.238	269.378
LT2	880.625	880.625	139.183	22.536	66.303	270.062
LT2	880.75	880.75	140.471	21.602	66.335	271.783
LT2	880.875	880.875	141.358	20.36	66.337	273.896
LT2	881	881	141.355	19.391	66.309	275.471
LT2	881.125	881.125	140.489	18.862	66.258	276.11
LT2	881.25	881.25	139.398	18.612	66.184	275.885
LT2	881.375	881.375	138.32	18.452	66.089	275.392
LT2	881.5	881.5	136.786	18.457	65.975	274.917
LT2	881.625	881.625	133.333	18.789	65.843	274.29
LT2	881.75	881.75	127.586	19.552	65.695	273.15
LT2	881.875	881.875	120.949	20.745	65.532	271.424
LT2	882	882	117.453	22.004	65.356	269.513
LT2	882.125	882.125	118.871	22.809	65.169	268.008
LT2	882.25	882.25	123.489	22.835	64.973	267.327
LT2	882.375	882.375	127.57	22.172	64.77	267.663
LT2	882.5	882.5	129.39	21.284	64.562	268.772
LT2	882.625	882.625	128.861	20.539	64.351	270.252
LT2	882.75	882.75	127.441	20.17	64.136	271.533
LT2	882.875	882.875	126.505	20.109	63.919	272.365
LT2	883	883	127.682	20.192	63.699	272.652
LT2	883.125	883.125	130.428	20.284	63.475	272.518
LT2	883.25	883.25	132.952	20.301	63.248	272.119
LT2	883.375	883.375	133.829	20.127	63.016	271.697
LT2	883.5	883.5	133.436	19.82	62.78	271.417
LT2	883.625	883.625	133.174	19.475	62.54	271.326
LT2	883.75	883.75	133.368	19.121	62.296	271.546
LT2	883.875	883.875	133.202	18.603	62.05	272.258
LT2	884	884	132.097	17.799	61.801	273.652
LT2	884.125	884.125	130.881	17.091	61.552	275.372
LT2	884.25	884.25	129.513	17.083	61.302	276.357
LT2	884.375	884.375	126.176	18.198	61.053	275.075
LT2	884.5	884.5	120.109	20.222	60.805	271.003
LT2	884.625	884.625	112.685	22.878	60.558	264.915
LT2	884.75	884.75	107.533	25.816	60.314	258.302
LT2	884.875	884.875	106.092	28.053	60.072	252.92
LT2	885	885	107.672	28.518	59.836	249.93
LT2	885.125	885.125	110.232	26.748	59.605	250.276
LT2	885.25	885.25	113.404	24.094	59.382	253.125
LT2	885.375	885.375	118.084	21.874	59.168	257.293
LT2	885.5	885.5	122.665	20.842	58.963	261.017
LT2	885.625	885.625	124.156	20.732	58.768	263.265
LT2	885.75	885.75	121.28	21.27	58.584	263.703
LT2	885.875	885.875	118.084	22.072	58.411	263.104
LT2	886	886	118.637	22.638	58.247	262.595
LT2	886.125	886.125	123.246	22.458	58.094	263.195
LT2	886.25	886.25	128.011	21.773	57.949	264.798
LT2	886.375	886.375	128.841	21.26	57.811	266.466
LT2	886.5	886.5	125.248	21.499	57.682	266.929
LT2	886.625	886.625	120.32	22.187	57.561	266.186
LT2	886.75	886.75	118.179	22.796	57.445	264.95
LT2	886.875	886.875	119.596	22.795	57.337	264.247
LT2	887	887	123.105	22.213	57.232	264.401
LT2	887.125	887.125	128.085	21.404	57.131	265.234
LT2	887.25	887.25	136.097	21.077	57.03	265.899
LT2	887.375	887.375	149.029	21.706	56.928	265.402
LT2	887.5	887.5	164.139	23.763	56.82	262.76
LT2	887.625	887.625	175.376	27.438	56.704	257.991
LT2	887.75	887.75	179.144	32.478	56.578	251.908
LT2	887.875	887.875	177.453	37.807	56.439	245.805
LT2	888	888	174.579	41.438	56.288	241.106
LT2	888.125	888.125	173.201	41.991	56.123	238.7
LT2	888.25	888.25	173.2	39.082	55.945	239.196
LT2	888.375	888.375	173.726	34.495	55.755	241.78
LT2	888.5	888.5	173.961	29.804	55.554	245.631
LT2	888.625	888.625	173.84	26.552	55.341	249.45
LT2	888.75	888.75	173.294	25.373	55.119	251.977
LT2	888.875	888.875	171.328	26.532	54.885	252.051
LT2	889	889	167.85	29.759	54.64	249.41
LT2	889.125	889.125	163.611	34.619	54.384	244.861
LT2	889.25	889.25	159.094	40.412	54.116	239.517
LT2	889.375	889.375	153.705	45.531	53.837	234.675
LT2	889.5	889.5	147.341	49.013	53.548	230.926
LT2	889.625	889.625	141.519	50.8	53.25	228.498
LT2	889.75	889.75	137.329	51.896	52.944	226.909
LT2	889.875	889.875	135.023	52.475	52.633	225.965
LT2	890	890	133.825	52.145	52.318	225.811
LT2	890.125	890.125	133.668	51.077	52.003	226.432
LT2	890.25	890.25	135.265	49.747	51.689	227.552
LT2	890.375	890.375	138.061	48.581	51.377	228.514
LT2	890.5	890.5	141.373	47.674	51.069	228.951
LT2	890.625	890.625	144.731	47.287	50.766	228.812
LT2	890.75	890.75	147.474	47.452	50.467	228.398
LT2	890.875	890.875	148.553	47.662	50.172	228.04
LT2	891	891	147.441	47.293	49.883	228.061
LT2	891.125	891.125	145.489	46.661	49.599	228.466
LT2	891.25	891.25	144.749	46.475	49.322	229.037
LT2	891.375	891.375	145.314	47.237	49.054	229.465
LT2	891.5	891.5	145.831	48.676	48.795	229.64
LT2	891.625	891.625	145.744	50.512	48.546	229.592
LT2	891.75	891.75	146.432	52.103	48.31	229.445
LT2	891.875	891.875	149.566	52.919	48.087	229.351
LT2	892	892	156.505	52.905	47.876	229.403
LT2	892.125	892.125	166.026	52.674	47.68	229.565
LT2	892.25	892.25	174.667	52.482	47.496	229.743
LT2	892.375	892.375	176.349	51.898	47.328	229.919
LT2	892.5	892.5	169.813	50.518	47.172	230.173
LT2	892.625	892.625	158.843	48.453	47.03	230.548
LT2	892.75	892.75	150.224	46.087	46.901	231.041
LT2	892.875	892.875	146.153	43.627	46.785	231.606
LT2	893	893	145.71	40.916	46.68	232.217
LT2	893.125	893.125	146.279	38.229	46.589	232.776
LT2	893.25	893.25	146.236	36.361	46.509	233.139
LT2	893.375	893.375	143.531	36.004	46.443	233.189
LT2	893.5	893.5	138.289	37.312	46.388	232.898
LT2	893.625	893.625	133.025	39.942	46.346	232.343
LT2	893.75	893.75	131.581	43.435	46.314	231.645
LT2	893.875	893.875	133.666	46.42	46.292	231.151
LT2	894	894	136.833	47.896	46.277	231.17
LT2	894.125	894.125	138.927	47.772	46.269	231.817
LT2	894.25	894.25	140.838	47.137	46.265	232.675
LT2	894.375	894.375	143.646	46.364	46.263	233.387
LT2	894.5	894.5	147.679	45.492	46.26	233.695
LT2	894.625	894.625	153.404	45.018	46.254	233.515
LT2	894.75	894.75	160.452	45.331	46.244	232.717
LT2	894.875	894.875	165.001	46.342	46.227	231.3
LT2	895	895	163.232	48.002	46.201	229.49
LT2	895.125	895.125	153.836	50.498	46.165	227.421
LT2	895.25	895.25	142.152	53.228	46.117	225.387
LT2	895.375	895.375	132.925	55.329	46.056	223.838
LT2	895.5	895.5	128.854	56.902	45.979	223.2
LT2	895.625	895.625	128.957	58.76	45.885	223.326
LT2	895.75	895.75	131.584	60.309	45.773	223.978
LT2	895.875	895.875	134.184	59.786	45.638	225.276
LT2	896	896	134.794	57.854	45.481	227.097
LT2	896.125	896.125	131.912	56.547	45.299	228.861
LT2	896.25	896.25	126.579	57.11	45.09	229.654
LT2	896.375	896.375	121.085	58.316	44.857	229.41
LT2	896.5	896.5	118.576	59.398	44.601	228.443
LT2	896.625	896.625	119.515	60.402	44.324	227.308
LT2	896.75	896.75	121.992	60.886	44.029	226.539
LT2	896.875	896.875	122.937	59.965	43.721	226.606
LT2	897	897	122.2	58.154	43.402	227.435
LT2	897.125	897.125	121.505	56.955	43.079	228.443
LT2	897.25	897.25	122.025	57.326	42.754	229.025
LT2	897.375	897.375	122.82	58.38	42.431	229.061
LT2	897.5	897.5	122.67	59.244	42.113	228.758
LT2	897.625	897.625	122.159	59.764	41.805	228.439
LT2	897.75	897.75	123.065	60.266	41.508	228.375
LT2	897.875	897.875	127.088	60.517	41.228	228.727
LT2	898	898	132.255	59.816	40.969	229.621
LT2	898.125	898.125	135.358	58.557	40.734	230.861
LT2	898.25	898.25	134.791	57.677	40.528	232.044
LT2	898.375	898.375	133.018	57.172	40.356	232.81
LT2	898.5	898.5	131.573	56.233	40.218	233.352
LT2	898.625	898.625	130.388	54.81	40.122	233.989
LT2	898.75	898.75	129.737	54.187	40.068	234.575
LT2	898.875	898.875	131.169	55.024	40.055	234.629
LT2	899	899	135.514	57.286	40.087	233.635
LT2	899.125	899.125	142.604	60.252	40.158	231.73
LT2	899.25	899.25	153.294	62.945	40.265	229.368
LT2	899.375	899.375	166.791	63.843	40.41	227.482
LT2	899.5	899.5	179.487	62.908	40.585	226.722
LT2	899.625	899.625	185.692	61.115	40.788	227.107
LT2	899.75	899.75	185.225	60.014	41.019	227.889
LT2	899.875	899.875	181.2	60.469	41.274	228.316
LT2	900	900	179.743	63.344	41.555	228.044
LT2	900.125	900.125	184.216	68.576	41.859	227.158
LT2	900.25	900.25	193.691	74.845	42.181	225.897
LT2	900.375	900.375	203.253	80.501	42.519	224.532
LT2	900.5	900.5	210.924	83.734	42.865	223.477
LT2	900.625	900.625	219.42	82.66	43.215	223.178
LT2	900.75	900.75	233.551	75.362	43.562	224.394
LT2	900.875	900.875	256.164	64.782	43.902	227.2
LT2	901	901	296.359	54.802	44.23	231.193
LT2	901.125	901.125	361.636	49.095	44.541	235.228
LT2	901.25	901.25	444.787	48.093	44.832	238.185
LT2	901.375	901.375	511.977	52.114	45.102	239.282
LT2	901.5	901.5	530.584	60.567	45.348	238.305
LT2	901.625	901.625	487.177	70.151	45.574	235.928
LT2	901.75	901.75	395.298	75.992	45.779	233.155
LT2	901.875	901.875	291.011	75.202	45.967	231.237
LT2	902	902	204.99	69.354	46.14	230.751
LT2	902.125	902.125	152.898	62.093	46.296	231.957
LT2	902.25	902.25	125.123	56.846	46.435	234.248
LT2	902.375	902.375	107.887	54.441	46.554	236.961
LT2	902.5	902.5	94.049	53.962	46.65	239.522
LT2	902.625	902.625	84.333	53.233	46.724	241.936
LT2	902.75	902.75	78.712	51.513	46.778	244.347
LT2	902.875	902.875	75.657	49.72	46.816	246.531
LT2	903	903	76.034	49.233	46.846	248.005
LT2	903.125	903.125	80.092	51.199	46.872	248.282
LT2	903.25	903.25	83.537	55.833	46.901	247.308
LT2	903.375	903.375	82.277	61.55	46.935	245.633
LT2	903.5	903.5	76.914	65.422	46.978	244.207
LT2	903.625	903.625	71.848	65.78	47.029	243.949
LT2	903.75	903.75	69.11	63.538	47.088	245.008
LT2	903.875	903.875	66.981	60.335	47.158	247.11
LT2	904	904	64.325	57.212	47.236	249.603
LT2	904.125	904.125	62.109	54.633	47.322	252.063
LT2	904.25	904.25	61.746	53.682	47.415	253.821
LT2	904.375	904.375	63.453	54.953	47.512	254.39
LT2	904.5	904.5	66.055	58.451	47.613	253.591
LT2	904.625	904.625	68.044	62.822	47.719	252.008
LT2	904.75	904.75	68.876	66.258	47.832	250.594
LT2	904.875	904.875	68.157	67.328	47.954	250.103
LT2	905	905	66.414	66.265	48.086	250.525
LT2	905.125	905.125	64.751	64.368	48.227	251.185
LT2	905.25	905.25	65.06	62.732	48.374	251.224
LT2	905.375	905.375	67.8	61.521	48.524	250.436
LT2	905.5	905.5	71.632	60.432	48.671	249.241
LT2	905.625	905.625	74.516	59.149	48.812	248.438
LT2	905.75	905.75	75.692	57.795	48.947	248.442
LT2	905.875	905.875	74.868	56.929	49.076	249.149
LT2	906	906	73.399	57.577	49.201	249.875
LT2	906.125	906.125	72.887	59.518	49.326	250.035
LT2	906.25	906.25	74.214	61.582	49.454	249.575
LT2	906.375	906.375	75.262	62.451	49.588	249.027
LT2	906.5	906.5	73.954	62.026	49.727	248.808
LT2	906.625	906.625	70.592	60.592	49.875	249.011
LT2	906.75	906.75	67.759	59.119	50.028	249.206
LT2	906.875	906.875	68.281	58.778	50.187	248.794
LT2	907	907	73.171	60.808	50.349	247.144
LT2	907.125	907.125	80.447	64.862	50.513	244.56
LT2	907.25	907.25	86.924	70.241	50.676	241.672
LT2	907.375	907.375	90.663	75.591	50.838	239.277
LT2	907.5	907.5	92.432	79.024	50.998	237.761
LT2	907.625	907.625	92.716	78.695	51.159	237.351
LT2	907.75	907.75	90.64	74.315	51.323	238.063
LT2	907.875	907.875	85.416	67.908	51.493	239.61
LT2	908	908	78.213	61.598	51.671	241.788
LT2	908.125	908.125	71.973	57.307	51.859	244.233
LT2	908.25	908.25	68.982	55.64	52.055	246.583
LT2	908.375	908.375	69.515	56.156	52.259	248.576
LT2	908.5	908.5	71.432	56.578	52.47	250.388
LT2	908.625	908.625	72.066	55.398	52.685	252.351
LT2	908.75	908.75	70.756	52.457	52.903	254.665
LT2	908.875	908.875	69.162	49.485	53.121	256.87
LT2	909	909	69.974	47.977	53.337	258.144
LT2	909.125	909.125	74.401	49.27	53.553	257.399
LT2	909.25	909.25	81.297	53.264	53.766	254.569
LT2	909.375	909.375	86.983	59.101	53.98	250.107
LT2	909.5	909.5	88.482	64.578	54.194	245.253
LT2	909.625	909.625	85.544	68.434	54.41	241.003
LT2	909.75	909.75	81.359	70.759	54.629	237.967
LT2	909.875	909.875	79.494	72.979	54.85	236.126
LT2	910	910	82.081	75.674	55.073	235.265
LT2	910.125	910.125	88.78	77.903	55.294	235.411
LT2	910.25	910.25	96.824	78.135	55.511	236.498
LT2	910.375	910.375	102.093	75.808	55.719	238.401
LT2	910.5	910.5	101.618	71.491	55.912	240.622
LT2	910.625	910.625	95.266	67.038	56.087	242.425
LT2	910.75	910.75	85.66	64.13	56.241	243.266
LT2	910.875	910.875	77.36	64.046	56.368	242.883
LT2	911	911	72.444	66.351	56.468	241.651
LT2	911.125	911.125	71.427	70.319	56.538	240.09
LT2	911.25	911.25	73.561	75.589	56.578	238.755
LT2	911.375	911.375	79.362	82.428	56.588	237.741
LT2	911.5	911.5	87.912	91.163	56.568	236.895
LT2	911.625	911.625	96.379	100.162	56.52	236.019
LT2	911.75	911.75	102.978	106.731	56.445	235.129
LT2	911.875	911.875	107.756	107.145	56.34	234.458
LT2	912	912	110.502	101.771	56.21	234.11
LT2	912.125	912.125	109.246	92.95	56.053	233.921
LT2	912.25	912.25	103.791	84.757	55.868	233.559
LT2	912.375	912.375	96.865	79.873	55.659	232.995
LT2	912.5	912.5	94.569	79.672	55.427	232.374
LT2	912.625	912.625	99.039	83.996	55.176	231.826
LT2	912.75	912.75	106.948	90.635	54.912	231.448
LT2	912.875	912.875	110.948	96.03	54.64	231.539
LT2	913	913	109.331	96.448	54.366	232.358
LT2	913.125	913.125	104.104	91.242	54.096	233.855
LT2	913.25	913.25	97.023	81.701	53.837	236.073
LT2	913.375	913.375	87.899	71.203	53.593	239.188
LT2	913.5	913.5	78.415	61.816	53.365	243.177
LT2	913.625	913.625	72.816	55.905	53.159	247.1
LT2	913.75	913.75	71.983	54.16	52.973	249.587
LT2	913.875	913.875	73.62	56.524	52.809	249.795
LT2	914	914	74.742	62.655	52.669	247.621
LT2	914.125	914.125	74.631	71.964	52.551	243.786
LT2	914.25	914.25	73.721	83.556	52.457	238.849
LT2	914.375	914.375	72.928	94.729	52.389	233.586
LT2	914.5	914.5	72.854	103.269	52.346	228.556
LT2	914.625	914.625	73.971	107.798	52.331	224.266
LT2	914.75	914.75	76.01	108.348	52.343	221.215
LT2	914.875	914.875	78.061	105.68	52.38	219.806
LT2	915	915	78.46	101.306	52.445	220.47
LT2	915.125	915.125	76.784	97	52.534	222.677
LT2	915.25	915.25	73.975	93.419	52.644	225.832
LT2	915.375	915.375	71.574	91.09	52.774	229.088
LT2	915.5	915.5	69.999	89.702	52.918	231.955
LT2	915.625	915.625	69.176	88.39	53.073	234.4
LT2	915.75	915.75	68.874	86.86	53.235	236.471
LT2	915.875	915.875	69.08	86.371	53.403	237.971
LT2	916	916	69.313	87.831	53.573	238.589
LT2	916.125	916.125	69.494	90.128	53.745	238.473
LT2	916.25	916.25	70.004	92.622	53.918	237.862
LT2	916.375	916.375	70.32	96.109	54.09	236.566
LT2	916.5	916.5	69.903	100.287	54.263	234.51
LT2	916.625	916.625	68.683	103.973	54.435	232.046
LT2	916.75	916.75	68.085	106.937	54.605	229.842
LT2	916.875	916.875	69.108	109.711	54.771	228.24
LT2	917	917	70.954	111.006	54.932	227.438
LT2	917.125	917.125	72.065	108.301	55.083	227.632
LT2	917.25	917.25	71.708	102.222	55.221	228.491
LT2	917.375	917.375	70.275	95.242	55.343	229.335
LT2	917.5	917.5	69.765	90.66	55.446	229.294
LT2	917.625	917.625	71.86	90.403	55.527	228.077
LT2	917.75	917.75	76.368	96.27	55.584	225.667
LT2	917.875	917.875	80.013	106.158	55.618	222.735
LT2	918	918	79.702	115.297	55.63	220.227
LT2	918.125	918.125	75.849	117.39	55.619	219.508
LT2	918.25	918.25	70.679	111.584	55.589	221.017
LT2	918.375	918.375	66.145	100.657	55.543	224.478
LT2	918.5	918.5	63.174	89.684	55.48	228.873
LT2	918.625	918.625	61.839	82.073	55.402	232.899
LT2	918.75	918.75	61.665	79.47	55.311	235.611
LT2	918.875	918.875	61.841	82.361	55.206	236.21
LT2	919	919	62.966	90.09	55.089	234.651
LT2	919.125	919.125	65.834	102.277	54.961	231.142
LT2	919.25	919.25	69.642	115.781	54.822	226.8
LT2	919.375	919.375	72.766	125.645	54.677	222.936
LT2	919.5	919.5	74.291	126.576	54.528	221.031
LT2	919.625	919.625	75.251	119.324	54.38	221.442
LT2	919.75	919.75	76.264	108.193	54.237	223.46
LT2	919.875	919.875	76.7	98.81	54.106	225.569
LT2	920	920	76.287	93.66	53.989	226.429
LT2	920.125	920.125	75.472	92.828	53.892	225.641
LT2	920.25	920.25	74.944	95.183	53.818	223.797
LT2	920.375	920.375	74.312	99.245	53.766	222.057
LT2	920.5	920.5	72.432	104.043	53.739	221.086
LT2	920.625	920.625	69.865	107.974	53.737	220.681
LT2	920.75	920.75	68.561	110.297	53.756	220.143
LT2	920.875	920.875	70.777	111.472	53.799	218.854
LT2	921	921	76.173	112.609	53.864	216.787
LT2	921.125	921.125	82.932	113.351	53.947	214.502
LT2	921.25	921.25	87.967	112.698	54.052	212.993
LT2	921.375	921.375	89.871	111.635	54.176	212.774
LT2	921.5	921.5	88.918	110.982	54.319	213.885
LT2	921.625	921.625	86.739	109.187	54.482	216.469
LT2	921.75	921.75	83.804	104.147	54.662	220.475
LT2	921.875	921.875	79.465	95.966	54.859	225.835
LT2	922	922	74.668	87.34	55.072	231.973
LT2	922.125	922.125	71.199	80.155	55.297	238.099
LT2	922.25	922.25	70.04	75.315	55.536	243.357
LT2	922.375	922.375	70.032	73.932	55.783	246.733
LT2	922.5	922.5	70.212	76.207	56.038	247.773
LT2	922.625	922.625	69.849	81.418	56.297	246.398
LT2	922.75	922.75	69.002	87.831	56.56	243.579
LT2	922.875	922.875	68.535	94.421	56.826	240.13
LT2	923	923	69.361	99.355	57.095	236.973
LT2	923.125	923.125	70.803	100.864	57.368	235.002
LT2	923.25	923.25	71.135	98.096	57.646	234.87
LT2	923.375	923.375	69.838	91.86	57.931	236.835
LT2	923.5	923.5	67.968	84.691	58.224	240.018
LT2	923.625	923.625	67.302	78.996	58.525	243.237
LT2	923.75	923.75	68.616	76.998	58.836	244.972
LT2	923.875	923.875	71.75	78.545	59.156	244.708
LT2	924	924	74.133	81.819	59.483	242.707
LT2	924.125	924.125	73.064	83.588	59.815	240.408
LT2	924.25	924.25	68.181	82.371	60.15	239.035
LT2	924.375	924.375	62.874	78.261	60.487	239.402
LT2	924.5	924.5	60.075	73.542	60.823	240.948
LT2	924.625	924.625	60.351	69.963	61.158	242.802
LT2	924.75	924.75	61.677	68.513	61.491	244.142
LT2	924.875	924.875	62.645	68.426	61.825	244.926
LT2	925	925	62.394	68.78	62.159	245.445
LT2	925.125	925.125	60.961	68.647	62.496	246.127
LT2	925.25	925.25	58.489	67.82	62.835	247.177
LT2	925.375	925.375	55.424	66.373	63.177	248.7
LT2	925.5	925.5	52.806	64.269	63.521	250.785
LT2	925.625	925.625	51.23	61.407	63.864	253.546
LT2	925.75	925.75	50.706	57.958	64.204	257.125
LT2	925.875	925.875	50.846	54.742	64.538	261.225
LT2	926	926	51.379	52.421	64.862	265.399
LT2	926.125	926.125	51.992	51.087	65.172	269.074
LT2	926.25	926.25	52.138	50.155	65.467	271.937
LT2	926.375	926.375	51.59	49.479	65.743	273.869
LT2	926.5	926.5	50.985	48.935	65.998	274.959
LT2	926.625	926.625	50.58	48.289	66.235	275.651
LT2	926.75	926.75	50.328	47.502	66.454	276.278
LT2	926.875	926.875	50.226	46.835	66.654	277.023
LT2	927	927	50.469	46.435	66.84	277.745
LT2	927.125	927.125	51.174	46.2	67.009	278.118
LT2	927.25	927.25	51.809	46.059	67.161	277.913
LT2	927.375	927.375	52.245	46.121	67.296	277.284
LT2	927.5	927.5	53.027	46.387	67.41	276.702
LT2	927.625	927.625	54.05	46.736	67.504	276.718
LT2	927.75	927.75	54.486	47.112	67.576	277.563
LT2	927.875	927.875	53.697	46.974	67.624	279.128
LT2	928	928	52.213	46.02	67.65	280.723
LT2	928.125	928.125	51.427	44.579	67.653	281.734
LT2	928.25	928.25	51.872	43.467	67.635	281.826
LT2	928.375	928.375	53.097	42.87	67.602	281.325
LT2	928.5	928.5	54.195	42.518	67.555	280.605
LT2	928.625	928.625	54.544	42.306	67.497	279.963
LT2	928.75	928.75	54.061	42.327	67.433	279.518
LT2	928.875	928.875	52.697	42.419	67.367	279.436
LT2	929	929	51.123	42.597	67.301	279.868
LT2	929.125	929.125	50.298	43.136	67.238	280.877
LT2	929.25	929.25	50.183	44.191	67.179	282.393
LT2	929.375	929.375	50.022	45.357	67.125	283.902
LT2	929.5	929.5	49.382	46.381	67.075	284.872
LT2	929.625	929.625	48.929	47.126	67.028	284.861
LT2	929.75	929.75	49.418	47.378	66.982	284.072
LT2	929.875	929.875	50.343	46.931	66.939	282.718
LT2	930	930	50.93	45.961	66.898	280.847
LT2	930.125	930.125	51.464	44.925	66.859	278.318
LT2	930.25	930.25	52.626	44.124	66.822	274.829
LT2	930.375	930.375	54.27	43.796	66.788	270.378
LT2	930.5	930.5	55.965	44.46	66.758	265.499
LT2	930.625	930.625	57.551	46.659	66.73	261.412
LT2	930.75	930.75	58.591	49.752	66.704	259.386
LT2	930.875	930.875	58.349	52.821	66.679	259.885
LT2	931	931	56.863	54.764	66.652	262.862
LT2	931.125	931.125	54.703	55.484	66.621	267.107
LT2	931.25	931.25	52.713	55.111	66.587	271.685
LT2	931.375	931.375	51.528	53.905	66.544	275.369
LT2	931.5	931.5	51.786	52.544	66.492	277.165
LT2	931.625	931.625	53.729	51.65	66.427	276.031
LT2	931.75	931.75	56.535	51.563	66.348	271.62
LT2	931.875	931.875	60.332	52.517	66.257	264.815
LT2	932	932	66.208	55.409	66.151	256.948
LT2	932.125	932.125	74.774	60.639	66.033	249.986
LT2	932.25	932.25	86.454	67.141	65.902	245.187
LT2	932.375	932.375	98.367	72.664	65.756	243.362
LT2	932.5	932.5	105.644	75.743	65.597	243.486
LT2	932.625	932.625	103.756	76.175	65.423	244.436
LT2	932.75	932.75	95.956	74.468	65.231	245.323
LT2	932.875	932.875	88.28	71.896	65.024	246.064
LT2	933	933	85.112	69.418	64.801	247.02
LT2	933.125	933.125	83.713	67.363	64.561	248.741
LT2	933.25	933.25	80.858	65.186	64.307	251.333
LT2	933.375	933.375	75.623	62.386	64.039	254.544
LT2	933.5	933.5	70.46	59.02	63.761	257.692
LT2	933.625	933.625	67.227	55.754	63.474	260.278
LT2	933.75	933.75	65.648	53.574	63.181	261.936
LT2	933.875	933.875	64.319	52.712	62.884	262.782
LT2	934	934	62.818	52.63	62.585	263.139
LT2	934.125	934.125	62.115	52.448	62.287	263.398
LT2	934.25	934.25	62.599	51.957	61.993	263.736
LT2	934.375	934.375	63.878	51.502	61.704	264.072
LT2	934.5	934.5	65.292	51.34	61.424	264.31
LT2	934.625	934.625	66.237	51.346	61.155	264.545
LT2	934.75	934.75	65.851	51.372	60.9	264.915
LT2	934.875	934.875	64.375	51.239	60.663	265.464
LT2	935	935	63.041	50.875	60.444	266.099
LT2	935.125	935.125	62.757	50.423	60.248	266.695
LT2	935.25	935.25	62.796	50.259	60.075	267.12
LT2	935.375	935.375	62.495	50.566	59.926	267.298
LT2	935.5	935.5	62.367	51.058	59.804	267.18
LT2	935.625	935.625	62.759	51.33	59.706	266.885
LT2	935.75	935.75	63.269	51.378	59.633	266.529
LT2	935.875	935.875	63.429	51.205	59.585	266.191
LT2	936	936	63.613	50.774	59.559	265.854
LT2	936.125	936.125	64.254	50.218	59.554	265.448
LT2	936.25	936.25	64.711	50.039	59.568	264.91
LT2	936.375	936.375	64.282	50.478	59.598	264.266
LT2	936.5	936.5	63.183	51.391	59.644	263.582
LT2	936.625	936.625	62.867	52.389	59.702	262.973
LT2	936.75	936.75	64.172	53.082	59.771	262.536
LT2	936.875	936.875	65.894	53.193	59.85	262.373
LT2	937	937	66.365	52.833	59.938	262.487
LT2	937.125	937.125	65.083	52.207	60.034	262.853
LT2	937.25	937.25	63.487	51.528	60.137	263.474
LT2	937.375	937.375	62.501	50.966	60.244	264.287
LT2	937.5	937.5	61.697	50.692	60.356	265.232
LT2	937.625	937.625	60.481	50.707	60.47	266.168
LT2	937.75	937.75	59.47	50.633	60.586	266.936
LT2	937.875	937.875	59.682	50.265	60.702	267.402
LT2	938	938	60.647	49.788	60.817	267.496
LT2	938.125	938.125	61.438	49.393	60.932	267.259
LT2	938.25	938.25	61.574	49.127	61.045	266.751
LT2	938.375	938.375	61.54	49.01	61.157	266.175
LT2	938.5	938.5	61.704	49.105	61.267	265.728
LT2	938.625	938.625	61.878	49.49	61.377	265.555
LT2	938.75	938.75	61.757	49.97	61.485	265.594
LT2	938.875	938.875	61.153	50.293	61.592	265.737
LT2	939	939	60.73	50.45	61.697	265.854
LT2	939.125	939.125	60.848	50.521	61.799	265.869
LT2	939.25	939.25	61.067	50.326	61.897	265.806
LT2	939.375	939.375	61.075	49.691	61.99	265.838
LT2	939.5	939.5	61.268	48.759	62.076	266.116
LT2	939.625	939.625	61.953	47.852	62.156	266.67
LT2	939.75	939.75	62.638	47.344	62.227	267.239
LT2	939.875	939.875	63.128	47.644	62.289	267.416
LT2	940	940	64.154	49.25	62.34	266.735
LT2	940.125	940.125	66.002	51.741	62.378	265.195
LT2	940.25	940.25	67.706	54.328	62.405	263.187
LT2	940.375	940.375	67.863	56.24	62.418	261.362
LT2	940.5	940.5	66.104	57.064	62.418	260.2
LT2	940.625	940.625	62.785	56.69	62.406	259.809
LT2	940.75	940.75	59.645	55.597	62.38	259.939
LT2	940.875	940.875	58.125	54.759	62.34	260.048
LT2	941	941	58.96	54.643	62.287	259.762
LT2	941.125	941.125	61.066	55.187	62.22	258.966
LT2	941.25	941.25	63.174	56.179	62.14	257.87
LT2	941.375	941.375	64.542	57.335	62.048	256.758
LT2	941.5	941.5	65.108	57.922	61.946	255.983
LT2	941.625	941.625	64.728	57.486	61.835	255.77
LT2	941.75	941.75	63.286	56.079	61.716	256.327
LT2	941.875	941.875	61.209	54.388	61.591	257.489
LT2	942	942	59.706	53.095	61.46	258.897
LT2	942.125	942.125	59.978	53.106	61.325	259.895
LT2	942.25	942.25	61.614	54.407	61.191	260.041
LT2	942.375	942.375	62.962	56.367	61.06	259.283
LT2	942.5	942.5	63.092	57.816	60.936	258.149
LT2	942.625	942.625	62.503	58.286	60.819	257.44
LT2	942.75	942.75	61.849	57.729	60.71	257.785
LT2	942.875	942.875	61.21	56.187	60.611	259.339
LT2	943	943	60.202	53.946	60.521	261.621
LT2	943.125	943.125	59.127	51.699	60.44	263.886
LT2	943.25	943.25	58.629	50.396	60.371	265.408
LT2	943.375	943.375	58.544	50.277	60.313	266.063
LT2	943.5	943.5	58.201	50.972	60.269	266.116
LT2	943.625	943.625	57.506	51.721	60.24	266.105
LT2	943.75	943.75	56.9	52.136	60.224	266.26
LT2	943.875	943.875	56.906	52.12	60.223	266.621
LT2	944	944	57.351	52.023	60.235	267.032
LT2	944.125	944.125	57.935	52.122	60.261	267.325
LT2	944.25	944.25	58.081	52.426	60.298	267.445
LT2	944.375	944.375	57.27	52.796	60.346	267.532
LT2	944.5	944.5	55.816	53.299	60.403	267.696
LT2	944.625	944.625	54.84	53.813	60.467	267.85
LT2	944.75	944.75	54.869	53.906	60.536	267.808
LT2	944.875	944.875	55.594	53.197	60.609	267.355
LT2	945	945	57.033	51.989	60.684	266.474
LT2	945.125	945.125	60.176	50.92	60.761	265.325
LT2	945.25	945.25	67.02	50.928	60.839	264.281
LT2	945.375	945.375	78.935	52.662	60.916	263.578
LT2	945.5	945.5	94.942	56.393	60.992	263.104
LT2	945.625	945.625	107.924	61.101	61.064	262.527
LT2	945.75	945.75	111.394	64.704	61.13	261.799
LT2	945.875	945.875	103.015	65.601	61.188	261.159
LT2	946	946	90.086	63.513	61.238	261.008
LT2	946.125	946.125	78.742	59.571	61.278	261.596
LT2	946.25	946.25	71.539	55.168	61.307	263.091
LT2	946.375	946.375	66.963	51.92	61.328	265.118
LT2	946.5	946.5	64.044	50.554	61.34	267.079
LT2	946.625	946.625	62.69	51.117	61.345	268.383
LT2	946.75	946.75	62.753	52.478	61.344	269.009
LT2	946.875	946.875	63.439	53.975	61.338	269.156
LT2	947	947	63.488	55.159	61.326	269.085
LT2	947.125	947.125	62.739	55.744	61.311	269.05
LT2	947.25	947.25	61.853	55.697	61.292	269.184
LT2	947.375	947.375	61.275	55.33	61.27	269.518
LT2	947.5	947.5	60.668	54.923	61.247	269.999
LT2	947.625	947.625	59.547	54.406	61.223	270.597
LT2	947.75	947.75	57.918	53.59	61.2	271.258
LT2	947.875	947.875	56.164	52.593	61.181	271.904
LT2	948	948	55.123	51.814	61.166	272.409
LT2	948.125	948.125	55.259	51.455	61.158	272.651
LT2	948.25	948.25	56.239	51.349	61.158	272.6
LT2	948.375	948.375	56.972	51.112	61.166	272.299
LT2	948.5	948.5	57.097	50.581	61.182	271.914
LT2	948.625	948.625	56.812	49.955	61.204	271.535
LT2	948.75	948.75	56.702	49.755	61.23	271.194
LT2	948.875	948.875	57.156	50.286	61.259	270.848
LT2	949	949	58.215	51.627	61.289	270.435
LT2	949.125	949.125	59.104	53.319	61.318	269.981
LT2	949.25	949.25	59.346	54.586	61.344	269.624
LT2	949.375	949.375	59.542	54.862	61.366	269.531
LT2	949.5	949.5	60.149	54.425	61.382	269.698
LT2	949.625	949.625	60.499	53.821	61.39	269.993
LT2	949.75	949.75	59.959	53.245	61.386	270.291
LT2	949.875	949.875	58.964	52.498	61.371	270.568
LT2	950	950	58.091	51.637	61.341	270.841
LT2	950.125	950.125	57.246	51.124	61.295	271.068
LT2	950.25	950.25	56.572	51.156	61.232	271.156
LT2	950.375	950.375	56.976	51.523	61.152	271.003
LT2	950.5	950.5	58.643	51.855	61.053	270.531
LT2	950.625	950.625	60.828	52.103	60.937	269.83
LT2	950.75	950.75	62.568	52.38	60.805	269.104
LT2	950.875	950.875	63.504	52.584	60.656	268.698
LT2	951	951	63.21	52.49	60.494	268.818
LT2	951.125	951.125	61.487	51.984	60.321	269.572
LT2	951.25	951.25	59.13	51.325	60.139	270.748
LT2	951.375	951.375	57.326	50.593	59.952	272.022
LT2	951.5	951.5	56.912	49.895	59.762	272.9
LT2	951.625	951.625	57.628	49.538	59.574	273.063
LT2	951.75	951.75	59.117	49.835	59.391	272.443
LT2	951.875	951.875	60.693	50.84	59.215	271.28
LT2	952	952	61.558	52.063	59.049	270.067
LT2	952.125	952.125	61.254	53.073	58.897	269.133
LT2	952.25	952.25	60.325	53.563	58.761	268.657
LT2	952.375	952.375	59.49	53.533	58.642	268.586
LT2	952.5	952.5	59.026	53.209	58.544	268.811
LT2	952.625	952.625	58.511	52.847	58.465	269.121
LT2	952.75	952.75	58.008	52.36	58.404	269.415
LT2	952.875	952.875	58.205	51.514	58.362	269.692
LT2	953	953	59.413	50.412	58.336	269.958
LT2	953.125	953.125	60.966	49.43	58.327	270.118
LT2	953.25	953.25	61.416	49.128	58.334	269.917
LT2	953.375	953.375	60.751	49.725	58.357	269.134
LT2	953.5	953.5	60.476	51.65	58.392	267.533
LT2	953.625	953.625	61.505	55.304	58.438	265.053
LT2	953.75	953.75	63.344	59.955	58.49	262.167
LT2	953.875	953.875	64.92	64.449	58.545	259.464
LT2	954	954	65.766	67.651	58.599	257.424
LT2	954.125	954.125	65.864	69.453	58.65	256.028
LT2	954.25	954.25	65.286	70.221	58.695	255.094
LT2	954.375	954.375	64.88	70.825	58.733	254.321
LT2	954.5	954.5	65.692	71.684	58.763	253.595
LT2	954.625	954.625	67.243	72.43	58.783	253.058
LT2	954.75	954.75	68.405	72.388	58.793	252.964
LT2	954.875	954.875	68.093	71.443	58.794	253.41
LT2	955	955	66.672	70.058	58.784	254.18
LT2	955.125	955.125	65.318	68.734	58.767	254.843
LT2	955.25	955.25	64.667	67.733	58.743	255.142
LT2	955.375	955.375	64.101	67.422	58.712	255.017
LT2	955.5	955.5	63.244	67.735	58.674	254.645
LT2	955.625	955.625	62.827	68.272	58.628	254.269
LT2	955.75	955.75	63.782	68.534	58.574	254.199
LT2	955.875	955.875	66.176	68.251	58.513	254.607
LT2	956	956	70.646	67.294	58.445	255.624
LT2	956.125	956.125	79.065	66.317	58.371	257.061
LT2	956.25	956.25	92.287	65.816	58.295	258.633
LT2	956.375	956.375	104.486	65.21	58.219	260.062
LT2	956.5	956.5	108.688	63.68	58.145	261.268
LT2	956.625	956.625	100.715	61.593	58.073	262.146
LT2	956.75	956.75	86.837	60.073	58.006	262.484
LT2	956.875	956.875	73.984	59.276	57.942	262.295
LT2	957	957	67.012	59.146	57.882	261.665
LT2	957.125	957.125	64.52	60.01	57.827	260.781
LT2	957.25	957.25	64.432	61.261	57.776	259.948
LT2	957.375	957.375	64.153	61.114	57.729	259.719
LT2	957.5	957.5	62.888	58.895	57.686	260.445
LT2	957.625	957.625	61.263	55.971	57.647	261.863
LT2	957.75	957.75	60.609	54.018	57.613	263.364
LT2	957.875	957.875	61.231	53.507	57.584	264.392
LT2	958	958	62.412	54.516	57.561	264.697
LT2	958.125	958.125	63.374	56.939	57.548	264.174
LT2	958.25	958.25	64.222	59.545	57.545	263.23
LT2	958.375	958.375	64.912	61.167	57.553	262.316
LT2	958.5	958.5	65.177	61.41	57.572	261.805
LT2	958.625	958.625	65.09	60.775	57.601	261.71
LT2	958.75	958.75	65.036	59.501	57.638	261.997
LT2	958.875	958.875	65.179	58.168	57.684	262.523
LT2	959	959	65.355	57.523	57.736	263.062
LT2	959.125	959.125	65.465	58.135	57.796	263.346
LT2	959.25	959.25	65.835	59.655	57.862	263.3
LT2	959.375	959.375	66.52	61.56	57.936	263
LT2	959.5	959.5	67.259	63.146	58.016	262.582
LT2	959.625	959.625	67.47	63.669	58.101	262.222
LT2	959.75	959.75	66.458	62.802	58.191	262.027
LT2	959.875	959.875	64.642	61.102	58.285	262.022
LT2	960	960	62.997	59.576	58.382	262.115
LT2	960.125	960.125	62.864	58.697	58.48	262.251
LT2	960.25	960.25	63.81	58.388	58.578	262.39
LT2	960.375	960.375	64.606	58.185	58.673	262.477
LT2	960.5	960.5	64.257	57.713	58.764	262.434
LT2	960.625	960.625	63.573	57.068	58.851	262.232
LT2	960.75	960.75	64.303	56.637	58.931	261.924
LT2	960.875	960.875	66.74	56.594	59.004	261.625
LT2	961	961	68.735	56.647	59.07	261.482
LT2	961.125	961.125	67.892	56.596	59.128	261.598
LT2	961.25	961.25	64.619	56.359	59.176	262.068
LT2	961.375	961.375	61.278	56.04	59.214	262.784
LT2	961.5	961.5	60.388	55.797	59.239	263.535
LT2	961.625	961.625	61.467	55.875	59.25	263.946
LT2	961.75	961.75	62.904	56.349	59.246	263.839
LT2	961.875	961.875	62.908	56.775	59.227	263.275
LT2	962	962	61.747	56.361	59.192	262.674
LT2	962.125	962.125	60.732	54.896	59.144	262.389
LT2	962.25	962.25	60.751	52.799	59.081	262.536
LT2	962.375	962.375	61.586	51.246	59.005	262.753
LT2	962.5	962.5	62.528	51.074	58.919	262.55
LT2	962.625	962.625	63.146	52.981	58.823	261.339
LT2	962.75	962.75	63.38	56.397	58.718	259.18
LT2	962.875	962.875	63.366	60.355	58.606	256.45
LT2	963	963	63.968	63.628	58.485	253.821
LT2	963.125	963.125	65.148	65.716	58.359	251.727
LT2	963.25	963.25	65.787	66.735	58.228	250.305
LT2	963.375	963.375	65.141	67.43	58.092	249.432
LT2	963.5	963.5	63.786	68.435	57.956	248.862
LT2	963.625	963.625	63.738	69.876	57.821	248.414
LT2	963.75	963.75	65.483	71.312	57.69	247.947
LT2	963.875	963.875	67.793	72.518	57.565	247.417
LT2	964	964	68.795	73.543	57.449	246.831
LT2	964.125	964.125	68.301	74.401	57.34	246.278
LT2	964.25	964.25	67.664	74.927	57.239	245.911
LT2	964.375	964.375	68.055	75.236	57.146	245.949
LT2	964.5	964.5	69.428	75.784	57.058	246.322
LT2	964.625	964.625	71.709	76.334	56.975	246.875
LT2	964.75	964.75	74.36	75.781	56.895	247.548
LT2	964.875	964.875	76.209	73.78	56.816	248.486
LT2	965	965	75.45	70.754	56.738	249.879
LT2	965.125	965.125	72.591	67.488	56.658	251.69
LT2	965.25	965.25	68.927	64.434	56.576	253.662
LT2	965.375	965.375	65.762	62.236	56.494	255.41
LT2	965.5	965.5	63.483	61.43	56.41	256.511
LT2	965.625	965.625	62.197	61.789	56.324	256.797
LT2	965.75	965.75	61.859	62.625	56.234	256.293
LT2	965.875	965.875	62.39	63.603	56.141	255.374
LT2	966	966	63.756	64.775	56.044	254.199
LT2	966.125	966.125	65.685	65.759	55.94	252.834
LT2	966.25	966.25	67.403	66.094	55.831	251.444
LT2	966.375	966.375	68.085	65.708	55.718	250.293
LT2	966.5	966.5	67.922	64.866	55.601	249.771
LT2	966.625	966.625	67.368	63.707	55.484	250.099
LT2	966.75	966.75	67.082	62.172	55.369	251.42
LT2	966.875	966.875	67.434	60.618	55.258	253.379
LT2	967	967	68.72	59.658	55.156	255.331
LT2	967.125	967.125	70.16	59.985	55.065	256.446
LT2	967.25	967.25	70.484	61.723	54.988	256.213
LT2	967.375	967.375	69.467	64.511	54.927	254.562
LT2	967.5	967.5	68.908	67.625	54.883	251.731
LT2	967.625	967.625	69.964	70.398	54.855	248.593
LT2	967.75	967.75	71.923	72.4	54.843	245.807
LT2	967.875	967.875	73.307	73.283	54.848	243.938
LT2	968	968	74.006	73.284	54.868	243.009
LT2	968.125	968.125	74.68	72.807	54.901	242.911
LT2	968.25	968.25	75.302	72.22	54.946	243.273
LT2	968.375	968.375	74.97	71.538	55	243.701
LT2	968.5	968.5	73.296	70.949	55.063	243.841
LT2	968.625	968.625	71.456	71.035	55.131	243.493
LT2	968.75	968.75	70.802	72.055	55.204	242.737
LT2	968.875	968.875	71.512	73.711	55.28	241.887
LT2	969	969	72.214	74.915	55.356	241.399
LT2	969.125	969.125	71.518	74.821	55.429	241.591
LT2	969.25	969.25	69.503	72.902	55.497	242.681
LT2	969.375	969.375	67.129	69.799	55.555	244.372
LT2	969.5	969.5	65.435	66.221	55.601	246.294
LT2	969.625	969.625	64.73	63.133	55.63	248.011
LT2	969.75	969.75	64.782	61.034	55.642	249.313
LT2	969.875	969.875	65.308	60.041	55.636	250.053
LT2	970	970	66.327	59.973	55.612	250.221
LT2	970.125	970.125	68.074	60.856	55.572	249.951
LT2	970.25	970.25	70.979	62.983	55.513	249.372
LT2	970.375	970.375	74.669	65.847	55.439	248.664
LT2	970.5	970.5	77.876	68.617	55.352	247.943
LT2	970.625	970.625	79.209	70.447	55.254	247.289
LT2	970.75	970.75	78.887	71.242	55.148	246.607
LT2	970.875	970.875	78.646	71.295	55.037	245.708
LT2	971	971	79.963	71.394	54.923	244.414
LT2	971.125	971.125	82.645	72.17	54.809	242.844
LT2	971.25	971.25	85.687	73.763	54.697	241.227
LT2	971.375	971.375	87.853	75.517	54.59	239.833
LT2	971.5	971.5	88.354	76.698	54.49	238.725
LT2	971.625	971.625	87.28	76.941	54.401	237.847
LT2	971.75	971.75	85.622	76.56	54.325	237.078
LT2	971.875	971.875	83.948	75.959	54.266	236.422
LT2	972	972	82.181	75.178	54.228	236.049
LT2	972.125	972.125	80.326	74.113	54.211	236.116
LT2	972.25	972.25	78.997	72.787	54.215	236.697
LT2	972.375	972.375	78.472	71.317	54.243	237.786
LT2	972.5	972.5	78.204	69.722	54.292	239.197
LT2	972.625	972.625	78.783	68.173	54.361	240.915
LT2	972.75	972.75	83.008	67.429	54.45	243.052
LT2	972.875	972.875	93.652	68.078	54.556	245.59
LT2	973	973	110.188	69.377	54.678	248.445
LT2	973.125	973.125	125.153	68.089	54.815	251.62
LT2	973.25	973.25	130.279	62.554	54.965	255.256
LT2	973.375	973.375	122.94	54.141	55.127	259.28
LT2	973.5	973.5	111.196	47.09	55.297	262.887
LT2	973.625	973.625	105.592	43.84	55.474	265.186
LT2	973.75	973.75	109.309	46.425	55.655	265.061
LT2	973.875	973.875	115.507	54.82	55.836	262.441
LT2	974	974	115.243	67.58	56.015	257.687
LT2	974.125	974.125	107.13	79.598	56.189	252.184
LT2	974.25	974.25	94.939	86.486	56.357	247.66
LT2	974.375	974.375	83.323	86.728	56.517	245.122
LT2	974.5	974.5	74.314	81.933	56.669	244.65
LT2	974.625	974.625	68.565	75.158	56.813	245.56
LT2	974.75	974.75	65.639	69.165	56.952	247.198
LT2	974.875	974.875	64.214	65.8	57.087	248.736
LT2	975	975	63.97	64.961	57.221	249.735
LT2	975.125	975.125	64.779	66.131	57.356	249.92
LT2	975.25	975.25	66.068	68.74	57.493	249.288
LT2	975.375	975.375	67.548	72.63	57.634	247.835
LT2	975.5	975.5	69.352	77.518	57.778	245.632
LT2	975.625	975.625	71.76	82.891	57.923	243.151
LT2	975.75	975.75	74.206	87.984	58.067	240.887
LT2	975.875	975.875	75.105	90.833	58.209	239.521
LT2	976	976	73.61	90.17	58.349	239.38
LT2	976.125	976.125	69.934	85.803	58.486	240.602
LT2	976.25	976.25	66.097	79.611	58.619	242.77
LT2	976.375	976.375	63.932	73.567	58.751	245.211
LT2	976.5	976.5	63.911	68.881	58.88	247.263
LT2	976.625	976.625	65.459	65.936	59.006	248.527
LT2	976.75	976.75	67.799	64.332	59.13	249.055
LT2	976.875	976.875	69.315	63.159	59.247	249.212
LT2	977	977	69.116	61.458	59.357	249.636
LT2	977.125	977.125	67.173	58.938	59.457	250.758
LT2	977.25	977.25	65.013	55.904	59.542	252.818
LT2	977.375	977.375	63.553	53.124	59.614	255.398
LT2	977.5	977.5	62.82	51.3	59.669	257.932
LT2	977.625	977.625	62.414	50.871	59.708	259.852
LT2	977.75	977.75	62.156	51.518	59.732	261.109
LT2	977.875	977.875	62.046	52.668	59.744	261.876
LT2	978	978	62.222	53.475	59.745	262.544
LT2	978.125	978.125	62.475	53.463	59.742	263.388
LT2	978.25	978.25	62.524	52.489	59.736	264.531
LT2	978.375	978.375	62.684	51.007	59.733	265.75
LT2	978.5	978.5	63.349	49.492	59.735	266.732
LT2	978.625	978.625	64.39	48.682	59.745	267.031
LT2	978.75	978.75	65.34	49.211	59.764	266.391
LT2	978.875	978.875	65.92	51.202	59.794	264.614
LT2	979	979	66.951	53.992	59.837	261.913
LT2	979.125	979.125	68.969	56.677	59.893	259.056
LT2	979.25	979.25	71.065	58.628	59.963	256.711
LT2	979.375	979.375	72.113	59.573	60.049	255.186
LT2	979.5	979.5	72.258	59.982	60.151	254.219
LT2	979.625	979.625	72.59	60.835	60.267	253.343
LT2	979.75	979.75	73.5	62.865	60.395	252.091
LT2	979.875	979.875	74.329	65.887	60.532	250.484
LT2	980	980	74.607	68.96	60.676	249.031
LT2	980.125	980.125	74.271	70.645	60.824	248.339
LT2	980.25	980.25	72.762	70.114	60.974	248.71
LT2	980.375	980.375	70.326	67.44	61.121	250.257
LT2	980.5	980.5	67.918	64.015	61.264	252.587
LT2	980.625	980.625	66.407	60.691	61.399	255.356
LT2	980.75	980.75	65.468	57.894	61.522	258.134
LT2	980.875	980.875	64.708	55.997	61.633	260.6
LT2	981	981	64.028	55.369	61.729	262.447
LT2	981.125	981.125	63.487	55.554	61.809	263.53
LT2	981.25	981.25	63.494	55.896	61.873	263.976
LT2	981.375	981.375	64.297	56.043	61.92	263.994
LT2	981.5	981.5	65.15	56.106	61.951	263.863
LT2	981.625	981.625	64.997	56.218	61.967	263.704
LT2	981.75	981.75	63.782	56.489	61.968	263.585
LT2	981.875	981.875	62.468	56.839	61.956	263.518
LT2	982	982	62.248	56.987	61.935	263.507
LT2	982.125	982.125	62.64	56.464	61.907	263.573
LT2	982.25	982.25	62.791	55.353	61.874	263.708
LT2	982.375	982.375	62.167	54.19	61.839	263.82
LT2	982.5	982.5	61.741	53.732	61.806	263.673
LT2	982.625	982.625	62.685	54.154	61.776	263.083
LT2	982.75	982.75	64.676	55.18	61.752	261.981
LT2	982.875	982.875	66.486	56.209	61.733	260.616
LT2	983	983	68.461	57.174	61.72	259.249
LT2	983.125	983.125	72.038	58.338	61.714	258.049
LT2	983.25	983.25	77.17	59.64	61.712	257.077
LT2	983.375	983.375	81.504	60.68	61.713	256.466
LT2	983.5	983.5	82.24	60.95	61.719	256.527
LT2	983.625	983.625	79.237	60.316	61.725	257.349
LT2	983.75	983.75	74.306	58.514	61.733	258.932
LT2	983.875	983.875	70.075	55.753	61.741	260.986
LT2	984	984	67.557	53.135	61.748	262.987
LT2	984.125	984.125	66.848	51.748	61.753	264.439
LT2	984.25	984.25	66.882	51.645	61.756	265.165
LT2	984.375	984.375	66.491	51.959	61.757	265.432
LT2	984.5	984.5	65.21	52.06	61.757	265.579
LT2	984.625	984.625	63.891	51.988	61.754	265.765
LT2	984.75	984.75	63.336	51.953	61.75	265.915
LT2	984.875	984.875	63.171	52.057	61.743	265.9
LT2	985	985	62.618	52.287	61.734	265.669
LT2	985.125	985.125	61.64	52.719	61.721	265.19
LT2	985.25	985.25	61.136	53.361	61.707	264.534
LT2	985.375	985.375	61.834	53.993	61.692	263.94
LT2	985.5	985.5	63.66	54.446	61.677	263.583
LT2	985.625	985.625	65.498	54.784	61.664	263.411
LT2	985.75	985.75	67.03	55.19	61.655	263.193
LT2	985.875	985.875	68.14	55.794	61.649	262.676
LT2	986	986	68.623	56.56	61.65	261.781
LT2	986.125	986.125	68.308	57.247	61.658	260.751
LT2	986.25	986.25	67.48	57.33	61.673	260.185
LT2	986.375	986.375	66.127	56.442	61.691	260.554
LT2	986.5	986.5	63.869	54.602	61.712	261.852
LT2	986.625	986.625	61.122	52.234	61.733	263.629
LT2	986.75	986.75	59.22	49.903	61.753	265.196
LT2	986.875	986.875	59.11	47.911	61.772	266.161
LT2	987	987	59.788	46.474	61.788	266.423
LT2	987.125	987.125	60.493	45.613	61.8	266.306
LT2	987.25	987.25	61.921	45.519	61.808	266.101
LT2	987.375	987.375	66.346	46.668	61.811	265.877
LT2	987.5	987.5	76.016	49.142	61.811	265.445
LT2	987.625	987.625	88.965	52.286	61.807	264.597
LT2	987.75	987.75	98.69	54.747	61.801	263.457
LT2	987.875	987.875	98.759	55.856	61.793	262.333
LT2	988	988	90.064	55.182	61.785	261.625
LT2	988.125	988.125	78.766	53.263	61.777	261.464
LT2	988.25	988.25	69.992	51.074	61.769	261.785
LT2	988.375	988.375	64.764	50.217	61.76	262.315
LT2	988.5	988.5	62.379	50.881	61.75	262.72
LT2	988.625	988.625	62.137	52.119	61.741	262.834
LT2	988.75	988.75	62.281	52.746	61.735	262.714
LT2	988.875	988.875	61.602	52.664	61.735	262.577
LT2	989	989	60.222	52.095	61.745	262.632
LT2	989.125	989.125	59.01	51.145	61.766	262.989
LT2	989.25	989.25	58.567	49.751	61.796	263.62
LT2	989.375	989.375	58.899	47.761	61.835	264.484
LT2	989.5	989.5	59.887	45.399	61.882	265.496
LT2	989.625	989.625	62.719	43.339	61.934	266.567
LT2	989.75	989.75	69.966	42.791	61.99	267.432
LT2	989.875	989.875	82.555	43.84	62.046	267.852
LT2	990	990	96.193	45.823	62.101	267.774
LT2	990.125	990.125	102.401	47.891	62.153	267.327
LT2	990.25	990.25	98.06	49.821	62.2	266.674
LT2	990.375	990.375	87.767	51.147	62.241	265.987
LT2	990.5	990.5	79.57	50.809	62.275	265.765
LT2	990.625	990.625	75.487	48.642	62.304	266.429
LT2	990.75	990.75	72.784	45.333	62.328	268.171
LT2	990.875	990.875	69.908	42.104	62.35	270.541
LT2	991	991	68.606	39.507	62.37	272.961
LT2	991.125	991.125	71.897	38.048	62.391	274.651
LT2	991.25	991.25	80.255	37.864	62.412	275.172
LT2	991.375	991.375	87.886	38.55	62.433	274.605
LT2	991.5	991.5	87.701	38.939	62.454	273.624
LT2	991.625	991.625	81.883	38.481	62.477	272.997
LT2	991.75	991.75	82.14	37.685	62.501	272.977
LT2	991.875	991.875	94.181	38.218	62.528	273.173
LT2	992	992	112.877	41.567	62.56	272.763
LT2	992.125	992.125	125.988	48.288	62.599	270.916
LT2	992.25	992.25	127.948	55.82	62.647	267.647
LT2	992.375	992.375	117.989	61.24	62.704	263.781
LT2	992.5	992.5	101.698	62.865	62.771	260.296
LT2	992.625	992.625	86.374	61.67	62.848	257.814
LT2	992.75	992.75	76.621	58.746	62.935	256.511
LT2	992.875	992.875	71.636	55.528	63.031	256.396
LT2	993	993	69.267	54.133	63.132	256.771
LT2	993.125	993.125	68.773	55.391	63.235	257.161
LT2	993.25	993.25	69.063	57.656	63.336	257.587
LT2	993.375	993.375	68.699	58.781	63.431	258.496
LT2	993.5	993.5	66.939	58.041	63.516	260.189
LT2	993.625	993.625	64.28	55.569	63.587	262.55
LT2	993.75	993.75	60.96	51.643	63.644	265.274
LT2	993.875	993.875	58.09	46.746	63.684	268.055
LT2	994	994	57.802	42.35	63.709	270.413
LT2	994.125	994.125	61.728	39.532	63.721	271.959
LT2	994.25	994.25	67.488	38.714	63.721	272.341
LT2	994.375	994.375	71.105	39.192	63.711	271.676
LT2	994.5	994.5	70.739	40.606	63.692	270.07
LT2	994.625	994.625	69.836	42.658	63.664	267.847
LT2	994.75	994.75	73.676	44.695	63.628	265.843
LT2	994.875	994.875	88.594	46.335	63.583	264.859
LT2	995	995	111.441	47.721	63.528	265.409
LT2	995.125	995.125	133.257	48.928	63.464	267.073
LT2	995.25	995.25	140.054	49.388	63.391	269.135
LT2	995.375	995.375	128.65	48.5	63.312	270.734
LT2	995.5	995.5	104.76	46.565	63.231	271.582
LT2	995.625	995.625	81.698	44.343	63.152	271.727
LT2	995.75	995.75	66.597	42.768	63.08	271.514
LT2	995.875	995.875	60.409	42.38	63.018	271.053
LT2	996	996	59.109	43.491	62.971	270.17
LT2	996.125	996.125	59.892	45.413	62.939	268.807
LT2	996.25	996.25	60.859	47.285	62.925	267.238
LT2	996.375	996.375	60.452	48.051	62.929	266.428
LT2	996.5	996.5	58.151	47.272	62.951	267.193
LT2	996.625	996.625	54.582	44.969	62.991	269.902
LT2	996.75	996.75	51.763	41.916	63.049	273.998
LT2	996.875	996.875	50.82	39.029	63.122	278.346
LT2	997	997	51.38	36.934	63.214	281.761
LT2	997.125	997.125	51.858	35.753	63.324	283.391
LT2	997.25	997.25	51.478	35.359	63.451	283.161
LT2	997.375	997.375	51.011	35.935	63.599	281.294
LT2	997.5	997.5	51.454	37.569	63.765	278.614
LT2	997.625	997.625	53.244	40.301	63.948	275.635
LT2	997.75	997.75	55.831	43.772	64.148	272.804
LT2	997.875	997.875	58.497	47.024	64.359	270.366
LT2	998	998	60.395	49.294	64.578	268.433
LT2	998.125	998.125	60.777	50.016	64.8	267.168
LT2	998.25	998.25	59.433	49.358	65.02	266.819
LT2	998.375	998.375	57.468	47.565	65.234	267.742
LT2	998.5	998.5	56.198	45.248	65.436	269.575
LT2	998.625	998.625	55.62	43.129	65.623	271.278
LT2	998.75	998.75	55.314	41.933	65.79	271.715
LT2	998.875	998.875	55.398	41.982	65.935	270.61
LT2	999	999	56.393	43.407	66.058	268.381
LT2	999.125	999.125	58.071	46.069	66.153	265.896
LT2	999.25	999.25	59.66	48.682	66.223	264.389
LT2	999.375	999.375	59.992	49.92	66.266	264.655
LT2	999.5	999.5	58.491	49.003	66.279	266.742
LT2	999.625	999.625	56.013	46.914	66.265	269.485
LT2	999.75	999.75	54.707	44.744	66.224	271.914
LT2	999.875	999.875	55.501	43.394	66.154	273.307
LT2	1000	1000	58.123	43.295	66.06	273.437
LT2	1000.125	1000.125	61.346	44.866	65.942	272.086
LT2	1000.25	1000.25	63.601	47.566	65.803	269.654
LT2	1000.375	1000.375	63.493	50.343	65.646	266.916
LT2	1000.5	1000.5	61.015	52.027	65.474	264.78
LT2	1000.625	1000.625	58.102	52.005	65.294	263.723
LT2	1000.75	1000.75	56.244	50.317	65.108	263.765
LT2	1000.875	1000.875	55.621	47.652	64.922	264.741
LT2	1001	1001	56.243	45.333	64.739	266.083
LT2	1001.125	1001.125	58.204	43.926	64.562	267.345
LT2	1001.25	1001.25	60.628	43.195	64.393	268.169
LT2	1001.375	1001.375	62.163	42.916	64.23	268.556
LT2	1001.5	1001.5	61.582	43.272	64.075	268.52
LT2	1001.625	1001.625	59.993	44.051	63.927	268.164
LT2	1001.75	1001.75	58.547	44.647	63.786	267.777
LT2	1001.875	1001.875	57.809	44.559	63.654	267.839
LT2	1002	1002	57.277	43.622	63.531	268.723
LT2	1002.125	1002.125	56.393	41.875	63.417	270.343
LT2	1002.25	1002.25	55.573	39.948	63.314	271.976
LT2	1002.375	1002.375	55.225	39.142	63.223	272.384
LT2	1002.5	1002.5	55.076	40.171	63.143	270.73
LT2	1002.625	1002.625	54.532	42.851	63.076	266.958
LT2	1002.75	1002.75	53.716	45.833	63.021	262.55
LT2	1002.875	1002.875	53.751	47.927	62.978	258.942
LT2	1003	1003	55.099	48.353	62.946	257.193
LT2	1003.125	1003.125	57.27	47.398	62.922	257.104
LT2	1003.25	1003.25	59.279	45.634	62.906	258.16
LT2	1003.375	1003.375	61.886	43.843	62.897	259.59
LT2	1003.5	1003.5	67.723	42.404	62.894	261.019
LT2	1003.625	1003.625	78.57	41.845	62.9	262.203
LT2	1003.75	1003.75	92.154	42.684	62.915	262.676
LT2	1003.875	1003.875	105.074	45.18	62.938	261.864
LT2	1004	1004	115.425	49.319	62.969	259.217
LT2	1004.125	1004.125	122.941	54.702	63.007	255.407
LT2	1004.25	1004.25	126.194	61.196	63.049	251.278
LT2	1004.375	1004.375	124.08	67.463	63.092	248.013
LT2	1004.5	1004.5	116.767	71.366	63.132	246.353
LT2	1004.625	1004.625	105.342	71.627	63.166	246.69
LT2	1004.75	1004.75	91.946	68.897	63.19	248.554
LT2	1004.875	1004.875	78.732	64.539	63.202	251.131
LT2	1005	1005	68.301	59.018	63.199	253.98
LT2	1005.125	1005.125	61.492	53.44	63.179	256.831
LT2	1005.25	1005.25	57.501	49.052	63.143	259.477
LT2	1005.375	1005.375	54.263	46.489	63.088	261.752
LT2	1005.5	1005.5	51.438	44.863	63.015	263.781
LT2	1005.625	1005.625	50.064	43.578	62.924	265.614
LT2	1005.75	1005.75	50.384	42.693	62.814	266.99
LT2	1005.875	1005.875	51.397	42.641	62.684	267.639
LT2	1006	1006	51.868	43.589	62.536	267.433
LT2	1006.125	1006.125	52.021	45.101	62.368	266.634
LT2	1006.25	1006.25	52.371	46.405	62.183	265.747
LT2	1006.375	1006.375	53.048	46.89	61.983	265.181
LT2	1006.5	1006.5	53.545	46.506	61.772	265.145
LT2	1006.625	1006.625	53.592	45.596	61.553	265.566
LT2	1006.75	1006.75	53.167	44.466	61.333	266.274
LT2	1006.875	1006.875	52.521	43.471	61.116	266.979
LT2	1007	1007	52.439	42.938	60.908	267.5
LT2	1007.125	1007.125	53.414	43.164	60.716	267.702
LT2	1007.25	1007.25	55.266	43.856	60.541	267.652
LT2	1007.375	1007.375	57.082	44.651	60.386	267.477
LT2	1007.5	1007.5	57.856	45.347	60.254	267.386
LT2	1007.625	1007.625	57.696	45.884	60.144	267.506
LT2	1007.75	1007.75	57.033	45.878	60.058	267.909
LT2	1007.875	1007.875	55.938	44.892	59.996	268.605
LT2	1008	1008	54.16	43.282	59.957	269.492
LT2	1008.125	1008.125	51.942	41.876	59.943	270.383
LT2	1008.25	1008.25	50.526	41.209	59.953	271.078
LT2	1008.375	1008.375	50.676	41.028	59.987	271.543
LT2	1008.5	1008.5	51.446	40.93	60.046	271.792
LT2	1008.625	1008.625	51.915	40.813	60.127	271.849
LT2	1008.75	1008.75	52.208	40.817	60.228	271.661
LT2	1008.875	1008.875	52.995	41.157	60.348	271.103
LT2	1009	1009	54.132	41.869	60.483	270.125
LT2	1009.125	1009.125	54.76	42.951	60.629	268.661
LT2	1009.25	1009.25	55.194	44.247	60.782	266.777
LT2	1009.375	1009.375	56.222	45.521	60.938	264.757
LT2	1009.5	1009.5	57.851	46.574	61.093	262.933
LT2	1009.625	1009.625	58.984	47.15	61.243	261.68
LT2	1009.75	1009.75	58.676	47.115	61.387	261.157
LT2	1009.875	1009.875	57.521	46.504	61.523	261.407
LT2	1010	1010	56.441	45.741	61.65	262.14
LT2	1010.125	1010.125	55.726	45.147	61.768	263.088
LT2	1010.25	1010.25	55.665	44.927	61.877	263.975
LT2	1010.375	1010.375	56.41	45.09	61.977	264.553
LT2	1010.5	1010.5	57.991	45.699	62.068	264.669
LT2	1010.625	1010.625	59.615	46.54	62.147	264.31
LT2	1010.75	1010.75	60.597	47.137	62.215	263.718
LT2	1010.875	1010.875	60.72	47.402	62.272	263.042
LT2	1011	1011	60.585	47.967	62.315	262.264
LT2	1011.125	1011.125	61.181	49.199	62.347	261.321
LT2	1011.25	1011.25	63.094	50.62	62.365	260.29
LT2	1011.375	1011.375	65.152	51.348	62.371	259.412
LT2	1011.5	1011.5	65.786	51.33	62.364	258.797
LT2	1011.625	1011.625	64.875	50.909	62.343	258.469
LT2	1011.75	1011.75	63.904	50.404	62.312	258.367
LT2	1011.875	1011.875	63.957	49.97	62.271	258.419
LT2	1012	1012	64.404	49.742	62.221	258.52
LT2	1012.125	1012.125	64.309	49.614	62.164	258.683
LT2	1012.25	1012.25	63.207	49.375	62.101	259.089
LT2	1012.375	1012.375	61.557	49	62.035	259.909
LT2	1012.5	1012.5	60.05	48.581	61.966	261.022
LT2	1012.625	1012.625	59.654	48.063	61.896	262.243
LT2	1012.75	1012.75	60.68	47.462	61.826	263.379
LT2	1012.875	1012.875	62.324	46.894	61.756	264.422
LT2	1013	1013	62.991	46.207	61.69	265.549
LT2	1013.125	1013.125	62.451	45.094	61.627	266.966
LT2	1013.25	1013.25	61.377	43.623	61.568	268.602
LT2	1013.375	1013.375	61.034	42.429	61.515	270.005
LT2	1013.5	1013.5	62.099	42.059	61.469	270.644
LT2	1013.625	1013.625	64.145	42.596	61.431	270.264
LT2	1013.75	1013.75	65.893	43.752	61.404	268.948
LT2	1013.875	1013.875	66.622	44.929	61.389	267.321
LT2	1014	1014	66.644	45.605	61.388	265.964
LT2	1014.125	1014.125	66.984	45.537	61.403	265.333
LT2	1014.25	1014.25	67.521	45.124	61.433	265.307
LT2	1014.375	1014.375	67.579	44.982	61.479	265.519
LT2	1014.5	1014.5	67.16	45.368	61.538	265.563
LT2	1014.625	1014.625	66.781	45.963	61.607	265.44
LT2	1014.75	1014.75	66.87	46.229	61.685	265.457
LT2	1014.875	1014.875	66.77	45.894	61.768	265.937
LT2	1015	1015	65.53	44.998	61.856	266.995
LT2	1015.125	1015.125	63.324	43.667	61.945	268.635
LT2	1015.25	1015.25	60.982	42.369	62.036	270.505
LT2	1015.375	1015.375	59.5	41.631	62.128	272.239
LT2	1015.5	1015.5	59.385	41.752	62.22	273.42
LT2	1015.625	1015.625	60.228	42.319	62.313	273.972
LT2	1015.75	1015.75	61.205	42.859	62.409	273.956
LT2	1015.875	1015.875	61.784	43.146	62.508	273.618
LT2	1016	1016	61.905	43.188	62.61	273.176
LT2	1016.125	1016.125	61.751	42.926	62.714	272.71
LT2	1016.25	1016.25	61.55	42.54	62.819	272.145
LT2	1016.375	1016.375	61.915	42.487	62.922	271.321
LT2	1016.5	1016.5	63.547	43.348	63.022	270.027
LT2	1016.625	1016.625	66.07	44.831	63.119	268.34
LT2	1016.75	1016.75	68.527	46.272	63.213	266.51
LT2	1016.875	1016.875	69.783	47.154	63.305	264.964
LT2	1017	1017	69.282	47.587	63.397	263.943
LT2	1017.125	1017.125	67.464	47.659	63.49	263.531
LT2	1017.25	1017.25	66.004	47.502	63.588	263.574
LT2	1017.375	1017.375	65.744	47.621	63.691	263.71
LT2	1017.5	1017.5	66.342	48.578	63.8	263.608
LT2	1017.625	1017.625	66.971	50.136	63.914	263.13
LT2	1017.75	1017.75	67.412	51.52	64.033	262.409
LT2	1017.875	1017.875	67.294	52.038	64.156	261.714
LT2	1018	1018	65.999	51.481	64.279	261.425
LT2	1018.125	1018.125	63.698	49.841	64.401	261.837
LT2	1018.25	1018.25	61.611	47.316	64.519	263.184
LT2	1018.375	1018.375	60.412	44.747	64.632	265.097
LT2	1018.5	1018.5	59.685	42.687	64.739	267.118
LT2	1018.625	1018.625	58.608	41.543	64.84	268.563
LT2	1018.75	1018.75	57.168	41.406	64.936	268.971
LT2	1018.875	1018.875	56.504	42.37	65.028	268.094
LT2	1019	1019	57.642	44.138	65.114	266.304
LT2	1019.125	1019.125	60.742	46.213	65.197	264.373
LT2	1019.25	1019.25	63.876	48.014	65.274	263.052
LT2	1019.375	1019.375	65.098	48.615	65.343	262.859
LT2	1019.5	1019.5	63.995	47.486	65.404	263.901
LT2	1019.625	1019.625	61.59	44.805	65.454	266.106
LT2	1019.75	1019.75	58.761	41.875	65.492	268.812
LT2	1019.875	1019.875	56.263	39.418	65.517	271.444
LT2	1020	1020	55.32	37.748	65.53	273.263
LT2	1020.125	1020.125	56.611	37.067	65.531	273.76
LT2	1020.25	1020.25	59.653	37.811	65.523	272.593
LT2	1020.375	1020.375	62.753	40.063	65.506	270.051
LT2	1020.5	1020.5	65.116	43.064	65.483	267.132
LT2	1020.625	1020.625	66.162	45.767	65.454	264.807
LT2	1020.75	1020.75	65.763	47.042	65.419	263.794
LT2	1020.875	1020.875	64.23	46.726	65.38	264.064
LT2	1021	1021	62.806	45.474	65.335	265.196
LT2	1021.125	1021.125	62.475	44.556	65.282	266.331
LT2	1021.25	1021.25	63.173	44.399	65.223	267.032
LT2	1021.375	1021.375	63.511	44.692	65.155	267.272
LT2	1021.5	1021.5	62.535	44.731	65.079	267.501
LT2	1021.625	1021.625	59.909	44.151	64.997	268.098
LT2	1021.75	1021.75	56.755	42.882	64.911	269.352
LT2	1021.875	1021.875	54.282	41.332	64.822	271.093
LT2	1022	1022	53.494	40.062	64.734	272.956
LT2	1022.125	1022.125	54.233	39.68	64.649	274.354
LT2	1022.25	1022.25	55.928	40.098	64.569	274.957
LT2	1022.375	1022.375	57.539	40.936	64.494	274.635
LT2	1022.5	1022.5	58.328	41.797	64.425	273.695
LT2	1022.625	1022.625	58.026	42.697	64.362	272.501
LT2	1022.75	1022.75	57.365	43.644	64.305	271.321
LT2	1022.875	1022.875	57.16	44.379	64.251	270.241
LT2	1023	1023	57.576	44.724	64.202	269.261
LT2	1023.125	1023.125	57.923	44.495	64.159	268.498
LT2	1023.25	1023.25	57.437	43.713	64.121	268.138
LT2	1023.375	1023.375	56.16	42.48	64.089	268.284
LT2	1023.5	1023.5	54.887	41.238	64.065	268.71
LT2	1023.625	1023.625	54.011	40.54	64.05	268.995
LT2	1023.75	1023.75	53.515	40.748	64.045	268.847
LT2	1023.875	1023.875	53.375	41.643	64.05	268.29
LT2	1024	1024	54.126	42.64	64.064	267.626
LT2	1024.125	1024.125	55.777	43.06	64.087	267.252
LT2	1024.25	1024.25	57.268	42.689	64.117	267.377
LT2	1024.375	1024.375	57.573	41.842	64.151	267.88
LT2	1024.5	1024.5	56.824	41.038	64.188	268.453
LT2	1024.625	1024.625	56.177	40.462	64.223	268.832
LT2	1024.75	1024.75	56.704	39.985	64.256	268.945
LT2	1024.875	1024.875	57.734	39.543	64.284	268.818
LT2	1025	1025	58.132	39.304	64.308	268.583
LT2	1025.125	1025.125	57.872	39.303	64.326	268.369
LT2	1025.25	1025.25	58.513	39.145	64.34	268.324
LT2	1025.375	1025.375	60.472	38.522	64.35	268.498
LT2	1025.5	1025.5	62.15	37.536	64.355	268.863
LT2	1025.625	1025.625	62.445	36.648	64.357	269.248
LT2	1025.75	1025.75	62.083	36.098	64.357	269.493
LT2	1025.875	1025.875	62.373	36.074	64.353	269.465
LT2	1026	1026	63.314	36.632	64.347	269.196
LT2	1026.125	1026.125	64.698	37.701	64.339	268.779
LT2	1026.25	1026.25	66.923	39.024	64.329	268.286
LT2	1026.375	1026.375	69.739	40.302	64.316	267.713
LT2	1026.5	1026.5	72.168	41.474	64.301	266.998
LT2	1026.625	1026.625	73.983	42.627	64.284	266.076
LT2	1026.75	1026.75	75.517	43.897	64.265	264.934
LT2	1026.875	1026.875	76.547	45.39	64.246	263.518
LT2	1027	1027	76.955	46.962	64.227	261.824
LT2	1027.125	1027.125	77.212	48.535	64.209	259.912
LT2	1027.25	1027.25	78.099	50.238	64.193	257.827
LT2	1027.375	1027.375	79.919	52.106	64.177	255.692
LT2	1027.5	1027.5	83.038	53.984	64.162	253.703
LT2	1027.625	1027.625	86.68	55.706	64.144	252.206
LT2	1027.75	1027.75	88.862	57.181	64.123	251.375
LT2	1027.875	1027.875	87.749	58.221	64.097	251.198
LT2	1028	1028	85.276	58.674	64.062	251.461
LT2	1028.125	1028.125	84.004	58.803	64.019	251.834
LT2	1028.25	1028.25	84.903	58.691	63.963	252.211
LT2	1028.375	1028.375	85.975	58.17	63.894	252.613
LT2	1028.5	1028.5	85.746	57.415	63.81	253.039
LT2	1028.625	1028.625	83.975	56.85	63.71	253.456
LT2	1028.75	1028.75	81.793	56.556	63.594	253.833
LT2	1028.875	1028.875	79.55	56.336	63.464	254.09
LT2	1029	1029	77.031	56.177	63.316	254.038
LT2	1029.125	1029.125	74.572	56.106	63.154	253.646
LT2	1029.25	1029.25	72.954	56.075	62.977	253.02
LT2	1029.375	1029.375	72.352	56.085	62.785	252.247
LT2	1029.5	1029.5	71.994	56.227	62.581	251.388
LT2	1029.625	1029.625	71.452	56.531	62.365	250.554
LT2	1029.75	1029.75	71.394	56.828	62.139	250.014
LT2	1029.875	1029.875	72.23	56.951	61.907	249.9
LT2	1030	1030	73.495	56.813	61.669	250.195
LT2	1030.125	1030.125	74.04	56.418	61.431	250.721
LT2	1030.25	1030.25	73.364	55.821	61.194	251.304
LT2	1030.375	1030.375	72.109	55.093	60.962	251.797
LT2	1030.5	1030.5	71.444	54.416	60.738	252.089
LT2	1030.625	1030.625	72.226	54.062	60.524	252.201
LT2	1030.75	1030.75	73.809	54.259	60.323	252.266
LT2	1030.875	1030.875	75.111	54.689	60.137	252.435
LT2	1031	1031	75.457	54.922	59.967	252.728
LT2	1031.125	1031.125	75.13	54.649	59.816	253.103
LT2	1031.25	1031.25	74.66	54.074	59.684	253.484
LT2	1031.375	1031.375	74.117	53.45	59.571	253.755
LT2	1031.5	1031.5	73.753	52.942	59.48	253.795
LT2	1031.625	1031.625	73.887	52.502	59.409	253.699
LT2	1031.75	1031.75	74.426	52.146	59.36	253.656
LT2	1031.875	1031.875	74.496	51.926	59.332	253.747
LT2	1032	1032	73.474	51.722	59.324	253.876
LT2	1032.125	1032.125	72.243	51.346	59.335	253.975
LT2	1032.25	1032.25	71.651	50.854	59.366	254.107
LT2	1032.375	1032.375	71.494	50.514	59.413	254.361
LT2	1032.5	1032.5	70.96	50.574	59.479	254.797
LT2	1032.625	1032.625	70.535	50.846	59.559	255.365
LT2	1032.75	1032.75	71.311	51.094	59.654	255.973
LT2	1032.875	1032.875	72.573	51.12	59.762	256.407
LT2	1033	1033	73.408	50.937	59.883	256.555
LT2	1033.125	1033.125	73.724	50.684	60.015	256.422
LT2	1033.25	1033.25	74.015	50.663	60.158	256.093
LT2	1033.375	1033.375	74.381	50.919	60.31	255.59
LT2	1033.5	1033.5	73.99	51.224	60.469	254.866
LT2	1033.625	1033.625	73.401	51.316	60.634	253.973
LT2	1033.75	1033.75	73.526	51.239	60.803	253.044
LT2	1033.875	1033.875	74.605	51.15	60.974	252.272
LT2	1034	1034	76.034	51.216	61.147	251.819
LT2	1034.125	1034.125	77.177	51.502	61.32	251.769
LT2	1034.25	1034.25	78.053	51.958	61.492	252.151
LT2	1034.375	1034.375	78.728	52.282	61.663	252.825
LT2	1034.5	1034.5	78.669	52.221	61.831	253.721
LT2	1034.625	1034.625	77.967	51.882	61.994	254.753
LT2	1034.75	1034.75	76.803	51.566	62.151	255.773
LT2	1034.875	1034.875	75.575	51.413	62.299	256.603
LT2	1035	1035	74.564	51.464	62.438	257.063
LT2	1035.125	1035.125	73.912	51.731	62.566	257.145
LT2	1035.25	1035.25	73.8	52.152	62.681	257.041
LT2	1035.375	1035.375	74.207	52.474	62.784	257.192
LT2	1035.5	1035.5	74.98	52.447	62.874	257.854
LT2	1035.625	1035.625	75.675	51.91	62.949	259.04
LT2	1035.75	1035.75	75.989	51.033	63.012	260.288
LT2	1035.875	1035.875	75.672	50.097	63.063	261.107
LT2	1036	1036	75.043	49.654	63.1	260.983
LT2	1036.125	1036.125	74.619	49.941	63.127	260.003
LT2	1036.25	1036.25	75.532	50.846	63.143	258.509
LT2	1036.375	1036.375	77.508	51.998	63.15	257.115
LT2	1036.5	1036.5	79.938	52.985	63.15	256.246
LT2	1036.625	1036.625	82.193	53.299	63.144	256.221
LT2	1036.75	1036.75	83.614	52.561	63.134	257.083
LT2	1036.875	1036.875	82.66	50.952	63.123	258.646
LT2	1037	1037	78.553	49	63.114	260.737
LT2	1037.125	1037.125	73.024	47.13	63.11	263.122
LT2	1037.25	1037.25	68.543	45.357	63.115	265.686
LT2	1037.375	1037.375	65.573	43.795	63.132	268.316
LT2	1037.5	1037.5	63.301	42.622	63.162	270.85
LT2	1037.625	1037.625	61.464	41.833	63.208	273.14
LT2	1037.75	1037.75	60.832	41.16	63.272	275.057
LT2	1037.875	1037.875	61.655	40.46	63.353	276.673
LT2	1038	1038	62.861	39.734	63.453	278.121
LT2	1038.125	1038.125	63.373	38.877	63.574	279.576
LT2	1038.25	1038.25	63.248	37.808	63.716	281.092
LT2	1038.375	1038.375	62.788	36.766	63.881	282.575
LT2	1038.5	1038.5	61.913	36.118	64.071	283.82
LT2	1038.625	1038.625	60.409	35.833	64.285	284.738
LT2	1038.75	1038.75	59.163	35.621	64.525	285.358
LT2	1038.875	1038.875	58.91	35.325	64.79	285.89
LT2	1039	1039	59.512	35.1	65.077	286.422
LT2	1039.125	1039.125	60.321	35.154	65.39	286.871
LT2	1039.25	1039.25	61.388	35.435	65.722	287.093
LT2	1039.375	1039.375	62.463	35.84	66.074	287.017
LT2	1039.5	1039.5	62.818	36.247	66.443	286.716
LT2	1039.625	1039.625	62.23	36.531	66.826	286.34
LT2	1039.75	1039.75	61.781	36.609	67.222	285.993
LT2	1039.875	1039.875	62.034	36.587	67.628	285.758
LT2	1040	1040	62.065	36.592	68.042	285.643
LT2	1040.125	1040.125	60.864	36.655	68.465	285.538
LT2	1040.25	1040.25	59.178	36.729	68.895	285.208
LT2	1040.375	1040.375	58.265	36.863	69.331	284.468
LT2	1040.5	1040.5	58.65	37.273	69.772	283.144
LT2	1040.625	1040.625	60.053	38.061	70.214	281.395
LT2	1040.75	1040.75	62.397	39.282	70.656	279.418
LT2	1040.875	1040.875	64.88	40.799	71.092	277.478
LT2	1041	1041	66.666	42.214	71.519	275.723
LT2	1041.125	1041.125	67.244	43.222	71.935	274.184
LT2	1041.25	1041.25	66.986	43.808	72.335	272.792
LT2	1041.375	1041.375	66.142	44.19	72.716	271.533
LT2	1041.5	1041.5	64.942	44.432	73.074	270.569
LT2	1041.625	1041.625	64.042	44.5	73.407	270.062
LT2	1041.75	1041.75	64.004	44.482	73.713	269.975
LT2	1041.875	1041.875	64.461	44.543	73.986	270.102
LT2	1042	1042	64.931	44.76	74.23	270.135
LT2	1042.125	1042.125	65.169	45.199	74.442	269.946
LT2	1042.25	1042.25	65.221	45.812	74.617	269.597
LT2	1042.375	1042.375	64.605	46.14	74.757	269.438
LT2	1042.5	1042.5	62.585	45.563	74.86	269.902
LT2	1042.625	1042.625	60.073	43.917	74.921	271.313
LT2	1042.75	1042.75	58.363	41.821	74.941	273.466
LT2	1042.875	1042.875	58.131	39.785	74.917	276.011
LT2	1043	1043	58.291	38.027	74.852	278.453
LT2	1043.125	1043.125	57.644	36.626	74.751	280.491
LT2	1043.25	1043.25	56.098	35.826	74.613	281.902
LT2	1043.375	1043.375	54.913	35.584	74.447	282.771
LT2	1043.5	1043.5	55.451	35.531	74.257	283.301
LT2	1043.625	1043.625	57.252	35.366	74.047	283.701
LT2	1043.75	1043.75	58.81	35.012	73.822	284.093
LT2	1043.875	1043.875	59.102	34.503	73.586	284.459
LT2	1044	1044	58.923	33.904	73.343	284.678
LT2	1044.125	1044.125	58.597	33.262	73.098	284.653
LT2	1044.25	1044.25	57.758	32.755	72.854	284.332
LT2	1044.375	1044.375	56.548	32.592	72.616	283.783
LT2	1044.5	1044.5	55.512	32.654	72.386	283.23
LT2	1044.625	1044.625	54.921	32.675	72.17	283.025
LT2	1044.75	1044.75	54.583	32.407	71.973	283.377
LT2	1044.875	1044.875	54.38	32.021	71.796	284.079
LT2	1045	1045	54.285	31.776	71.647	284.659
LT2	1045.125	1045.125	54.169	31.647	71.526	284.697
LT2	1045.25	1045.25	54.223	31.755	71.435	283.921
LT2	1045.375	1045.375	55.243	32.677	71.375	281.943
LT2	1045.5	1045.5	57.188	34.459	71.342	279.018
LT2	1045.625	1045.625	58.522	36.566	71.333	275.726
LT2	1045.75	1045.75	57.663	37.888	71.346	273.109
LT2	1045.875	1045.875	54.966	37.824	71.375	271.875
LT2	1046	1046	52.937	36.223	71.422	272.564
LT2	1046.125	1046.125	52.869	33.718	71.484	275.013
LT2	1046.25	1046.25	53.709	31.257	71.56	278.278
LT2	1046.375	1046.375	54.064	29.76	71.652	280.983
LT2	1046.5	1046.5	54.362	29.563	71.758	281.856
LT2	1046.625	1046.625	55.671	30.525	71.878	280.493
LT2	1046.75	1046.75	58.191	32.39	72.011	276.944
LT2	1046.875	1046.875	61.157	34.813	72.154	272.292
LT2	1047	1047	63.49	37.666	72.304	267.313
LT2	1047.125	1047.125	64.334	40.473	72.456	262.821
LT2	1047.25	1047.25	63.988	42.693	72.606	259.266
LT2	1047.375	1047.375	63.811	44.088	72.749	256.851
LT2	1047.5	1047.5	64.893	44.747	72.88	255.413
LT2	1047.625	1047.625	67.503	44.854	72.999	254.607
LT2	1047.75	1047.75	71.023	44.635	73.1	254.216
LT2	1047.875	1047.875	74.77	44.635	73.184	253.867
LT2	1048	1048	78.356	45.059	73.25	253.299
LT2	1048.125	1048.125	80.947	45.71	73.297	252.561
LT2	1048.25	1048.25	82.311	46.128	73.325	252.175
LT2	1048.375	1048.375	82.031	45.921	73.333	252.647
LT2	1048.5	1048.5	80.152	44.651	73.318	254.449
LT2	1048.625	1048.625	77.311	42.544	73.281	257.31
LT2	1048.75	1048.75	74.814	40.127	73.219	260.756
LT2	1048.875	1048.875	74.369	38.547	73.127	263.764
LT2	1049	1049	77.414	38.669	73.005	265.415
LT2	1049.125	1049.125	85.165	40.794	72.849	265.165
LT2	1049.25	1049.25	94.699	43.724	72.657	263.533
LT2	1049.375	1049.375	101.049	45.816	72.435	261.743
LT2	1049.5	1049.5	99.586	45.691	72.18	261.081
LT2	1049.625	1049.625	91.819	43.396	71.9	262.132
LT2	1049.75	1049.75	81.856	39.898	71.599	264.602
LT2	1049.875	1049.875	74.09	36.612	71.281	267.664
LT2	1050	1050	69.699	34.532	70.955	270.211
LT2	1050.125	1050.125	68.488	33.784	70.626	271.751
LT2	1050.25	1050.25	68.372	33.956	70.3	272.304
LT2	1050.375	1050.375	68.748	34.521	69.985	272.415
LT2	1050.5	1050.5	70.084	35.221	69.684	272.373
LT2	1050.625	1050.625	71.693	35.944	69.404	272.21
LT2	1050.75	1050.75	72.74	36.757	69.145	271.785
LT2	1050.875	1050.875	73.311	37.738	68.911	270.925
LT2	1051	1051	74.382	38.77	68.702	269.657
LT2	1051.125	1051.125	75.684	39.677	68.518	268.203
LT2	1051.25	1051.25	75.318	40.299	68.362	266.887
LT2	1051.375	1051.375	73.354	40.626	68.234	266.006
LT2	1051.5	1051.5	71.695	40.643	68.134	265.679
LT2	1051.625	1051.625	71.575	40.202	68.067	265.888
LT2	1051.75	1051.75	71.886	39.435	68.028	266.257
LT2	1051.875	1051.875	71.216	38.626	68.017	266.466
LT2	1052	1052	70.163	38.156	68.036	266.241
LT2	1052.125	1052.125	69.661	37.934	68.078	265.669
LT2	1052.25	1052.25	70.767	37.444	68.141	265.133
LT2	1052.375	1052.375	74.268	36.285	68.22	265.315
LT2	1052.5	1052.5	80.477	34.82	68.309	266.43
LT2	1052.625	1052.625	86.523	33.567	68.402	268.252
LT2	1052.75	1052.75	87.706	32.732	68.491	270.166
LT2	1052.875	1052.875	81.711	32.269	68.573	271.804
LT2	1053	1053	72.762	32.374	68.641	272.818
LT2	1053.125	1053.125	66.518	33.142	68.695	273.083
LT2	1053.25	1053.25	65.84	34.402	68.733	272.641
LT2	1053.375	1053.375	67.796	35.843	68.755	271.658
LT2	1053.5	1053.5	69.563	37.26	68.763	270.308
LT2	1053.625	1053.625	70.265	38.561	68.758	268.604
LT2	1053.75	1053.75	70.925	39.541	68.741	266.794
LT2	1053.875	1053.875	72.031	40.102	68.713	265.256
LT2	1054	1054	73.229	40.353	68.674	264.217
LT2	1054.125	1054.125	74.13	40.538	68.625	263.598
LT2	1054.25	1054.25	75.077	40.678	68.566	263.232
LT2	1054.375	1054.375	76.533	40.679	68.498	263.044
LT2	1054.5	1054.5	78.066	40.643	68.421	262.972
LT2	1054.625	1054.625	78.85	40.738	68.339	262.985
LT2	1054.75	1054.75	78.694	41.048	68.253	263.085
LT2	1054.875	1054.875	77.767	41.424	68.167	263.256
LT2	1055	1055	75.603	41.763	68.082	263.47
LT2	1055.125	1055.125	72.739	41.935	68.002	263.685
LT2	1055.25	1055.25	70.639	41.945	67.928	263.827
LT2	1055.375	1055.375	70.86	42.021	67.862	263.758
LT2	1055.5	1055.5	72.837	42.563	67.805	263.382
LT2	1055.625	1055.625	75.252	43.457	67.756	262.851
LT2	1055.75	1055.75	76.449	44.194	67.717	262.454
LT2	1055.875	1055.875	75.859	44.268	67.688	262.459
LT2	1056	1056	73.965	43.741	67.668	262.944
LT2	1056.125	1056.125	72.356	42.907	67.659	263.898
LT2	1056.25	1056.25	71.222	41.986	67.661	265.014
LT2	1056.375	1056.375	69.93	41.042	67.674	265.977
LT2	1056.5	1056.5	68.887	40.334	67.701	266.441
LT2	1056.625	1056.625	69.5	40.142	67.739	266.331
LT2	1056.75	1056.75	72.589	40.653	67.79	265.619
LT2	1056.875	1056.875	75.883	41.836	67.851	264.377
LT2	1057	1057	77.704	43.459	67.922	262.847
LT2	1057.125	1057.125	77.927	45.264	67.999	261.287
LT2	1057.25	1057.25	77.19	46.755	68.082	259.995
LT2	1057.375	1057.375	75.669	47.652	68.169	259.08
LT2	1057.5	1057.5	74.073	47.925	68.261	258.514
LT2	1057.625	1057.625	73.383	47.803	68.356	258.081
LT2	1057.75	1057.75	73.713	47.372	68.455	257.662
LT2	1057.875	1057.875	74.145	46.727	68.557	257.263
LT2	1058	1058	74.457	46.205	68.661	256.979
LT2	1058.125	1058.125	75.148	46	68.764	256.898
LT2	1058.25	1058.25	75.947	46.076	68.865	257.052
LT2	1058.375	1058.375	76.018	46.335	68.959	257.306
LT2	1058.5	1058.5	75.351	46.84	69.045	257.517
LT2	1058.625	1058.625	75.243	47.541	69.119	257.662
LT2	1058.75	1058.75	76.72	47.975	69.178	257.996
LT2	1058.875	1058.875	79.156	47.452	69.22	258.975
LT2	1059	1059	80.546	45.791	69.244	260.842
LT2	1059.125	1059.125	79.866	43.519	69.252	263.331
LT2	1059.25	1059.25	77.824	41.476	69.242	265.846
LT2	1059.375	1059.375	75.829	40.211	69.219	267.801
LT2	1059.5	1059.5	74.728	39.766	69.185	268.978
LT2	1059.625	1059.625	73.968	40.025	69.142	269.287
LT2	1059.75	1059.75	73.327	40.576	69.092	269.005
LT2	1059.875	1059.875	73.366	41.271	69.037	268.295
LT2	1060	1060	74.746	42.346	68.976	267.196
LT2	1060.125	1060.125	77.91	44.022	68.911	265.696
LT2	1060.25	1060.25	82.084	45.994	68.843	263.949
LT2	1060.375	1060.375	85.899	47.34	68.773	262.53
LT2	1060.5	1060.5	87.951	47.681	68.705	261.824
LT2	1060.625	1060.625	87.191	47.266	68.641	261.86
LT2	1060.75	1060.75	84.815	46.817	68.586	262.089
LT2	1060.875	1060.875	83.128	46.728	68.544	261.968
LT2	1061	1061	83.921	47.273	68.52	261.006
LT2	1061.125	1061.125	86.928	48.163	68.517	259.436
LT2	1061.25	1061.25	90.307	48.737	68.539	257.89
LT2	1061.375	1061.375	91.869	48.142	68.588	257.331
LT2	1061.5	1061.5	91.02	46.647	68.663	258.021
LT2	1061.625	1061.625	89.753	45.225	68.76	259.691
LT2	1061.75	1061.75	91.494	44.955	68.877	261.421
LT2	1061.875	1061.875	95.704	45.694	69.008	262.503
LT2	1062	1062	97.012	46.808	69.151	262.788
LT2	1062.125	1062.125	92.625	47.51	69.302	262.844
LT2	1062.25	1062.25	84.654	47.369	69.461	263.235
LT2	1062.375	1062.375	78.557	46.155	69.627	264.326
LT2	1062.5	1062.5	75.719	44.537	69.799	265.894
LT2	1062.625	1062.625	74.968	43.334	69.977	267.459
LT2	1062.75	1062.75	74.681	43.044	70.16	268.353
LT2	1062.875	1062.875	74.012	43.045	70.346	268.473
LT2	1063	1063	72.476	42.896	70.532	268.055
LT2	1063.125	1063.125	70.373	42.696	70.716	267.537
LT2	1063.25	1063.25	68.581	42.613	70.894	267.191
LT2	1063.375	1063.375	67.865	42.562	71.062	267.122
LT2	1063.5	1063.5	67.792	42.405	71.217	267.327
LT2	1063.625	1063.625	67.932	42.173	71.358	267.73
LT2	1063.75	1063.75	68.65	41.958	71.483	268.266
LT2	1063.875	1063.875	70.157	41.709	71.596	268.863
LT2	1064	1064	71.726	41.39	71.7	269.505
LT2	1064.125	1064.125	72.427	40.93	71.799	270.185
LT2	1064.25	1064.25	72.53	40.176	71.897	270.822
LT2	1064.375	1064.375	72.581	39.196	71.997	271.327
LT2	1064.5	1064.5	72.739	38.427	72.101	271.67
LT2	1064.625	1064.625	72.962	38.091	72.209	271.961
LT2	1064.75	1064.75	73.124	37.96	72.321	272.318
LT2	1064.875	1064.875	73.055	37.582	72.435	272.821
LT2	1065	1065	72.743	36.986	72.55	273.429
LT2	1065.125	1065.125	72.537	36.496	72.664	274.064
LT2	1065.25	1065.25	72.862	36.286	72.778	274.632
LT2	1065.375	1065.375	73.453	36.178	72.89	275.108
LT2	1065.5	1065.5	73.816	35.991	73.003	275.49
LT2	1065.625	1065.625	74.381	35.752	73.119	275.785
LT2	1065.75	1065.75	75.302	35.609	73.239	275.961
LT2	1065.875	1065.875	75.983	35.675	73.364	275.933
LT2	1066	1066	75.972	35.892	73.493	275.696
LT2	1066.125	1066.125	75.25	36.197	73.621	275.276
LT2	1066.25	1066.25	74.5	36.455	73.745	274.755
LT2	1066.375	1066.375	73.728	36.553	73.861	274.245
LT2	1066.5	1066.5	73.236	36.456	73.964	273.878
LT2	1066.625	1066.625	73.517	36.304	74.053	273.817
LT2	1066.75	1066.75	74.384	36.246	74.124	274.108
LT2	1066.875	1066.875	74.89	36.194	74.177	274.731
LT2	1067	1067	74.471	36.002	74.212	275.432
LT2	1067.125	1067.125	73.183	35.882	74.229	275.805
LT2	1067.25	1067.25	71.626	36.405	74.227	275.204
LT2	1067.375	1067.375	70.181	37.703	74.211	273.425
LT2	1067.5	1067.5	69.506	39.453	74.182	270.674
LT2	1067.625	1067.625	69.891	41.064	74.139	267.538
LT2	1067.75	1067.75	70.856	42.103	74.087	264.735
LT2	1067.875	1067.875	71.698	42.481	74.023	262.672
LT2	1068	1068	73.013	42.562	73.947	261.421
LT2	1068.125	1068.125	75.656	42.787	73.859	260.675
LT2	1068.25	1068.25	78.739	43.109	73.758	260.297
LT2	1068.375	1068.375	80.026	42.922	73.649	260.326
LT2	1068.5	1068.5	79.432	42.1	73.536	260.76
LT2	1068.625	1068.625	80.557	40.925	73.423	261.519
LT2	1068.75	1068.75	85.162	39.866	73.315	262.437
LT2	1068.875	1068.875	90.69	39.101	73.214	263.438
LT2	1069	1069	91.373	38.623	73.126	264.499
LT2	1069.125	1069.125	85.616	38.202	73.049	265.629
LT2	1069.25	1069.25	76.529	37.613	72.987	266.796
LT2	1069.375	1069.375	69.952	36.87	72.941	267.742
LT2	1069.5	1069.5	67.541	36.446	72.911	268.156
LT2	1069.625	1069.625	67.995	36.643	72.897	267.877
LT2	1069.75	1069.75	68.895	37.217	72.899	267.166
LT2	1069.875	1069.875	69.822	37.736	72.916	266.449
LT2	1070	1070	70.926	38.072	72.948	265.96
LT2	1070.125	1070.125	71.976	38.401	72.994	265.61
LT2	1070.25	1070.25	72.419	38.902	73.052	265.158
LT2	1070.375	1070.375	72.188	39.745	73.125	264.286
LT2	1070.5	1070.5	72.084	40.975	73.211	262.833
LT2	1070.625	1070.625	73.228	42.551	73.309	260.795
LT2	1070.75	1070.75	75.903	44.411	73.419	258.292
LT2	1070.875	1070.875	80.129	46.496	73.535	255.621
LT2	1071	1071	85.448	48.657	73.654	252.967
LT2	1071.125	1071.125	90.038	50.403	73.775	250.565
LT2	1071.25	1071.25	92.556	51.483	73.893	248.608
LT2	1071.375	1071.375	93.311	52.003	74.006	247.28
LT2	1071.5	1071.5	94.382	52.304	74.112	246.582
LT2	1071.625	1071.625	96.699	52.423	74.21	246.363
LT2	1071.75	1071.75	98.812	52.156	74.297	246.498
LT2	1071.875	1071.875	98.898	51.581	74.374	246.789
LT2	1072	1072	95.888	50.951	74.438	247.119
LT2	1072.125	1072.125	90.694	50.509	74.487	247.445
LT2	1072.25	1072.25	85.026	50.373	74.521	247.762
LT2	1072.375	1072.375	80.826	50.611	74.537	248.034
LT2	1072.5	1072.5	79.154	51.195	74.532	248.153
LT2	1072.625	1072.625	79.556	51.924	74.507	248.066
LT2	1072.75	1072.75	80.96	52.524	74.46	247.815
LT2	1072.875	1072.875	82.728	52.676	74.39	247.646
LT2	1073	1073	84.682	52.335	74.298	247.799
LT2	1073.125	1073.125	85.782	51.664	74.187	248.422
LT2	1073.25	1073.25	85.66	50.781	74.059	249.436
LT2	1073.375	1073.375	84.913	49.613	73.917	250.604
LT2	1073.5	1073.5	84.436	48.413	73.765	251.457
LT2	1073.625	1073.625	83.842	47.697	73.604	251.527
LT2	1073.75	1073.75	82.43	47.348	73.438	250.823
LT2	1073.875	1073.875	79.877	46.802	73.266	249.976
LT2	1074	1074	77.787	46.005	73.092	249.8
LT2	1074.125	1074.125	78.619	45.286	72.914	250.657
LT2	1074.25	1074.25	79.968	44.579	72.735	252.494
LT2	1074.375	1074.375	78.694	43.51	72.557	254.787
LT2	1074.5	1074.5	75.042	42.225	72.385	256.987
LT2	1074.625	1074.625	73.134	41.397	72.221	258.578
LT2	1074.75	1074.75	74.336	41.199	72.072	259.512
LT2	1074.875	1074.875	75.012	41.444	71.94	259.932
LT2	1075	1075	73.936	41.836	71.83	260.099
LT2	1075.125	1075.125	72.94	42.275	71.742	260.123
LT2	1075.25	1075.25	73.578	42.769	71.68	260.018
LT2	1075.375	1075.375	75.474	43.231	71.64	259.892
LT2	1075.5	1075.5	77.876	43.493	71.62	259.952
LT2	1075.625	1075.625	80.227	43.433	71.621	260.356
LT2	1075.75	1075.75	82.527	43.227	71.636	260.78
LT2	1075.875	1075.875	85.005	43.137	71.664	260.768
LT2	1076	1076	87.714	43.337	71.705	260.087
LT2	1076.125	1076.125	90.154	43.727	71.758	259.031
LT2	1076.25	1076.25	90.635	44.049	71.823	258.021
LT2	1076.375	1076.375	87.921	43.916	71.903	257.554
LT2	1076.5	1076.5	82.273	43.101	71.998	257.934
LT2	1076.625	1076.625	76.704	41.522	72.11	259.337
LT2	1076.75	1076.75	73.718	39.688	72.237	261.343
LT2	1076.875	1076.875	73.286	38.15	72.376	263.473
LT2	1077	1077	72.666	37.249	72.528	265.358
LT2	1077.125	1077.125	70.97	36.703	72.686	266.992
LT2	1077.25	1077.25	69.397	36.228	72.848	268.426
LT2	1077.375	1077.375	68.374	35.82	73.012	269.552
LT2	1077.5	1077.5	67.203	35.699	73.177	270.185
LT2	1077.625	1077.625	66.184	36.057	73.342	270.132
LT2	1077.75	1077.75	66.178	36.884	73.508	269.38
LT2	1077.875	1077.875	66.972	37.915	73.677	268.186
LT2	1078	1078	67.385	38.767	73.853	266.991
LT2	1078.125	1078.125	67.657	39.094	74.037	266.403
LT2	1078.25	1078.25	68.856	38.823	74.231	266.693
LT2	1078.375	1078.375	70.62	38.105	74.436	267.848
LT2	1078.5	1078.5	71.309	37.316	74.65	269.371
LT2	1078.625	1078.625	70.254	36.545	74.872	270.91
LT2	1078.75	1078.75	68.692	35.742	75.101	272.216
LT2	1078.875	1078.875	67.593	34.96	75.334	273.295
LT2	1079	1079	66.934	34.29	75.568	274.246
LT2	1079.125	1079.125	66.229	33.745	75.802	275.18
LT2	1079.25	1079.25	65.363	33.282	76.036	276.029
LT2	1079.375	1079.375	64.333	33.003	76.269	276.593
LT2	1079.5	1079.5	63.362	32.956	76.501	276.761
LT2	1079.625	1079.625	62.704	32.907	76.732	276.634
LT2	1079.75	1079.75	62.482	32.664	76.962	276.329
LT2	1079.875	1079.875	63.406	32.306	77.193	275.982
LT2	1080	1080	65.801	31.928	77.423	275.713
LT2	1080.125	1080.125	68.195	31.561	77.651	275.673
LT2	1080.25	1080.25	68.939	31.229	77.876	275.856
LT2	1080.375	1080.375	68.151	31.038	78.096	276.177
LT2	1080.5	1080.5	67.986	31.009	78.307	276.497
LT2	1080.625	1080.625	68.624	30.926	78.509	276.721
LT2	1080.75	1080.75	68.597	30.709	78.701	276.796
LT2	1080.875	1080.875	67.792	30.55	78.884	276.668
LT2	1081	1081	66.809	30.624	79.057	276.241
LT2	1081.125	1081.125	66.23	31.062	79.222	275.246
LT2	1081.25	1081.25	65.942	31.981	79.38	273.456
LT2	1081.375	1081.375	65.953	33.417	79.533	270.903
LT2	1081.5	1081.5	66.657	35.266	79.681	267.854
LT2	1081.625	1081.625	68.267	37.217	79.826	264.951
LT2	1081.75	1081.75	70.417	38.961	79.968	262.733
LT2	1081.875	1081.875	71.844	39.918	80.107	261.8
LT2	1082	1082	71.771	39.816	80.244	262.124
LT2	1082.125	1082.125	70.548	38.756	80.38	263.5
LT2	1082.25	1082.25	69.562	37.343	80.512	265.391
LT2	1082.375	1082.375	69.622	36.078	80.641	267.252
LT2	1082.5	1082.5	70.651	35.13	80.766	268.765
LT2	1082.625	1082.625	71.519	34.508	80.888	269.766
LT2	1082.75	1082.75	71.258	34.204	81.008	270.284
LT2	1082.875	1082.875	69.419	34.253	81.125	270.453
LT2	1083	1083	66.946	34.517	81.238	270.568
LT2	1083.125	1083.125	65.112	34.794	81.347	270.754
LT2	1083.25	1083.25	64.545	34.853	81.45	270.991
LT2	1083.375	1083.375	65.004	34.735	81.545	271.238
LT2	1083.5	1083.5	66.006	34.538	81.632	271.53
LT2	1083.625	1083.625	66.873	34.226	81.707	271.905
LT2	1083.75	1083.75	67.053	33.808	81.771	272.301
LT2	1083.875	1083.875	66.158	33.369	81.823	272.63
LT2	1084	1084	65.135	33.082	81.863	272.768
LT2	1084.125	1084.125	64.6	33.028	81.891	272.571
LT2	1084.25	1084.25	64.74	33.273	81.909	271.811
LT2	1084.375	1084.375	65.25	33.822	81.915	270.42
LT2	1084.5	1084.5	66.037	34.695	81.913	268.55
LT2	1084.625	1084.625	67.019	35.974	81.901	266.426
LT2	1084.75	1084.75	68.01	37.475	81.881	264.362
LT2	1084.875	1084.875	69.021	38.798	81.853	262.613
LT2	1085	1085	70.048	39.367	81.814	261.555
LT2	1085.125	1085.125	70.393	39.161	81.764	261.278
LT2	1085.25	1085.25	69.574	38.468	81.701	261.748
LT2	1085.375	1085.375	68.06	37.68	81.624	262.672
LT2	1085.5	1085.5	66.219	37.049	81.534	263.584
LT2	1085.625	1085.625	64.583	36.779	81.429	264.045
LT2	1085.75	1085.75	63.44	37.035	81.307	263.692
LT2	1085.875	1085.875	63.003	37.77	81.169	262.551
LT2	1086	1086	63.284	38.768	81.012	260.867
LT2	1086.125	1086.125	64.046	39.612	80.835	259.173
LT2	1086.25	1086.25	65.582	40.114	80.639	257.82
LT2	1086.375	1086.375	67.36	40.193	80.42	257.081
LT2	1086.5	1086.5	68.247	39.906	80.181	256.972
LT2	1086.625	1086.625	67.77	39.204	79.921	257.501
LT2	1086.75	1086.75	66.877	38.078	79.637	258.672
LT2	1086.875	1086.875	66.25	36.813	79.333	260.315
LT2	1087	1087	65.897	35.671	79.007	262.347
LT2	1087.125	1087.125	65.345	34.698	78.659	264.645
LT2	1087.25	1087.25	64.742	33.79	78.293	267
LT2	1087.375	1087.375	64.449	32.972	77.911	269.127
LT2	1087.5	1087.5	64.312	32.334	77.517	270.767
LT2	1087.625	1087.625	63.919	31.855	77.115	271.91
LT2	1087.75	1087.75	62.96	31.494	76.711	272.594
LT2	1087.875	1087.875	61.966	31.253	76.309	272.906
LT2	1088	1088	61.821	31.177	75.914	272.883
LT2	1088.125	1088.125	62.645	31.245	75.535	272.569
LT2	1088.25	1088.25	63.951	31.48	75.173	272.028
LT2	1088.375	1088.375	64.98	31.997	74.835	271.185
LT2	1088.5	1088.5	65.074	32.71	74.527	270.025
LT2	1088.625	1088.625	64.104	33.304	74.25	268.774
LT2	1088.75	1088.75	62.714	33.583	74.01	267.657
LT2	1088.875	1088.875	62.525	33.708	73.81	266.791
LT2	1089	1089	64.115	33.877	73.65	266.167
LT2	1089.125	1089.125	65.826	34.082	73.534	265.793
LT2	1089.25	1089.25	66.452	34.314	73.46	265.57
LT2	1089.375	1089.375	66.169	34.597	73.429	265.366
LT2	1089.5	1089.5	66.243	34.864	73.446	265.084
LT2	1089.625	1089.625	67.131	35.063	73.508	264.718
LT2	1089.75	1089.75	67.982	35.24	73.615	264.306
LT2	1089.875	1089.875	67.975	35.477	73.762	263.889
LT2	1090	1090	67.287	35.715	73.913	263.481
LT2	1090.125	1090.125	66.641	35.865	74.033	263.096
LT2	1090.25	1090.25	66.714	35.881	74.086	262.832
LT2	1090.375	1090.375	67.239	35.724	74.073	262.833
LT2	1090.5	1090.5	67.618	35.394	73.992	263.211
LT2	1090.625	1090.625	67.659	35.088	73.847	263.773
LT2	1090.75	1090.75	67.52	35.016	73.639	264.159
LT2	1090.875	1090.875	67.662	35.295	73.358	263.995
LT2	1091	1091	68.076	35.848	73.005	263.2
LT2	1091.125	1091.125	68.051	36.64	72.583	261.88
LT2	1091.25	1091.25	67.307	37.583	72.092	260.285
LT2	1091.375	1091.375	66.661	38.213	71.907	258.988
LT2	1091.5	1091.5	67.362	38.068	71.784	258.572
LT2	1091.625	1091.625	69.368	36.986	71.623	259.528
LT2	1091.75	1091.75	71.725	35.525	71.417	261.617
LT2	1091.875	1091.875	73.112	34.171	71.154	264.546
LT2	1092	1092	73.242	33.18	70.812	267.785
LT2	1092.125	1092.125	72.728	32.583	70.381	270.791
